,username,following,followers,totaltweets,retweetcount,retweeters
0,SadaaShree,288,2560,10619,3,"['docasom', 'chirusainikudu', 'mayank_tweets_']"
1,AmyKazmin,1006,20524,8625,599,"['Aakritty', 'BadmashJimmy', 'Simran_r', 'iampiyushvc', 'GhaziUnver', 'AbdulmalikSyed', 'Chote_mia', 'DS09111034', 'vijiology', 'SpartanHominine', 'dinipc', 'KJSingh12518759', 's_banchariya', 'chaiwala_motii', 'KarunaOnline', 'AurangAzadehind', 'que_razz']"
2,DessieAussie,161,443,11868,8,"['nylalsingh', 'r_pury', 'DayNobi', 'AdityaG2905', 'DharamPatel_79', 'iOmisOhm', 'GaikwadAnkur', 'BaawaliBaba']"
3,sanjukta,2258,43348,114615,17,"['AdvocateIndian', 'Jabberwocky4U', 'vishal_klc', 'javidshaikh89', 'BakBak2122', 'alamdar1961', 'UnknownKhiladi', 'Cardamo77920366', 'samanwaya_et', 'hearthacker41', 'surdeepbaid', 'VishuAdv', 'KiranPadmanabha', '18AKGOYAL', 'VijayanandINC', 'vikrantaa']"
4,HumorVala,4,0,13,0,[]
5,sankrant,1023,81092,75891,841,"['TruthCantHid', 'TheKafirTimes', 'Uday09792780', 'SKHUTWALKER', 'AnushreeTewari', 'PradzWorLd', 'baanaadi', 'LikeWaterMySon', 'amitkr12jan', 'HN_Global_Press', 'marwaditweeter', 'KuttsRaj', 'maneishc', 'KartikayMann', 'Matribhakt', 'bidesh_desh', 'vartika_14', 'amithattiholi', 'alpeshtwitting']"
6,sankrant,1023,81092,75891,65,"['TruthCantHid', 'MihirUj', 'HarishDhanyatha', 'deepaksnarky', 'arunsh171', 'Raksta2', 'abhijeet_kum', 'Ganga645', 'indian_data', 'terabaaapkabap', 'vks2911', 'BanarasibyBirth', 'namansh23516421', 'Navadeep_', 'akashkrshaw15', 'aagneya_rahul', 'shivakumar_rm', 'rahultr11020847', 'Sunder75265090']"
7,smitabarooah,305,47857,36811,189,"['ArvindT78662935', 'govindagopala', 'Kanchan09355780', 'awasth_amit', 'Rahul_Menon19', 'Ani_Majumdar07', 'SharmaM12415807', 'Anandmo42909576', 'NdSolanki', 'nmraval', 'bvrprasad', 'RobinKasana', 'Mrinmoy55326573', 'GaganOBhardwaj', 'shravankapoor1', 'kushwah_prakhar', 'pardeepramdas', 'vivekm6']"
8,smitabarooah,305,47857,36811,853,"['ArvindT78662935', 'govindagopala', 'itsgrapevine', 'Kanchan09355780', 'RakeshS46803555', 'MundaPahadKa', 'V_jaggi', 'ArunPra01638451', '05Chandan', 'malathik1129', 'Gobarbhakt69', 'ecominindia', 'sranjithreddy', 'Rana33346046', 'kailaje', 'kaminirupani', 'Fittey_muh']"
9,ssaratht,1446,624,14018,13,"['Dumbheades5', 'PogShe', 'pradsp', 'uma_sidd', 'vigyanAgrawal3', 'KhareManojkumar', 'Vibha77375517', 'sanatan_raksha', 'BharatPrem4', 'Raaj_Devarapu', 'crdodia', 'mishraamit26', 'ThunderGlobe']"
10,woko_haraam,37,904,2430,195,"['DeepikaPal', 'madhurlenka', 'TeluguHindu', 'AdipurushKiJai', 'ShilokumarMehta', 'brajesharma12', 'IbrahimKePapa', 'malpanyrk', 'manupatil5332', 'Panjanya3', 'SatenderSharmma', 'AshutoshPB11', 'rajesh447', 'Hrishi83706699', 'desh1st', 'Ira_medic', 'SivaRam18773016', 'akpamit87', 'Sri23Eri']"
11,RatanSharda55,325,78107,159222,82,"['cbirupatel', 'deepaksnarky', 'NITINJOSHI80', 'Vishwan86646827', 'Rana33346046', 'harvi_aurora', 'DrHarish139', 'indicrevivalist', 'GitaS2020', 'RahulKa71306268', 'spasan03', 'Ganga645', 'Pinkschandavar1', 'tweet2ssm', 'indian_data', 'Rsm46055521', 'vks2911', 'hang85out', 'RathodKh', 'PadmaSima']"
12,TruthCantHid,150,106,30000,1,['TruthCantHid']
13,kutta_bakchod,2916,1075,6270,15,"['Sahil00872799', 'Blessingashish1', 'south365', 'Pinkschandavar1', 'RameshBedi8', 'terabaaapkabap', 'Rsm46055521', 'Indrani64784609', 'namansh23516421', 'akashkrshaw15', 'Sarcasm61820404', 'SiddheshWagal', 'BapRafale', 'yadavajay02']"
14,SayyedE,107,65,634,0,[]
15,Karth1keyan,40,102,495,198,"['pankajv43701165', 'IArpitTiwari', 'Pradeep12k4', 'subhArt13', 'KshatriyaMonk', 'sachinaiml', 'arjunpawangeet', 'Ganga645', 'dhruv_874', 'YogeshPrem', 'raju27224878', 'Samanth86780160', 'AYUSHVISHWANAT1', 'Nishant20412995', 'sumit_saurav8', 'iamRahuldev3650', 'Sarcasm61820404', 'ShabazA37360245', 'kanojiya1999', 'KaifKhanalig1']"
16,Defence_360,3187,14425,38687,41,"['Raj4BJP', 'srinivasbala', 'Ashishgaur1234', 'swap_kamdi', 'Rama04814975', 'spanwar91', 'Vishal_banna_', 'SatyaAsur', 'BishnoiPars', 'khanna248', 'SamRupesh1', 'pravinsinh6666', 'RakeshS46803555', 'GO_CORONA_GO_1', 'humminglion', 'csri_india', 'Vishwaj30375895', 'RakeshHindu1990', 'BadmintonGeko']"
17,mmchinmay555,24,17,496,69,"['vikaskumardtu', 'tweetingsourav', 'jim_bheem', 'iyernbk', 'vks2911', 'sonimesh4u', 'MohdRag20073843', 'sandeepchamoli1', 'sanjaykharwar', 'KSparsh0001', 'VidesiBandhu', 'amanpatel86', 'Arpannnn', 'kaminirupani', 'thakurshubhu4', 'AmbrishDasari', 'TusharMitra786', 'cosmicblinker']"
18,maheshwarisr,17931,19629,27795,18,"['chetanrajchauh1', 'maheshwarisr', 'vasanthi9k', 'vikas1689', 'Ganga645', 'anil_a55', '1303karan', 'GIRIWARKUMAR5', 'DreamingNeha', 'Sunder75265090', 'kaminirupani', 'sonijkn2', 'cpmeena95', 'B_Elango', 'vish_lakhotiya', 'SeeTheAirBot', 'Rambir95056934', 'SakuraBTSUwU']"
19,Iam1Nationalist,562,428,94695,102,"['Shivraj15088168', 'SaffronSena1', 'AAdityaBharga20', 'Iam1Nationalist', 'south365', 'SahilYa96228930', 'Pinkschandavar1', 'indian_data', 'OogawayMaster', 'MananAwasthi8', '28sharma6', 'Rsm46055521', 'FromHerotoGOK', 'Jay56252645', 'Indrani64784609', 'RakeshS46803555', 'MIfansKarnataka', 'Hola_Humanity']"
20,d_lina2021,257,61,40,0,[]
21,MariaMCasey,2803,3196,65299,0,[]
22,SharmaKhemchand,6777,45516,28346,159,"['NareshJ32385278', 'KamlaJain18', 'Sonusonu0123', 'Soni_kudi1', 'RamjanYG', 'bhagwa_neelu', 'sanatanYG', 'RealThakurArjun', 'brand_abhiTPN', 'Yogeshgujjar5', 'avantika76842', 'reall_gopal', 'AghoriBhakt', '7Palaskar', 'rosly_sims', 'Kamal79948528', 'Ajaybhai9060', 'Saurabhji90', 'Himansh19677187', 'Shyamji90']"
23,NewIndianXpress,538,470868,655274,41,"['lakshmimanoj95', 'JogarishettarV', 'shine_azu', 'Priyans53355204', 'Gobarbhakt69', 'vigneshashired1', 'mokarramskh', 'FaizanA35788604', 'AmytKSingh', 'BidishaDeori', 'KKK43887505', 'NishantParulek2', 'Bhajanlalthaku1', 'Blaze63874834', 'MMalbari', '2AN3D', 'shuchayy', 'somen_poddar', 'Hope_1194']"
24,nrm17_lake,171,9,60,0,[]
25,mishras17,1275,159,7163,0,[]
26,BarnCosmos,7,18,2055,0,[]
27,BarnCosmos,7,18,2055,0,[]
28,RuchirPurohit,393,267,3369,0,[]
29,BarnCosmos,7,18,2055,0,[]
30,BarnCosmos,7,18,2055,0,[]
31,VinayakPande,410,1245,31600,7,"['SheriGreenwell', 'iabbykhokhar', 'heyhanshul', 'MaliniPittet', 'kakulprasher', 'kevin24davy', 'davidbodapati']"
32,BarnCosmos,7,18,2055,0,[]
33,Sataniserrr,47,40,311,229,"['ashlok__adarsh', 'Jay56252645', 'mehtaa05', 'Himansh92312116', 'Samanth86780160', 'akashkrshaw15', 'Sarcasm61820404', '197826FinOz', 'VISHWPIRYA93', 'namansh23516421', 'Vivek17697341', 'Jayraj2727', 'Rahul_Menon19', 'VastriNayan', 'Harsh9Gupta', 'TusharMitra786', 'Devansh50835761', 'Raj77859883', 'HarshKushwaha9']"
34,BarnCosmos,7,18,2055,0,[]
35,BarnCosmos,7,18,2055,0,[]
36,priyalisur,1927,6632,4181,7,"['dsouzamignonne', 'dakshinat', 'sallomani', 'KamranA76704597', 'BabuLohar123', 'Aamirsouba', 'mumbaiactor_']"
37,DakshKhandelwa5,16,3,19,2,"['nAZbSXveVUbOGjB', 'TheHindusUnity']"
38,Dipschaturvedi,910,107,4573,0,[]
39,TribalArmy,2985,117445,1784,164,"['ShailaMenezes1', 'ea2c777a5a88430', 'Shreya69307405', 'Shailes933418', 'AnshuSi04347229', 'SdLalita1', 'Chetan_BOI', 'Ranjank85422696', 'yash_agra1', 'amnnzzz1', 'NuzhatGazala', 'Rashmi2405', 'MissNatasha1000', 'alvares_shefali', 'Narendr82228896', 'SharmaJ97284048', 'rakesh31046324', 'BarshaBodra', 'RavishMukund', 'secularakki']"
40,khal_Nayak_007,185,196,365,5,"['Sudhirs88891680', 'Vladimi58120033', 'Sukhbir37186800', 'AshwStar90']"
41,Goldenblaze7,2,2,4,0,[]
42,Truthist_The,435,5110,969,205,"['mohanmmr', 'RazThp', 'aryan_leo007007', 'Kripasabha', 'Akand_Bharth', 'sans10x', 'mrsahoo', 'PrimeSentient', 'aaro0sh', 'YogindramKotta2', 'gourab_h7', 'Rajiv15473704', 'AndyfromBharat', 'SushilGsl', 'vijayarx', 'BoiledBrownRice', 'krishnpria', 'DrRakeshCG', 'GowthamMandava', 'thearpitspeya']"
43,GajrajS47967392,96,23,525,0,[]
44,sagarikaghose,681,4175264,41494,148,"['Hemanth13768048', 'alvares_shefali', 'ea2c777a5a88430', 'iftek', 'Balaindrajith', '4charactersless', 'rabiiik527', 'Affan82419934', 'anilgoswami_orn', 'harleenminocha', 'uzmairam', 's_karkala', 'job_anbalagan', 'SalmanK98264921', 'alam_nuri', 'HappaNarinder', 'thinkingThrice']"
45,AnneWal59958776,215,90,139,0,[]
46,NigarNawab,140,24063,12811,32,"['alvares_shefali', 'secularakki', 'Krish_12a', 'MohdRag20073843', 'Gobarbhakt69', 'ashishm56487860', 'JavedSa69999693', 'MMalbari', '_darktemptation', 'Pradeepisnow2', 'Ahadpathan0786', 'aslam_balim', 'GoSudddd', 'jumlabaaz1', 'AkshatM24590258', 'milinbariya', 'rvn1304', 'Shriyanshtiwari']"
47,buzzingtales,119,1004,2631,0,[]
48,GeetaMadhavan,516,2194,6567,2,"['CommmonMan12', 'rsvas2']"
49,AmarjyotiGohai2,151,64,588,0,[]
50,RupsaChak,850,3480,6424,11,"['Nupur84821104', 'prakash08905486', 'BabuAnda', 'MalathyIyerTOI', 'asharmeet02', 'Pushpak0084', 'ksubu59', 'kirankmr016', 'piya1007']"
51,SanjoyRoyTWA,855,8279,56983,2,"['artistkoushik', 'IcwaiV']"
52,paramendramohan,214,320,3956,1,['reddevil_v']
53,sankrant,1023,81092,75891,27,"['deepaksnarky', 'rahultr11020847', 'iamVKN96', 'X7X4X7', 'RajivChandran1', 'pkanthi', 'RDAKSHINA', 'Chinmayadasa', 'namo1700', 'JaiNainaDevi', 'parthasa', 'AamadmiGs', 'PuravaPakash', 'sanjaymshra', 'RomeshNadir', 'MkMukeshmook', 'priyasarasijan', 'vix1x3', 'rawkgbcia', 'Rishikumar2017']"
54,Lotus2021,158,818,35307,0,[]
55,Vivek96500094,16,0,39,1,['reddevil_v']
56,DMangaloree,1341,1385,24294,23,"['Sony_2023', 'Gobarbhakt69', 'PoovappaMoolya1', 'Nirmala89884860', 'HemaManju7', 'Ravalanath', 'Roopash91341391', 'Nagesh2023', 'PoornimaBhat15', 'Yogeshp342', 'MeenakshiBeleri', 'Prabhak41657341', 'VinayaBhat15', 'CRYPTOOFFICIAL6', 'Krishnavallabhi', 'Ramyavinayaka', '1420kunal', 'prabhu_manasa', 'DayanandaDkn', 'CMangaloree']"
57,Hardik58708952,36,9,1487,161,"['SaffronSena1', 'BoiledBrownRice', 'ArunKum59522164', 'Ashish86810766', 'rashtrawadi108', 'minupuri_r', 'OogawayMaster', 'KarishmaSingh_', 'MananAwasthi8', 'kamlesh9468', 'Rsm46055521', 'Jay56252645', 'Karma61058368', 'CKC09353167', 'RakeshS46803555', 'LalitGaming7', 'Samanth86780160', 'Hola_Humanity']"
58,RajeshG12374567,21,1,251,0,[]
59,Umeshcjoshi,144,144,6150,0,[]
60,twitmaverick,425,201,2936,0,[]
61,Tyagi_bhaia_ji,29,33,229,2,"['Truthnndare', 'InderpalShivam']"
62,StarDindayal,383,125,3975,0,[]
63,Saliltoday,2141,14080,194774,21,"['shailendra1212', 'TRILOKHNATH', 'Virbihar1', 'AndheyHindu', 'CHOPS1955', 'BabbarKamal', 'atlantesindia', 'aniltiwari7273', 'RomeshNadir', '56perumal', 'srinivasan60006', 'sowmiyasid', 'AmiSri', 'kailashkaushik8', 'RG_TheOtherOne', 'peepal59', 'manishdce86', 'aks_bhadauria', 'sidharthgauni']"
64,BarnCosmos,7,18,2055,0,[]
65,OmTat_Sat,522,657,13713,0,[]
66,satyastp_satya,2134,3334,23985,1,['ksvkuppu']
67,BarnCosmos,7,18,2055,0,[]
68,rinisimonkhanna,132,240,897,0,[]
69,Arvind_Maurya79,361,200,13257,1,['Arvind_Maurya79']
70,hariegomoji,1203,507,10435,13,"['kartikeyaBhakt', 'sujacbe', 'urbanrural1', 'kanishtaputra', 'naikrakesh', 'vrschikaa', '5thSuman', 'moolya_global', 'srinivas986', 'epicfighter007', 'iArmyKaFan', 'shanky7501', 'UshaNirmala']"
71,IamAjaySehrawat,2692,18930,8826,54,"['Gupta_suk', 'Ranajiaarav', 'Hindustanisevak', 'pavan_mishra84', 'shub1925', 'rana1_raj', 'DKChouhanRJ', 'ExLibrandoo', 'maukamauka24', 'Rituvva', 'pramod8_2003', 'Krishna77676210', 'rishu191208', 'Mischkumom', 'dayalsystemmzn', 'marveladdictx', 'RajputShrjal', 'sanghibanker', 'amittomar_1', 'thenameisvish95']"
72,Basappamv,268,989,2772,0,['BadrinathSimha']
73,MaheshJagga,608,4327,60266,178,"['SitanshuDesai', 'Ashtweet13', 'dhruv_874', 'vks2911', 'Raosahab23', 'AdityaS27971096', 'PPFOA', 'ExLibrandoo', 'SMuraly', 'Varun_k_Tyagi', 'kinerathuk435', '7SadaShiv', 'being_sane_', 'thakurshubhu4', 'TusharMitra786', 'nokesh1402', 'funnymanners', 'niraj9490', 'NamasteGee']"
74,sanjeevchadha8,663,2140,241732,0,[]
75,IndiaAheadNews,162,25711,63460,0,[]
76,gankitca,4436,6910,45551,9,"['rajivnayan7', 'MrPuri12', 'shonki141', 'SardaarBharath', 'AbhayPa56326951', 'cagankit', 'gseemabsp', 'vijayGu76739457', 'gankitca']"
77,Menenners,259,427,4671,1,['chandnimathur5']
78,immortalsoulin,7424,10523,23831,58,"['AmanJai82772544', 'JaiRam74269676', 'OrangSmileJoker', 'VISHWPIRYA93', 'RJKASHYAP16', 'Rover0047', 'harshkayalyt', 'dhar_sharad', 'hcsreddy1102', 'bhisheksingh01', 'SharmaM12415807', 'tripathyrbraj1', 'ItsHst1', 'XXXXXXXXX000008', 'shubhraj9999', 'ansul_005', 'r1ksharma97', '172263bff5c8473', 'Rohitku73917971', 'Aman05396315']"
79,mrskhural,21,3,15,0,[]
80,SansaniReporTur,1393,353,4198,1,['WTF_1234567890a']
81,BhattHari,232,171,2105,44,"['DineshSorathiy4', '1okesh111', 'UJJWALP17460874', 'ShanuKumarMaht1', 'sudhanshu876', 'KSparsh0001', 'AshishR62185725', 'rohitram52', 'namansh23516421', 'UdayRaj90284075', 'Manish74627145', 'kamal90311', 'Sandesh60786938', 'Brandon22197376', 'SoniaJaveri', 'Ab62157812', 'SunnyTi38470691', 'real_banarsi', 'Red3Arunish']"
82,topblogger1,360,449,63919,0,[]
83,JohriSheel,920,884,7728,2,"['IChhawchhari', 'Laxmi69400161']"
84,imahajansahil,931,256,358,0,[]
85,IndiaAheadNews,162,25711,63460,1,['anilriverbanks1']
86,junglijalebi,4980,838,18720,0,[]
87,mukesh_halari,615,163,4068,9,"['Tarun33864349', 'kartik3637', 'dkamat538', 'Snju20', 'nimeshchandra', 'Vikasmantoo', 'ShriRamJayam', 'SUMiT2042137293', 'wdamidoinhere']"
88,RatanSharda55,325,78107,159222,20,"['skiyer77', 'NITINJOSHI80', 'spasan03', 'AvinashKS14', 'BJ__2001', 'Harish_Baratham', 'amitsanatan', 'ssslaria67', 'Bharath03123604', 'ashishapathak', 'satish_85', 'BharathiKi', 'sumiitsharma', 'padmabrij', 'freeindic', 'vijayshelar', 'vinaydayal', 'vaibhavrnssp', 'AnilKum09873485', 'Rohit57467698']"
89,GiridharMamidi,791,1697,17400,9,"['satpalsetia54', 'Gopalakrishna', 'BajirajKiran', 'chandra013', 'Smtank2', 'hang85out', 'rajashekarar', 'NarkedimilliSai', 'deepaprakash']"
90,SamparkRaj1,1323,263,85911,0,[]
91,Utkarsh86552765,11,1,20,0,[]
92,deepalisriv,720,727,3588,2,"['ugiboogie2', 'mmvp2005']"
93,ModiBharosa,5760,63946,112656,24,"['WazidHussain91', 'BoiledBrownRice', 'vks2911', 'being_penman', 'Tweetrajput', 'semu07', 'Arvind_Maurya79', 'kumar_akash1011', 'akhir_hussain', 'giriraj_jonwal', 'i_am_rash_', 'chintan2zarola', 'boog257', 'naveen_kumar359', 'YiAOrg', 'VickySi66418685', 'dhthakur745']"
94,mariawirth1,921,115243,30114,99,"['DramebaazCYa', 'EyesOfDesire', 'Pulippaani', 'radshy64', 'PratMangal', 'New08782094', 'saxenaa14', 'VijayKPal1', 'satishg81348910', 'mayur_bhammar', 'ArjunKamalesh', 'jbsaswini', 'bnsidh1', 'AmiBharatiya', 'Nehari_1', 'bikash_shaw605', 'rbatra01', 'bondsatyam', 'jangra_somya']"
95,Prashan46360586,58,3,174,0,[]
96,ajeetweets,473,1001,11521,0,[]
97,JS_Raghuvanshi,87,144,1457,0,[]
98,pnpurandare,87,28,1105,0,[]
99,PSGICemployee,188,157,1266,1,['NitinRa5553']
100,Akashgu65707013,3651,1053,1333,49,"['DharmHindustan1', 'Abhishe07601128', 'JugalKi13946449', 'SahooRaki', 'smaraki_77', 'Ganga645', 'monu_m85', 'ArunKum59522164', 'MukeshK81919044', 'ShrikantBabaSJM', 'SachinK31720549', 'Rsm46055521', 'Indrani64784609', 'raj47601742', 'tiwaris68', 'RakeshS46803555', 'vks2911', 'terminator_1992']"
101,BurmeeM,130,105,1894,0,[]
102,DattatrayZ,29,33,962,0,[]
103,TimesNow,378,10109242,734313,537,"['ItsVivekNag1', 'Atirahcus', 'chankjai', 'Bhamsa29346756', 'MananAwasthi8', 'TheRoshniAli', 'nirbhaykjha', 'vks2911', 'Prasoonroxtar', 'sandeepchamoli1', 'Sarcasm61820404', 'Justatraveller3', 'Aryanverma7062', 'YuvrajG70867962', 'narendernegi11', 'JOverloaded', 'Rahul_Menon19', 'ilangoadmin']"
104,Tithi_Mishra,383,3348,42247,4,"['Deepali14610468', 'GarvPe', 'Pratyangira1', 'srinivaks']"
105,shekhar41,764,1536,1579,0,[]
106,sri_nvs,24,1,471,0,[]
107,sri_nvs,24,1,471,0,[]
108,Basappamv,268,989,2772,0,[]
109,chef_sathya,336,21,378,0,[]
110,TheRoshniAli,405,644,3552,0,[]
111,sri_nvs,24,1,471,0,[]
112,SaffronSanjeev,1048,3499,5495,12,"['SahooRaki', 'IconicVk', 'Ahirhiren999', 'deepans07199032', 'tare_shubham', 'NimaniSuyash', 'JeanFranoisCha8', 'SujeetSaini10', 'Maha_Bharat', 'Diya_Hindustani', 'itsSSRvibes', 'RiddhiTweets_']"
113,heyloAmit,372,1055,18546,4,"['SahooRaki', 'yogeshmbm', 'monu_m85']"
114,Sataniserrr,47,40,311,64,"['MaheshDange14', 'RameshBedi8', 'RohitUK_08', 'Samanth86780160', 'akashkrshaw15', 'VISHWPIRYA93', 'S0606Bharat', 'namansh23516421', 'Kshitiz06865394', 'MarvalAbhi', 'TusharMitra786', 'Devansh50835761', 'Raj77859883', 'etalior', 'harshkayalyt', 'dhar_sharad', 'PrinCeA23203367', 'masarwala', 'Krish_9931', 'Anwardcullen']"
115,Sukhoi120,78,55,5799,0,[]
116,the_swamyji,787,183,5294,0,[]
117,baxishweta,802,1867,37882,1,['vaaniverse']
118,hriyer76,582,186,4701,0,[]
119,Ravalanath,4974,4332,21961,21,"['SriCharana23', 'netra_sajjan', 'Tejashw91891876', 'PoornimaBhat15', 'DMangaloree', 'HemaManju7', 'VinayaBhat15', 'uday849', '_Itmatters2020', 'RadheRa13719273', 'Rushike74413865', 'bhakti256', 'Prabhak41657341', 'fhkvvnk', 'PoovappaMoolya1', 'akallaje1997', 'skumarnee', 'Padma48199113', 'DSDeshpande3']"
120,sumantbanerji,1047,2159,8126,4,"['Kuldeep_Vij', 'serfrider', 'BertrandGDsouza', 'AmitPan74381270']"
121,harleenminocha,991,503,6687,0,[]
122,true_Indiann,1040,0,768,0,[]
123,JThesma,935,620,36378,1,['anavrittim']
124,amitwip,6700,8057,40516,7,"['pkmsanatani222', 'bharat_vijeta', 'ShankhNaad_1', 'santoshsatyam22', 'shriparv', 'Deepesh42276083', 'AkshatAksh7']"
125,gokulhorasholai,301,104,316,0,[]
126,PikeWala,270,104,3149,1,['thoongumoonji1']
127,Jaishan16531737,391,115,8078,0,[]
128,yash_agra1,1732,556,10987,1,['yash_agra1']
129,1MQubits,19,299,84,0,[]
130,muskanbhatia_,176,27,131,0,[]
131,Abhi_Hansolo,543,232,6107,0,[]
132,browngirlvin,760,1275,14891,196,"['Acharya280702', 'rinkuyadav11', 'gunjansinhaadv', 'JyalaPawan', 'Ganga645', 'rashtrawadi108', 'kamlesh9468', 'Rsm46055521', 'FromHerotoGOK', 'CKC09353167', 'Samanth86780160', 'Hola_Humanity', 'ammy98558', 'ShwetaKathuria1', 'SamRupesh1', 'Proudly34090277', 'Dontclashwithme', 'Ajithuchil1', '5thSu']"
133,Kourb5911,304,586,10806,7,"['jeet_chd', 'Bhupind86723444', 'irfanirfan035', 'SeeTheAirBot', 'HINDUSANSKRITI3', 'sucha_brarr']"
134,arvind_69,716,227,10845,0,[]
135,thecoverage_in,23,102,318,0,[]
136,notacoolgurl,248,23,1253,1,['HelperStream']
137,itshumanist,434,392,11395,0,[]
138,mridulasahay,1217,344,733,0,[]
139,maheshwarisr,17931,19629,27795,7,"['Ramtarak15', 'vikas1689', 'anil_a55', 'maheshwarisr', 'Sunder75265090', 'sonijkn2', 'Ashwatthama_D']"
140,Sibtainrazajami,176,269,13256,0,[]
141,satbirbhatia55,587,778,25912,0,[]
142,TMLonT,161,3,104,0,[]
143,kagazipehalwan,187,207,66352,0,[]
144,asunaina,425,1713,10903,0,[]
145,_spikeguard_,3262,1085,125143,0,[]
146,Kanishka4Kushan,2078,1085,8610,0,[]
147,KrishneGowda22,746,70,5335,0,[]
148,DMangaloree,1341,1385,24294,23,"['Roopash91341391', 'Utpal24378053', 'PoovappaMoolya1', 'SriCharana23', 'av_adh', 'Nirmala89884860', 'SaheelBobde', 'HemaManju7', 'Ravalanath', 'Nagesh2023', 'PoornimaBhat15', 'Padma48199113', 'Prabhak41657341', 'VinayaBhat15', 'Krishnavallabhi', 'Ramyavinayaka', '1420kunal', 'prabhu_manasa', 'DayanandaDkn']"
149,sunjay_dr,175,103,4786,0,[]
150,ramindesai,602,6389,2898,11,"['SachaHindustha1', 'Ganga645', 'srinivas986', 'shajikrishnan', 'NilanjanS', 'vandematrebhumi', 'Meenakshi009002', 'genoffelix', 'rambo56089743', 'PreetamShetty23', 'hibh1980']"
151,SadaaShree,288,2559,10619,6,"['shiva_25993', 'shivakumar_rm', 'harishchidiri', 'chirusainikudu', 'n4india1']"
152,AniketM08198268,15,4,735,0,[]
153,apurvmehra,281,121,126,0,[]
154,nishantwords,8,5,15,0,[]
155,BarnCosmos,7,18,2055,1,['Iam1Nationalist']
156,Raajeev_Chopra,560,5357,36704,1,['Atul_Bhatia80']
157,DebjitDSpeaks,227,302,3747,92,"['TathagatoSarka2', 'Bhamsa29346756', 'vks2911', 'RakeshS46803555', 'Samanth86780160', 'S12sci', 'SudhanshuKawad7', 'akashkrshaw15', 'OrangSmileJoker', 'ra20756731', 'Sarcasm61820404', 'Aryanverma7062', 'ExLibrandoo', 'Adarsh50964083', 'Priya_pathak0', 'KSparsh0001', 'Ajhiteshi', 'PsyQid']"
158,gamerboysk,68,38,230,1,['amaramshiva1']
159,nuke_amar,255,36,5060,3,"['LaCroqueta05', 'kejriwal_fc', 'adgdhdh11']"
160,tweetrut,266,147,4024,31,"['TathagatoSarka2', 'BoiledBrownRice', 'SahilYa96228930', 'Pinkschandavar1', 'secularakki', 'AlokSenGupta15', 'seaofcloud09', 'terabaaapkabap', 'mehtaa05', 'RakeshS46803555', 'abhishekdanger1', 'OrangSmileJoker', 'tiwariji1508_', '9K0P7ufRM4kZJgF', 'Darshan0000011', 'Priya_pathak0', 'namansh23516421', 'kanishkbakshi4', '40Naughtyboy', 'harshkayalyt']"
161,Abhishek_pras,2,2,202,0,[]
162,DRAJESHJ,571,141,28792,0,[]
163,AadhySanatani,6498,7379,15651,59,"['Ganga645', 'AjayKas15848273', 'ANKUSHA62530903', 'Arvind_Maurya79', 'shubhraj9999', 'ShriveeraSondur', 'riteshzed', 'AnasuyaRani', 'amanjai79472997', 'YiAOrg', 'MurudkarVikram', 'binugazi', 'PrabhuMishra00', 'veersavarkar19', 'JoinBabu', 'GhoshlyaLal', 'PakauRathore', 'surajjha958', 'NaikAalok']"
164,Jyoti78329177,299,18,441,65,"['Ganga645', 'vks2911', 'DrPoojaBisht', 'Sarcasm61820404', 'ExLibrandoo', 'namansh23516421', 'Kshitiz06865394', 'bruce_1525', 'nottosay5', 'TusharMitra786', 'tusharshah2100', 'Devansh50835761', 'etalior', 'taethrob95', 'harshkayalyt', 'BlueFal51873027', 'masarwala', 'Jitendra197488', 'SharmaM12415807', 'ItsHst1']"
165,Antonyminehai,11,4,242,8,"['007hyno', 'Keshav_rander26', 'RealShubhamsg', 'SiddheshWagal', 'MohitMk10223266', 'm40808326', 'YiAOrg', 'Prabhak48457719']"
166,sway_hi,2316,6187,236024,3,"['Dhriyamana', 'sway_hi', '5thSuman']"
167,_Ashu7,69,25,3761,0,[]
168,vjnam,907,501,87108,1,['Dhriyamana']
169,cosmicmatter1,604,83,13462,0,[]
170,OfficialNkgiri,16,10,309,94,"['SahilYa96228930', 'ajitkumarbehe12', 'SumanMo11010184', 'JujutsuPizza', 'RameshBedi8', 'Jay56252645', 'SamRupesh1', 'vks2911', 'RakeshS46803555', 'Samanth86780160', 'Fi84ri8', '5thSu', 'akashkrshaw15', 'Sarcasm61820404', 'Aryanverma7062', 'RealShubhamsg', 'Tarun_920533', 'tusharshah2100']"
171,surendraRKS,159,11,1300,0,[]
172,BarnCosmos,7,18,2055,1,['Iam1Nationalist']
173,kashir,113,67,4993,0,[]
174,vschanna,133,4033,118809,15,"['Jammu4India', 'Ultrarockyy', 'Mv999999', 'SathyaVachanam', 'iyeranon', 'MrRao_RB', 'C0Bron', 'Keshav7729', 'prarabdha_', 'hdydiednnd', 'Avinash54281217', 'vijay750']"
175,Swatantramag,7,10332,1676,63,"['Swastika_Di', 'SMuraly', 'rana20_susheel', 'MacaulaysMonkey', 'indrapraharana', 'Abhishe49826282', 'Ranchirock', 'PPStwts', 'indabhi', 'bennedose', 'Advait0123', 'sujacbe', 'Vadhei', 'i31p1n', 'Gurush_', 'randurandhar', 'VinayakNair2001', '7BiswajitMishra']"
176,KapilMishrra,828,598,100,2,"['prevaildatruth', 'KapilMishrra']"
177,panky101,395,175,22580,17,"['SahilYa96228930', 'ArunKum59522164', 'Pinkschandavar1', 'MananAwasthi8', 'TheRoshniAli', 'Rsm46055521', 'Utkarsh90334215', 'SHVDPrasadReddy', 'DakshBh33875739', 'Samanth86780160', 'namansh23516421', 'Yashraj00939684', 'MohdRag20073843', '9K0P7ufRM4kZJgF', 'amanjai79472997', 'YiAOrg']"
178,Truthist_The,435,5110,969,18,"['RazThp', 'Akand_Bharth', 'mrsahoo', 'liberalharyanvi', 'Rajiv15473704', 'AndyfromBharat', 'BoiledBrownRice', 'krishnpria', 'GowthamMandava', 'preddyc33', 'Babloop1970', 'SaintOrSinner30', 'YourTimeUp_IPS', 'vshank16', 'redxmond', 'OneHeart_1234']"
179,Priyans58361712,21,2,18,10,"['dhruv_874', 'RakeshS46803555', 'SMuraly', 'ravi_sharma_in', 'ssnegi72', 'Rohit57467698', 'bharatsingh526', 'LoveInd88460844', 'Adhikary_Saswat']"
180,WaterMitty,269,142,7404,3,"['bs_hariharan3', 'sowmiyasid', 'calacrownblithe']"
181,HinduUrjaa,247,408,6759,1,['SweetCookiesme']
182,v_manisha,280,225,16189,0,[]
183,Manoz23912833,60,67,1757,3,"['VarunMi9169870', 'Manoz23912833']"
184,iamHammadNasir,519,148,2093,0,[]
185,PikeWala,270,104,3149,0,[]
186,ShadowPMOIndia,885,444,9695,1,['User9Tw']
187,urvashikhona,1954,2544,9444,0,[]
188,Prince11731580,31,6,270,0,[]
189,Manju39674242,13,0,132,0,[]
190,HerbalHand,62,18,106,0,[]
191,Duke00000002,113,111,620,0,[]
192,ruksarparwani,175,114,1269,0,[]
193,heroicumar,448,126,970,0,[]
194,Basappamv,268,989,2772,0,[]
195,Deepakk77263272,22,2,99,0,[]
196,M42809727,273,80,295,3,"['SourajSp', 'joker01532538', 'RishsbK']"
197,DrPoona65789104,116,207,3825,7,"['RameshBedi8', 'SapnaCh91534893', 'kaviyarani1', 'yadav4priya', 'ClubCricket2021', 'jamidarkachora', 'JaiRajp02741035']"
198,maryashakil,806,179181,19494,2,"['Krishna29095061', 'Praveenbadola3']"
199,adite,4749,5712,29013,0,[]
200,JaiRajp02741035,198,182,5189,6,"['ClubCricket2021', 'SapnaCh91534893', 'yadav4priya', 'FansclubDisha', 'DrPoona65789104', 'kaviyarani1']"
201,drdeepak1382,2953,3903,49799,115,"['Jay56252645', 'namansh23516421', '5thSu', 'akashkrshaw15', 'Gobarbhakt69', 'Sarcasm61820404', 'Ajeya108', 'Bhushan68247601', 'S0606Bharat', 'KSparsh0001', 'kanishkbakshi4', 'nottosay5', 'WernerLegend', 'aryanbagade07', 'TusharMitra786', 'Devansh50835761', 'HarshKushwaha9', 'Raj77859883', 'Lovely72159408']"
202,Virgo_tired,86,13,6175,1,['Indrani64784609']
203,vjnam,907,501,87108,1,['VarshaThacker']
204,MaheshS11017445,111,7,2255,5,"['Indrani64784609', 'CKC09353167', 'ShivamS58863217', 'tusharshah2100']"
205,Amanpreet_AAP,275,101,2027,3,"['definition09', 'Eshansinha15', 'Anonymo84254297']"
206,MishraJi_01,1845,1561,11121,0,[]
207,IndiaToday,246,5837353,944094,4,"['VKSINGH16902298', 'pswalia1', 'ypstomer', 'IndiaTodayFLASH']"
208,Sundari_tweets,261,462,1899,91,"['007hyno', 'Jay56252645', 'SamRupesh1', 'vks2911', 'Prasoonroxtar', 'ExLibrandoo', 'TusharMitra786', 'etalior', 'cksaheb', 'Ajay008Rawat', 'SharmaM12415807', 'akashkr062', 'Divyansh_Dubae', 'Chetna38233558', 'ShreeacharyaM', 'Nkallur2', 'Dev05451050', 'shubhraj9999', 'SatishK46936606']"
209,TheRoshniAli,405,644,3552,0,[]
210,AninBanerjee,903,8364,45778,893,"['LoveInd88460844', 'vks2911', 'TusharMitra786', 'SharmaM12415807', 'shubhraj9999', 'Rohit57467698', 'RohitBa41065187', 'DHANANJ40124032', 'sanskariravan69', 'guunja12', 'Yogeshp342', 'DOEPOLKHOL', 'Abhishe49826282', 'hardik_naikade', 'Anshu40849510', 'ravirajbatsh11', '172263bff5c8473', 'terabaaapkabap', 'LordKolli', 'MinerwaU']"
211,criticismmemes,63,5,111,0,[]
212,ak_glg06,430,693,4376,51,"['BisargaOnline', 'LoveInd88460844', 'Sarcasm61820404', 'SMuraly', 'YuvrajG70867962', 'Rishi81412', 'Neelparmar11070', 'tusharshah2100', 'TusharMitra786', 'ImGulshangaurav', '_AbhiRathore', 'etalior', 'RameshBedi8', 'JayeshJgtp', 'shubhraj9999', 'ssnegi72', 'amanjai79472997', 'Prakash37890548', 'Rohit57467698', 'KINGKOHLISTAN0']"
213,MishraJi_01,1845,1560,11121,0,[]
214,FakeIPLnewz,395,2,124,50,"['vks2911', 'Samanth86780160', 'AdityaS27971096', 'kodaidream', 'kanishkbakshi4', 'kaminirupani', 'APOfficial4', 'sandywaves07', 'InderBang', 'tusharshah2100', 'etalior', 'AyushJh11019192', 'VBhardwaj4444', 'Animesh_Daga', 'Aparna_Raaj', 'sacsubr', '4dityavaid', 'gitaprian', 'JaiRam86960323', 'NT12380038']"
215,NCAPTracker,411,452,2496,11,"['OdishaCycling', 'eco_marci', 'MidhiliR', 'MarishaThakur', 'EPIC_India', 'SanerDenizen', 'Warriormomsin', 'Vinamrata24', 'JeremiahG23', 'nicolejuneja', 'LetMeBreathe_In']"
216,rupak3690,464,34,1141,33,"['vks2911', 'Sarcasm61820404', 'harshkayalyt', 'VikashT06900620', 'masarwala', 'SharmaM12415807', 'ItsHst1', 'thepreetmahant', 'JayeshJgtp', 'Arvind_Maurya79', 'shubhraj9999', '172263bff5c8473', 'GitteAniket', 'HellsKi27653645', 'AmanSha12023745', 'surajjha958', 'swamydada1006', 'RohitBa41065187', 'Hindu03048942']"
217,Kaushikbhai_15,327,49,1673,46,"['vks2911', 'MkVishruth', 'ExLibrandoo', 'S0606Bharat', 'Rishi81412', 'tusharshah2100', 'Saikris31256641', 'SantaniPrashemi', 'Rover0047', 'SharmaM12415807', 'Arvind_Maurya79', 'shubhraj9999', 'SatishK46936606', 'Rohit57467698', 'SashaKumar14', 'YiAOrg', 'Saliltoday', 'PrabhuMishra00', 'bharatsingh526']"
218,KhSh97808468,7,130,742,51,"['SamRupesh1', 'vks2911', 'Arpitsahni7', 'AdityaP44094595', 'Vaibhav01554897', 'HarshKushwaha9', 'SHASHWA80955492', 'nkgaur24', 'Bhajanlalthaku1', 'XXXXXXXXX000008', 'shubhraj9999', 'newschatTM', '172263bff5c8473', 'ssnegi72', 'sanjayizarhi', 'YiAOrg', 'KINGKOHLISTAN0', 'Himansh49179427']"
219,rebelsatire,42,26,1432,69,"['vks2911', 'Yashraj00939684', 'ExLibrandoo', 'VISHWPIRYA93', 'SiddheshWagal', 'KSparsh0001', 'ankit1692', 'AmitSroy48773', 'TusharMitra786', 'Prasadwakte', 'taethrob95', 'harshkayalyt', 'EKNaikbanda', 'cksaheb', 'masarwala', 'Jitendra197488', 'WassupSunshine', 'SharmaM12415807', 'Krish_9931', 'Anandmo42909576']"
220,darklordkk,456,225,37864,0,[]
221,RealDrAbhishek,727,305,2017,3,"['AmitSroy48773', 'VandanaC20', 'Ishan65658904']"
222,Unite_Indians,455,478,3169,1,['vikramsinghtw']
223,bhu898,118,90,489,0,[]
224,harishchidiri,328,101,6686,0,[]
225,AmiSri,591,19565,205681,14,"['aniltiwari7273', 'akashjbhatia', 'VijayWriter', 'RJ_Sona_', 'Piyush_v09', 'PradeepBestie', '1__________l1l', 'AshishJaggi_1', 'krishnpria', 'urwithnirmal', 'conscio_']"
226,bangdacurry,91,57,22627,0,[]
227,jamidarkachora,870,255,5386,8,"['SapnaCh91534893', 'FansclubDisha', 'DrPoona65789104', 'kaviyarani1', 'Searcher_Bharat', 'JaiRajp02741035', 'yadav4priya', 'ClubCricket2021']"
228,kaviyarani1,286,279,3788,7,"['SapnaCh91534893', 'FansclubDisha', 'DrPoona65789104', 'JaiRajp02741035', 'yadav4priya', 'ClubCricket2021', 'jamidarkachora']"
229,vishnuguptuvach,864,3849,51871,2,"['suttonwala', 'impankajsen']"
230,jamidarkachora,870,255,5386,7,"['SapnaCh91534893', 'FansclubDisha', 'DrPoona65789104', 'kaviyarani1', 'JaiRajp02741035', 'yadav4priya', 'ClubCricket2021']"
231,ShriProfessorJI,0,0,13,0,[]
232,BannyJohn2,558,265,2669,0,[]
233,Amit_Photowalla,394,420,3581,2,"['RupsaChak', 'tallstories']"
234,tgifuriouspanda,341,43,1460,8,"['vks2911', 'Sarcasm61820404', 'Arvind_Maurya79', 'Krishan19702701', 'YiAOrg', 'Harsh69260912', 'GhoshlyaLal', 'Shivank26144456']"
235,Deepakdkarelia,6666,6061,43135,2,"['BhakthLokesh', 'deepakdkokha']"
236,Hindusthani_1,149,230,1331,3,"['SHVDPrasadReddy', 'anuragvbajaj', 'Ashwatthama_D']"
237,VinayS48949288,24,0,3,0,[]
238,UpenSingh_,507,159,2499,1,['chaitanyajoshi']
239,Bhupii_R_B,19,26,175,2,"['RakeshS46803555', 'Bhupii_R_B']"
240,MukeshD_1729,116,250,5306,12,"['Samanth86780160', 'We_purpleyou3', 'S65535259Sharma', 'joker01532538', 'IamYB10', 'ArihantBhura1', 'Indrani64784609', 'SagarPa49273488', 'TasKrsna', 'suhas_g_k', 'KartikMiaSanMia', 'Simhabala']"
241,Pandeji,44,18,707,0,[]
242,iammspatil,948,58,1034,2,"['Samanth86780160', 'Rohit57467698']"
243,AmiSri,591,19565,205681,33,"['Samanth86780160', 'm40808326', 'ssnegi72', 'skshivamk1998', 'YiAOrg', 'Vaikhuntavasi', 'ShailendraDudey', 'vineet_24', 'investogrow', 'kalisbrood', 'anudita_singh', 'NordicKing47', 'sanghavideepa', 'justtapasya', 'igopik', 'kpatel2008', 'Ganga645', 'nareshvenusint', 'AmiSri', 'lnair123']"
244,akashgiri30,280,117,368,3,"['Samanth86780160', 'jdayahans', 'Ramtarak15']"
245,sudiguru,620,348,6620,2,"['Samanth86780160', 'Ajayk333']"
246,dilbag_koundal,4999,3087,29618,1,['Samanth86780160']
247,Pandeji,44,18,707,0,[]
248,BesuraTaansane,1111,41547,309198,53,"['Samanth86780160', 'LearnerSpeaks', 'SMuraly', 'Ani_Majumdar07', 'Arvind_Maurya79', 'AnasuyaRani', 'YiAOrg', 'hindutvaonrise', 'LoveInd88460844', 'Yashwanthchan11', 'hrishipanigrah1', 'gbd1971', 'factfinder1970', 'Kaushikbhai_15', 'kashyapsri90', 'ShikhaM14', 'shail_alive', 'akshaychandorka', 'Sohan03285793', 'KacheriPrajesh']"
249,Deepshi73949406,102,100,297,0,[]
250,BhavyaBansal172,45,4,280,13,"['Samanth86780160', 'Adarsh50964083', 'JOverloaded', 'ashishgaur0010', 'shubhraj9999', 'YiAOrg', 'bharatsingh526', 'sanskariravan69', 'Ramtarak15', 'rajguru02175110', 'ROOPSIN60876657', 'joker01532538', 'Mv999999']"
251,Connect2Tanisha,1592,5412,21528,1,['SyedMoinuddin06']
252,DushtVinashak,186,189,4118,0,[]
253,Pandeji,44,18,707,0,[]
254,SirSandeep_,973,4037,37733,0,[]
255,criticismmemes,63,5,111,0,[]
256,rude_roh_it,64,30,148,5,"['IconicVk', 'Nisha28091', 'Ishan65658904', 'GhoshlyaLal', 'Arjun1_bs']"
257,1984gautam,584,171,3928,7,"['amitzz26', 'kanojiya1999', 'BakaitEngineer', 'Ved_Prakashji', 'amanjai79472997', 'shekhar1212', 'SHARMA2411AMAN']"
258,SanjoyRoyTWA,855,8279,56983,1,['RenAameen']
259,parveen_nisa,89,342,28697,0,[]
260,yashmystery,41,2,284,0,[]
261,DushtVinashak,186,189,4118,0,[]
262,RoopaliSriv,618,1401,16462,0,[]
263,kirangokarn,250,115,15780,0,[]
264,AnoopIndeevaram,712,224,1770,0,[]
265,RohitkrSh,778,10347,84759,25,"['rajesh197894', 'RajuRas12168010', 'ardhendu_rai', 'binugazi', 'KarmaBe84478336', 'AnandBhadoria', 'dollysharma18', 'hmv1970', 'purpleblood316', 'rajeshflyer', 'KaushlendraVi17', 'pandey909', 'ssg_en', 'BelosheVicky', 'the_Raj_neeti', 'ganakar', 'RajatheKhiladi1', 'seemabr01547101']"
266,DrPoojaBisht,134,106,1146,0,[]
267,we_are_2united,446,738,3022,2,"['anwaral82572773', 'hinaishrath1']"
268,Gobarbhakt69,36,1,64,0,[]
269,shashi_talk,2345,1345,17868,1,['OlhyanViir']
270,MenNeedJustice,47,64,2711,0,[]
271,TheTusharJoshi,904,717,6964,0,[]
272,UmangKhanna10,1115,149,8235,1,['mehulmp']
273,Gobarbhakt69,36,1,64,0,[]
274,UmangKhanna10,1115,149,8235,1,['waterbot_h2o']
275,Pragya025,141,138,1705,3,"['Gobarbhakt69', 'Saliltoday', 'RaviSha23085869']"
276,MenNeedJustice,47,64,2711,0,[]
277,Capt_Ck,683,3268,92804,5,"['bonyuppal', 'navpadda', 'shikharskr', 'fhkvvnk', 'Sritika_']"
278,xlntgson,136,2000,57788,0,[]
279,Brattalk1,126,26,6428,0,[]
280,mi_kap15,104,101,3262,1,['shivakumar_rm']
281,TheLostHindu_,33,1,294,0,[]
282,DrBKKundu,51,93,4577,0,[]
283,Himansh36630561,41,0,22,0,[]
284,GujaratiDoctor,131,59,1965,0,[]
285,Pallikasingh,466,624,8965,0,[]
286,UmangKhanna10,1115,149,8235,0,[]
287,UmangKhanna10,1115,149,8235,0,[]
288,AmitKum26221671,13,1,13,1,['kalisbrood']
289,LuckyNaeem786,130,22,633,0,[]
290,PankajSaxena84,605,3107,12900,176,"['ShreeSHuddar', 'Adarsh50964083', 'TusharMitra786', 'noidwa', 'awasth_amit', 'SharmaM12415807', 'JayeshJgtp', 'ssnegi72', 'AnasuyaRani', 'Shanaya52257368', '1shivamgulati', 'amanjai79472997', 'BigBruhDatBruhs', 'vivekmukundan', 'binugazi', 'uselessme_hec', 'veersavarkar19', 'GhoshlyaLal', 'surajjha958', 'RahulRa06689260']"
291,ka_kaushik,991,234,8637,0,[]
292,duramount,602,374,64601,0,[]
293,shammi092,377,77,376,1,['kaafi_KAAFIR']
294,DriverRamudu,827,1253,34649,2,"['mykishor', 'IAmKrrish']"
295,termt_5,173,294,4589,3,"['Shehzadi_01', 'monu_thanvar', 'Soulfulgirl_Tia']"
296,TheQrius,0,55098,6741,0,[]
297,Atirahcus,700,490,12746,0,[]
298,Yadu_Kula,638,2745,6079,36,"['ExLibrandoo', 'jai_hind41', 'Arvind_Maurya79', 'Yash_Chauhan84', 'Prasant43831355', 'terabaaapkabap', 'Harsh69260912', 'JoinBabu', 'GhoshlyaLal', 'surajjha958', 'RohitBa41065187', 'guunja12', 'gitaprian', 'LiberalBhakt2', 'Shivank26144456', 'SohanNe56651390', 'Sanatanideb', 'rajni_hemrajani', 'AlokJai85423002', 'RahulData13']"
299,Al_Rasoool,123,25,72,17,"['SiddheshWagal', 'YiAOrg', 'Sanskar18554949', 'terabaaapkabap', 'studentS5082247', 'Yogeshp342', 'MadhavSinghSngr', 'HiteshY09748761', 'MadhuMalti4', 'HrishikeshCP', 'AdityaRJagtap1', 'AmitSroy48773', 'Satyam613', 'AnilDhi24511118', 'Ajendramohan', 'Rajput__adarsh']"
300,SnehVerm1,65,70,1905,2,"['MohitMk10223266', 'Sanjay34066876']"
301,sweetthoughts70,805,137,11020,0,[]
302,TilaiyanCKS,58,1640,2531,31,"['akashkrshaw15', 'S0606Bharat', 'tusharshah2100', 'cksaheb', 'Harshga74160397', '172263bff5c8473', 'ssnegi72', 'AnasuyaRani', 'TanmayGawande16', 'amanjai79472997', 'Akshaya10580961', 'gkg733', 'veersavarkar19', 'bharatsingh526', 'VinayCh36623463', 'sharma1_mohit', 'sanskariravan69', 'PNoviceCrypto', 'shaileshraibhil']"
303,katzy96,101,25,288,1,['carlachrisellis']
304,jakatist,165,232,1054,0,[]
305,religionoffend,54,13,402,0,[]
306,Vidit02751600,27,8,910,0,[]
307,Prince11731580,31,6,270,0,[]
308,akashtaker001,1453,1113,14584,0,[]
309,ambarindia,1292,417,9557,0,[]
310,GuideforAll,2,137540,9277,14,"['ChinniSurya2', 'nripesh_kashyap', 'babuvadiyala', 'DIPAKPICHAD1', 'shubhransu10', 'Lodhiramesh8410', 'Mr360OfCricket1', 'ujjjwalgowda', 'Inn_Hasan', 'ManjuKichha5', 'venki_dhoni', 'hrg_anup_9ine_7', 'GKforKPSC']"
311,ambarindia,1292,417,9557,0,[]
312,hacker_vinay_,22,6,74,0,[]
313,M42809727,273,80,295,3,"['InderpalShivam', 'Darmashkian', 'rupspp']"
314,MadCapProf,193,385,46287,51,"['vijay005', 'Ved_Prakashji', 'masarwala', 'sarthakgarg71', 'Nkallur2', 'Phanind20455198', 'beingssap', 'HellsKi27653645', 'SiddhiMahapatra', 'JoinBabu', 'GhoshlyaLal', 'RohitBa41065187', 'gitaprian', '181Ravindra', 'Hindu03048942', 'awesomedesiiii', 'Shivank26144456']"
315,ambarindia,1292,417,9557,0,[]
316,c_chithra,11,138,23771,0,[]
317,neels_roy,0,1,260,0,[]
318,ambarindia,1292,417,9557,0,[]
319,rkdevar,529,417,15385,1,['InderpalShivam']
320,MirzaGhalib_2O,45,3,51,0,[]
321,RahulS_00,145,3,81,0,[]
322,JohnCen42378798,1,1,70,0,[]
323,gjha88,590,3712,12201,27,"['SMuraly', 'TamalCh68944390', 'Arvind_Maurya79', 'Alikenaukar', 'YiAOrg', 'hindutvaonrise', 'veersavarkar19', 'LoveInd88460844', 'SakuraBTSUwU', 'yamraj9', 'pratyus46249546', 'redox_reaction', 'BreakingClutter', 'AIOISOIA', 'xyz90864945', 'Suchsath1', 'Anti_Vultures', 'RPSLone5', 'IamYB10']"
324,nikhil7tripathi,421,19,1678,0,[]
325,geetapandeyBBC,1308,8595,4633,13,"['RuchiAngrish', 'HingchongT', 'p_mehdiratta', 'GoSudddd', 'UPA__Secular', 'm_sal3m17', 'RizviSalim', 'knowabhilash', 'RoopaliSriv', 'CricBollyBuzz', 'TRAVELtime123', 'BBCIndia']"
326,yadav4priya,791,374,1617,8,"['KRISHANMOHANKR6', 'ClubCricket2021', 'jamidarkachora', 'JaiRajp02741035', 'FansclubDisha', 'SapnaCh91534893', 'DrPoona65789104', 'HawaSinghAdv']"
327,JaiRajp02741035,198,182,5189,7,"['ClubCricket2021', 'jamidarkachora', 'kaviyarani1', 'FansclubDisha', 'SapnaCh91534893', 'DrPoona65789104', 'yadav4priya']"
328,imYadavRD,61,29,206,1,['InderpalShivam']
329,tweprilayankar,121,59,3672,0,[]
330,JrBrahmbhatt,775,141,4761,0,[]
331,AntiSpeciesist_,8,3,12,0,[]
332,Anjali23551230,8,0,24,0,[]
333,tweprilayankar,121,59,3672,0,[]
334,tweprilayankar,121,59,3672,0,[]
335,RamanGi62930351,29,21,15,0,[]
336,shaktikisharma,161,1179,2994,0,[]
337,ANKRULZZzz,112,115,5075,0,[]
338,macrosandchaos,0,1450,5399,0,[]
339,Yadu_Kula,638,2744,6079,58,"['Yash17441774', 'AmitSroy48773', 'TusharMitra786', 'harshkayalyt', 'Vishal80374087', 'masarwala', 'SharmaM12415807', 'Krish_9931', 'Anandmo42909576', 'RRohansaini', 'Vibhu49550035', 'shubhraj9999', 'LoveInd88460844', 'true0self', 'AnasuyaRani', 'sanskariravan69', 'gkg733', 'KINGKOHLISTAN0', 'Prasant43831355', 'KarmaBe84478336']"
340,deepakdkokha,1628,614,30972,0,[]
341,deepakdkokha,1628,614,30972,0,[]
342,RKYELDE,39,90,7174,2,"['MeetuSi56857444', 'itsSSRvibes']"
343,Sudhir61292,169,2,407,0,[]
344,zak00789,45,27,753,0,[]
345,deepakdkokha,1628,614,30972,0,[]
346,Truthist_The,435,5110,969,10,"['Akand_Bharth', 'mrsahoo', 'Rajiv15473704', 'AndyfromBharat', 'BoiledBrownRice', 'krishnpria', 'mane_rushabh', 'YourTimeUp_IPS', 'manu07exile']"
347,ShauryaDJoshi,2089,5288,16582,2,"['sidharthgauni', 'Connect2Tanisha']"
348,RatnadipAcharya,45,94,266,0,[]
349,paulabhijit7,1119,142,2919,0,[]
350,Vidhur_Aaradhya,37,28,674,0,[]
351,Vidhur_Aaradhya,37,28,674,0,[]
352,AbhimanyuAanand,554,353,1698,2,"['AshutoshPB11', 'Yogeshp342']"
353,Aryan_warlord,2369,14317,118742,61,"['narendernegi11', 'shubhraj9999', 'SiddhiMahapatra', 'BeingVEGAN1', 'guunja12', 'SAPYKGH', 'Shivank26144456', 'TrendingThough1', 'BhojKaal', 'Okhawaasi', 'dj1210495', 'sspatiala', 'hang85out', 'ajaymunjal16', 'Doremon47903760', 'AlbusDu03822108', 'dollysharma18', 'hmv1970']"
354,TimesHypocrisy,26,107,4080,1,['narendernegi11']
355,exitaftereading,184,77,2507,21,"['rradharahul', 'Nkallur2', 'Rohit57467698', 'YiAOrg', 'bharatsingh526', 'guunja12', 'advsubhashsiyag', 'spirit_etrnl10', 'venkatkalyan1', 'wickedViks', 'Sushrut60581086', 'chaitanyajoshi', 'sujalkahitohoga', 'kishansharma4u', 'capunitrastogi', 'GauravSinghVat1', 'youknowme1_', 'avskrox', 'MrSanderzz', 'Ruchhan']"
356,itachi_senpai1,230,215,1965,0,[]
357,AjayGur10696449,15,2,5,0,[]
358,tauuaaa,29,2,48,0,[]
359,Rintumariam,275,737,2443,0,[]
360,nileshm389,484,96,965,3,"['InderpalShivam', 'Dheer_Sameer', 'DarthGosavvy']"
361,real_farooque07,368,593,6233,2,"['InderpalShivam', 'Goapl631747211']"
362,kaminirupani,492,1279,177550,0,[]
363,bgopu1973,554,2921,118420,0,[]
364,vivektweet_19,1,9,56,0,[]
365,abhishekleembu,339,22,811,0,[]
366,smritigargg,157,1606,4604,0,[]
367,hindusena108,16,22,253,0,[]
368,Whatsin81688511,199,17,743,0,[]
369,BingoTereMere,2,1,492,0,[]
370,LalitAmbardar,2319,13451,52965,0,[]
371,shivadityapand3,61,5,65,1,['InderpalShivam']
372,SahilDogra1997,16,490,6675,1,['InderpalShivam']
373,khan12975152,41,5,241,0,[]
374,TheHateli,582,2100,12820,5,"['InderpalShivam', 'yogeshmbm', 'anushka_shruti', 'YiAOrg', 'Ishan65658904']"
375,KhushhalRamban,214,135,187,1,['borrasrinivas13']
376,YuvrajG70867962,145,6,40,0,[]
377,BahugunaSaurab1,3,9,659,0,[]
378,SlayerSulla,93,39,245,3,"['9Yash21', 'Samikshak71']"
379,AmznZone,1552,100,1671,2,"['john_siracusa', 'MravikPal']"
380,Ravi__Nagrecha,58,11,40,10,"['Tanna_111', 'GabbarSingh707', 'shubhraj9999', 'true0self', 'KingidteinSumit', 'rajni_hemrajani', 'kaur_ravindra', 'Akanksh30607768', 'DiptangshuDas10']"
381,sanjaysainiinsa,40,3002,40138,0,[]
382,Being_Subin,140,58,4959,0,[]
383,deleuzinal,139,37,96,0,[]
384,durwasasword,318,184,8590,1,['BagatiSoham']
385,RaviRan39502710,125,67,2261,0,[]
386,Subs69907712,2,4,351,0,[]
387,Ingloriousbust,12,2,88,0,[]
388,dinesh61746392,95,74,3916,0,[]
389,BarnCosmos,7,18,2055,0,[]
390,imRKG9,120,12,2740,1,['globalhealthbot']
391,SherinPeter28,132,20,701,0,[]
392,bhavesh_surname,11,11,2654,1,['Yogeshp342']
393,sri9011,6584,17951,380809,4,"['Yogeshp342', 'rspchary_bkup', 'YiAOrg', 'Tumbaaad2']"
394,Naren_kumar07,632,444,39391,1,['Yogeshp342']
395,SAU_rcastic,463,235,1726,1,['Yogeshp342']
396,blunt_comment,393,775,145826,2,"['AshishDwe', 'YiAOrg']"
397,Mr_SarveshKumar,63,227,1368,4,"['Yogeshp342', 'rick101sharma', 'Rnaroola1', 'AnupamSharmaAdv']"
398,TheForcesGuy,408,192,5811,0,[]
399,tushar_gaonkar,343,53,2739,0,[]
400,chaitanya77W,160,15,902,1,['rishabhcktd']
401,Vidit02751600,27,8,910,1,['Rapking85135039']
402,aavran2403,4746,2382,12440,45,"['TusharMitra786', 'Rohit57467698', 'YiAOrg', 'sanskariravan69', 'Yogeshp342', 'gitaprian', 'DOEPOLKHOL', 'dollysharma18', 'sdcssunlite7685', 'shaileshraibhil', 'Naresh90384992', 'sameer_chdry', 'sudhirvshetty01', 'Kunal18710261', 'srinu_3107', 'masarwala', 'Satishd1804', 'rajivpathak27', 'shail_alive', 'aksr2020']"
403,gesus_1,625,35,3825,0,[]
404,hindusena108,16,22,253,0,[]
405,RakeshP38932322,1478,1180,7382,1,['RakeshP38932322']
406,IamRupeshYadav,156,54,18614,0,[]
407,ramakrishnaas,2199,215,14996,0,[]
408,girishkudva,1713,263,34007,0,[]
409,Gargi_Dev90,15,2,175,0,[]
410,successpoint_1,77,0,25,0,[]
411,hashtaghemant,760,1141,211,0,[]
412,thenitishraj,289,32,884,1,['globalhealthbot']
413,Padma48199113,81,233,8964,1,['globalhealthbot']
414,SantaniPrashemi,528,1299,9226,0,[]
415,SatyaVa42091331,145,14,386,0,[]
416,nomadicvineet,1419,1068,3097,0,[]
417,ashokaushal,2956,372,22730,0,[]
418,pra_teek24,23,6,9,3,"['Ved_Prakashji', 'rishavanand', 'vishesh_onyx']"
419,viru44938417,45,3,391,0,[]
420,d_ity2,159,25,1450,0,[]
421,heytintin9552,172,40,627,0,[]
422,MaheshS11017445,111,7,2255,0,[]
423,swankit_nanda,189,47,196,0,[]
424,iwinfairly,4973,2255,47619,2,"['Ekalavya230', 'Jay_1123987']"
425,AmytKSingh,7,16,662,0,[]
426,kosarehoney,42,6,1529,0,[]
427,ArpitKrushna,8,22,12,0,[]
428,officiallygdk,0,28,16,0,[]
429,satyastp_satya,2134,3334,23985,4,"['Aayushshank', 'GautamJWadhwa', 'VaibhavJ08', 'nayangrover']"
430,Pun_Intended___,314,56,2045,0,[]
431,MarloYellow,190,87,332,0,[]
432,hitman20835,276,267,13343,0,[]
433,BurbakBabaJumla,5,14,1786,0,[]
434,Purecure6,72,0,4,0,[]
435,Love_Singh786,7,4,531,0,[]
436,neelbs,273,1210,3879,3,"['SaurabhJNU', 'SHASHWATPARIHA2', 'SAnsumali']"
437,ibrahimnode397,3904,1238,2338,0,[]
438,faisal_basravi,40,110,676,0,[]
439,JangliRaja,3531,5236,62745,0,[]
440,NamelessUncle,211,70,4562,1,['piedpiperlko']
441,_parthkrsingh,700,790,5204,71,"['dhar_sharad', 'JayeshJgtp', 'shubhraj9999', 'ssnegi72', 'Rohit57467698', 'Prasant43831355', 'LoveInd88460844', 'u_muhaniya', 'Beera143', 'SunilKu72465883', 'RohitBa41065187', 'guunja12', 'Shivank26144456', 'Anshu40849510', 'RahulData13', 'shriparv', 'AKSHATT47041676', '_parthkrsingh', 'Era86461448Era']"
442,nokesh1402,1256,88,9742,0,[]
443,Prince11731580,31,6,270,0,[]
444,La_opinion2727,14,44,3481,0,[]
445,Karangupta1611,93,250,298,0,[]
446,V_Live_24x7,17,0,33,0,[]
447,dvskumars,240,112,4994,0,[]
448,anjali_kalia,996,748,10716,5,"['Deivakumar3', 'vipinom', 'meenapranam', 'srinivasan60006', 'arvindnayak1']"
449,themodernbhakt,1183,1188,7362,0,[]
450,EKNaikbanda,6834,7622,37873,0,[]
451,bossyourselves,2858,1946,2319,9,"['AseemAn33925929', 'Alikenaukar', 'ca_shwetaggl', 'Pushpak0084', 'BilalSayyad12', 'R_A_J___S_O_N_I', 'We_purpleyou3', 'CerealInfires', 'Moosawaseem786']"
452,Oneindia,620,64983,398959,0,[]
453,ansh73377066,13,3,19,0,[]
454,Khal_Bhabhi,211,215,7412,1,['Ved_Prakashji']
455,DevDasAssam,118,77,3329,0,[]
456,jaibeniwal24,13,0,4,0,[]
457,IamNB8544,24,141,53041,0,[]
458,Dazzler_Chauhan,474,151,3059,9,"['Ved_Prakashji', 'YiAOrg', 'Harsh69260912', 'JoinBabu', 'LoveInd88460844', 'RahulData13', 'madhavparivar', 'Tarun33864349', 'VimlaCh76083257']"
459,VvkTweets,658,336,5030,1,[]
460,SaffronDelhite,139,209,11304,1,['k2ontwitt']
461,AmitKum26221671,13,1,13,0,[]
462,IndicSpectrum,68,213,1152,2,"['ritu_joshi07', 'GhoshlyaLal']"
463,BiplabD63659677,348,10,73,0,[]
464,ManishK44428534,70,15,1071,0,[]
465,swatskat,1787,859,8239,2,"['MohdImranIlyas', '189cloud']"
466,An1mEsH,119,117,2436,2,"['m40808326', '_palarun']"
467,TusharbeingInd1,23,84,10931,0,[]
468,Ritz1975,3002,552,8931,0,[]
469,Skipper_93,252,188,13833,0,[]
470,Mridul59502923,133,3,153,0,[]
471,Sneghasimple,46,591,1303,0,[]
472,PriyaAg099,31,9,80,0,[]
