SadaaShree,docasom,{}
SadaaShree,chirusainikudu,{}
SadaaShree,mayank_tweets_,{}
SadaaShree,shiva_25993,{}
SadaaShree,shivakumar_rm,{}
SadaaShree,harishchidiri,{}
SadaaShree,n4india1,{}
AmyKazmin,Aakritty,{}
AmyKazmin,BadmashJimmy,{}
AmyKazmin,Simran_r,{}
AmyKazmin,iampiyushvc,{}
AmyKazmin,GhaziUnver,{}
AmyKazmin,AbdulmalikSyed,{}
AmyKazmin,Chote_mia,{}
AmyKazmin,DS09111034,{}
AmyKazmin,vijiology,{}
AmyKazmin,SpartanHominine,{}
AmyKazmin,dinipc,{}
AmyKazmin,KJSingh12518759,{}
AmyKazmin,s_banchariya,{}
AmyKazmin,chaiwala_motii,{}
AmyKazmin,KarunaOnline,{}
AmyKazmin,AurangAzadehind,{}
AmyKazmin,que_razz,{}
DessieAussie,nylalsingh,{}
DessieAussie,r_pury,{}
DessieAussie,DayNobi,{}
DessieAussie,AdityaG2905,{}
DessieAussie,DharamPatel_79,{}
DessieAussie,iOmisOhm,{}
DessieAussie,GaikwadAnkur,{}
DessieAussie,BaawaliBaba,{}
sanjukta,AdvocateIndian,{}
sanjukta,Jabberwocky4U,{}
sanjukta,vishal_klc,{}
sanjukta,javidshaikh89,{}
sanjukta,BakBak2122,{}
sanjukta,alamdar1961,{}
sanjukta,UnknownKhiladi,{}
sanjukta,Cardamo77920366,{}
sanjukta,samanwaya_et,{}
sanjukta,hearthacker41,{}
sanjukta,surdeepbaid,{}
sanjukta,VishuAdv,{}
sanjukta,KiranPadmanabha,{}
sanjukta,18AKGOYAL,{}
sanjukta,VijayanandINC,{}
sanjukta,vikrantaa,{}
sankrant,TruthCantHid,{}
sankrant,TheKafirTimes,{}
sankrant,Uday09792780,{}
sankrant,SKHUTWALKER,{}
sankrant,AnushreeTewari,{}
sankrant,PradzWorLd,{}
sankrant,baanaadi,{}
sankrant,LikeWaterMySon,{}
sankrant,amitkr12jan,{}
sankrant,HN_Global_Press,{}
sankrant,marwaditweeter,{}
sankrant,KuttsRaj,{}
sankrant,maneishc,{}
sankrant,KartikayMann,{}
sankrant,Matribhakt,{}
sankrant,bidesh_desh,{}
sankrant,vartika_14,{}
sankrant,amithattiholi,{}
sankrant,alpeshtwitting,{}
sankrant,MihirUj,{}
sankrant,HarishDhanyatha,{}
sankrant,deepaksnarky,{}
sankrant,arunsh171,{}
sankrant,Raksta2,{}
sankrant,abhijeet_kum,{}
sankrant,Ganga645,{}
sankrant,indian_data,{}
sankrant,terabaaapkabap,{}
sankrant,vks2911,{}
sankrant,BanarasibyBirth,{}
sankrant,namansh23516421,{}
sankrant,Navadeep_,{}
sankrant,akashkrshaw15,{}
sankrant,aagneya_rahul,{}
sankrant,shivakumar_rm,{}
sankrant,rahultr11020847,{}
sankrant,Sunder75265090,{}
sankrant,iamVKN96,{}
sankrant,X7X4X7,{}
sankrant,RajivChandran1,{}
sankrant,pkanthi,{}
sankrant,RDAKSHINA,{}
sankrant,Chinmayadasa,{}
sankrant,namo1700,{}
sankrant,JaiNainaDevi,{}
sankrant,parthasa,{}
sankrant,AamadmiGs,{}
sankrant,PuravaPakash,{}
sankrant,sanjaymshra,{}
sankrant,RomeshNadir,{}
sankrant,MkMukeshmook,{}
sankrant,priyasarasijan,{}
sankrant,vix1x3,{}
sankrant,rawkgbcia,{}
sankrant,Rishikumar2017,{}
TruthCantHid,TruthCantHid,{}
deepaksnarky,RatanSharda55,{}
Ganga645,RatanSharda55,{}
Ganga645,Karth1keyan,{}
Ganga645,maheshwarisr,{}
Ganga645,Akashgu65707013,{}
Ganga645,browngirlvin,{}
Ganga645,ramindesai,{}
Ganga645,AadhySanatani,{}
Ganga645,Jyoti78329177,{}
Ganga645,AmiSri,{}
indian_data,RatanSharda55,{}
indian_data,Iam1Nationalist,{}
terabaaapkabap,kutta_bakchod,{}
terabaaapkabap,tweetrut,{}
terabaaapkabap,AninBanerjee,{}
terabaaapkabap,Yadu_Kula,{}
terabaaapkabap,Al_Rasoool,{}
vks2911,RatanSharda55,{}
vks2911,mmchinmay555,{}
vks2911,MaheshJagga,{}
vks2911,ModiBharosa,{}
vks2911,Akashgu65707013,{}
vks2911,TimesNow,{}
vks2911,DebjitDSpeaks,{}
vks2911,Jyoti78329177,{}
vks2911,OfficialNkgiri,{}
vks2911,Sundari_tweets,{}
vks2911,AninBanerjee,{}
vks2911,FakeIPLnewz,{}
vks2911,rupak3690,{}
vks2911,Kaushikbhai_15,{}
vks2911,KhSh97808468,{}
vks2911,rebelsatire,{}
vks2911,tgifuriouspanda,{}
namansh23516421,kutta_bakchod,{}
namansh23516421,Sataniserrr,{}
namansh23516421,BhattHari,{}
namansh23516421,tweetrut,{}
namansh23516421,Jyoti78329177,{}
namansh23516421,panky101,{}
namansh23516421,drdeepak1382,{}
akashkrshaw15,kutta_bakchod,{}
akashkrshaw15,Sataniserrr,{}
akashkrshaw15,DebjitDSpeaks,{}
akashkrshaw15,OfficialNkgiri,{}
akashkrshaw15,drdeepak1382,{}
akashkrshaw15,TilaiyanCKS,{}
shivakumar_rm,mi_kap15,{}
Sunder75265090,maheshwarisr,{}
smitabarooah,ArvindT78662935,{}
smitabarooah,govindagopala,{}
smitabarooah,Kanchan09355780,{}
smitabarooah,awasth_amit,{}
smitabarooah,Rahul_Menon19,{}
smitabarooah,Ani_Majumdar07,{}
smitabarooah,SharmaM12415807,{}
smitabarooah,Anandmo42909576,{}
smitabarooah,NdSolanki,{}
smitabarooah,nmraval,{}
smitabarooah,bvrprasad,{}
smitabarooah,RobinKasana,{}
smitabarooah,Mrinmoy55326573,{}
smitabarooah,GaganOBhardwaj,{}
smitabarooah,shravankapoor1,{}
smitabarooah,kushwah_prakhar,{}
smitabarooah,pardeepramdas,{}
smitabarooah,vivekm6,{}
smitabarooah,itsgrapevine,{}
smitabarooah,RakeshS46803555,{}
smitabarooah,MundaPahadKa,{}
smitabarooah,V_jaggi,{}
smitabarooah,ArunPra01638451,{}
smitabarooah,05Chandan,{}
smitabarooah,malathik1129,{}
smitabarooah,Gobarbhakt69,{}
smitabarooah,ecominindia,{}
smitabarooah,sranjithreddy,{}
smitabarooah,Rana33346046,{}
smitabarooah,kailaje,{}
smitabarooah,kaminirupani,{}
smitabarooah,Fittey_muh,{}
awasth_amit,PankajSaxena84,{}
Rahul_Menon19,Sataniserrr,{}
Rahul_Menon19,TimesNow,{}
Ani_Majumdar07,BesuraTaansane,{}
SharmaM12415807,immortalsoulin,{}
SharmaM12415807,Jyoti78329177,{}
SharmaM12415807,Sundari_tweets,{}
SharmaM12415807,AninBanerjee,{}
SharmaM12415807,rupak3690,{}
SharmaM12415807,Kaushikbhai_15,{}
SharmaM12415807,rebelsatire,{}
SharmaM12415807,PankajSaxena84,{}
SharmaM12415807,Yadu_Kula,{}
Anandmo42909576,rebelsatire,{}
Anandmo42909576,Yadu_Kula,{}
RakeshS46803555,Defence_360,{}
RakeshS46803555,Iam1Nationalist,{}
RakeshS46803555,Hardik58708952,{}
RakeshS46803555,Akashgu65707013,{}
RakeshS46803555,DebjitDSpeaks,{}
RakeshS46803555,tweetrut,{}
RakeshS46803555,OfficialNkgiri,{}
RakeshS46803555,Priyans58361712,{}
RakeshS46803555,Bhupii_R_B,{}
Gobarbhakt69,NewIndianXpress,{}
Gobarbhakt69,NigarNawab,{}
Gobarbhakt69,DMangaloree,{}
Gobarbhakt69,drdeepak1382,{}
Gobarbhakt69,Pragya025,{}
Rana33346046,RatanSharda55,{}
kaminirupani,mmchinmay555,{}
kaminirupani,maheshwarisr,{}
kaminirupani,FakeIPLnewz,{}
ssaratht,Dumbheades5,{}
ssaratht,PogShe,{}
ssaratht,pradsp,{}
ssaratht,uma_sidd,{}
ssaratht,vigyanAgrawal3,{}
ssaratht,KhareManojkumar,{}
ssaratht,Vibha77375517,{}
ssaratht,sanatan_raksha,{}
ssaratht,BharatPrem4,{}
ssaratht,Raaj_Devarapu,{}
ssaratht,crdodia,{}
ssaratht,mishraamit26,{}
ssaratht,ThunderGlobe,{}
woko_haraam,DeepikaPal,{}
woko_haraam,madhurlenka,{}
woko_haraam,TeluguHindu,{}
woko_haraam,AdipurushKiJai,{}
woko_haraam,ShilokumarMehta,{}
woko_haraam,brajesharma12,{}
woko_haraam,IbrahimKePapa,{}
woko_haraam,malpanyrk,{}
woko_haraam,manupatil5332,{}
woko_haraam,Panjanya3,{}
woko_haraam,SatenderSharmma,{}
woko_haraam,AshutoshPB11,{}
woko_haraam,rajesh447,{}
woko_haraam,Hrishi83706699,{}
woko_haraam,desh1st,{}
woko_haraam,Ira_medic,{}
woko_haraam,SivaRam18773016,{}
woko_haraam,akpamit87,{}
woko_haraam,Sri23Eri,{}
AshutoshPB11,AbhimanyuAanand,{}
RatanSharda55,cbirupatel,{}
RatanSharda55,NITINJOSHI80,{}
RatanSharda55,Vishwan86646827,{}
RatanSharda55,harvi_aurora,{}
RatanSharda55,DrHarish139,{}
RatanSharda55,indicrevivalist,{}
RatanSharda55,GitaS2020,{}
RatanSharda55,RahulKa71306268,{}
RatanSharda55,spasan03,{}
RatanSharda55,Pinkschandavar1,{}
RatanSharda55,tweet2ssm,{}
RatanSharda55,Rsm46055521,{}
RatanSharda55,hang85out,{}
RatanSharda55,RathodKh,{}
RatanSharda55,PadmaSima,{}
RatanSharda55,skiyer77,{}
RatanSharda55,AvinashKS14,{}
RatanSharda55,BJ__2001,{}
RatanSharda55,Harish_Baratham,{}
RatanSharda55,amitsanatan,{}
RatanSharda55,ssslaria67,{}
RatanSharda55,Bharath03123604,{}
RatanSharda55,ashishapathak,{}
RatanSharda55,satish_85,{}
RatanSharda55,BharathiKi,{}
RatanSharda55,sumiitsharma,{}
RatanSharda55,padmabrij,{}
RatanSharda55,freeindic,{}
RatanSharda55,vijayshelar,{}
RatanSharda55,vinaydayal,{}
RatanSharda55,vaibhavrnssp,{}
RatanSharda55,AnilKum09873485,{}
RatanSharda55,Rohit57467698,{}
Pinkschandavar1,kutta_bakchod,{}
Pinkschandavar1,Iam1Nationalist,{}
Pinkschandavar1,tweetrut,{}
Pinkschandavar1,panky101,{}
Rsm46055521,kutta_bakchod,{}
Rsm46055521,Iam1Nationalist,{}
Rsm46055521,Hardik58708952,{}
Rsm46055521,Akashgu65707013,{}
Rsm46055521,browngirlvin,{}
Rsm46055521,panky101,{}
hang85out,GiridharMamidi,{}
hang85out,Aryan_warlord,{}
kutta_bakchod,Sahil00872799,{}
kutta_bakchod,Blessingashish1,{}
kutta_bakchod,south365,{}
kutta_bakchod,RameshBedi8,{}
kutta_bakchod,Indrani64784609,{}
kutta_bakchod,Sarcasm61820404,{}
kutta_bakchod,SiddheshWagal,{}
kutta_bakchod,BapRafale,{}
kutta_bakchod,yadavajay02,{}
south365,Iam1Nationalist,{}
RameshBedi8,Sataniserrr,{}
RameshBedi8,OfficialNkgiri,{}
RameshBedi8,DrPoona65789104,{}
RameshBedi8,ak_glg06,{}
Indrani64784609,Iam1Nationalist,{}
Indrani64784609,Akashgu65707013,{}
Indrani64784609,Virgo_tired,{}
Indrani64784609,MaheshS11017445,{}
Indrani64784609,MukeshD_1729,{}
Sarcasm61820404,Karth1keyan,{}
Sarcasm61820404,Sataniserrr,{}
Sarcasm61820404,TimesNow,{}
Sarcasm61820404,DebjitDSpeaks,{}
Sarcasm61820404,Jyoti78329177,{}
Sarcasm61820404,OfficialNkgiri,{}
Sarcasm61820404,drdeepak1382,{}
Sarcasm61820404,ak_glg06,{}
Sarcasm61820404,rupak3690,{}
Sarcasm61820404,tgifuriouspanda,{}
SiddheshWagal,Antonyminehai,{}
SiddheshWagal,rebelsatire,{}
SiddheshWagal,Al_Rasoool,{}
Karth1keyan,pankajv43701165,{}
Karth1keyan,IArpitTiwari,{}
Karth1keyan,Pradeep12k4,{}
Karth1keyan,subhArt13,{}
Karth1keyan,KshatriyaMonk,{}
Karth1keyan,sachinaiml,{}
Karth1keyan,arjunpawangeet,{}
Karth1keyan,dhruv_874,{}
Karth1keyan,YogeshPrem,{}
Karth1keyan,raju27224878,{}
Karth1keyan,Samanth86780160,{}
Karth1keyan,AYUSHVISHWANAT1,{}
Karth1keyan,Nishant20412995,{}
Karth1keyan,sumit_saurav8,{}
Karth1keyan,iamRahuldev3650,{}
Karth1keyan,ShabazA37360245,{}
Karth1keyan,kanojiya1999,{}
Karth1keyan,KaifKhanalig1,{}
dhruv_874,MaheshJagga,{}
dhruv_874,Priyans58361712,{}
Samanth86780160,Sataniserrr,{}
Samanth86780160,Hardik58708952,{}
Samanth86780160,browngirlvin,{}
Samanth86780160,DebjitDSpeaks,{}
Samanth86780160,OfficialNkgiri,{}
Samanth86780160,panky101,{}
Samanth86780160,FakeIPLnewz,{}
Samanth86780160,MukeshD_1729,{}
Samanth86780160,iammspatil,{}
Samanth86780160,AmiSri,{}
Samanth86780160,akashgiri30,{}
Samanth86780160,sudiguru,{}
Samanth86780160,dilbag_koundal,{}
Samanth86780160,BesuraTaansane,{}
Samanth86780160,BhavyaBansal172,{}
kanojiya1999,1984gautam,{}
Defence_360,Raj4BJP,{}
Defence_360,srinivasbala,{}
Defence_360,Ashishgaur1234,{}
Defence_360,swap_kamdi,{}
Defence_360,Rama04814975,{}
Defence_360,spanwar91,{}
Defence_360,Vishal_banna_,{}
Defence_360,SatyaAsur,{}
Defence_360,BishnoiPars,{}
Defence_360,khanna248,{}
Defence_360,SamRupesh1,{}
Defence_360,pravinsinh6666,{}
Defence_360,GO_CORONA_GO_1,{}
Defence_360,humminglion,{}
Defence_360,csri_india,{}
Defence_360,Vishwaj30375895,{}
Defence_360,RakeshHindu1990,{}
Defence_360,BadmintonGeko,{}
SamRupesh1,browngirlvin,{}
SamRupesh1,OfficialNkgiri,{}
SamRupesh1,Sundari_tweets,{}
SamRupesh1,KhSh97808468,{}
mmchinmay555,vikaskumardtu,{}
mmchinmay555,tweetingsourav,{}
mmchinmay555,jim_bheem,{}
mmchinmay555,iyernbk,{}
mmchinmay555,sonimesh4u,{}
mmchinmay555,MohdRag20073843,{}
mmchinmay555,sandeepchamoli1,{}
mmchinmay555,sanjaykharwar,{}
mmchinmay555,KSparsh0001,{}
mmchinmay555,VidesiBandhu,{}
mmchinmay555,amanpatel86,{}
mmchinmay555,Arpannnn,{}
mmchinmay555,thakurshubhu4,{}
mmchinmay555,AmbrishDasari,{}
mmchinmay555,TusharMitra786,{}
mmchinmay555,cosmicblinker,{}
MohdRag20073843,NigarNawab,{}
MohdRag20073843,panky101,{}
sandeepchamoli1,TimesNow,{}
KSparsh0001,BhattHari,{}
KSparsh0001,DebjitDSpeaks,{}
KSparsh0001,drdeepak1382,{}
KSparsh0001,rebelsatire,{}
thakurshubhu4,MaheshJagga,{}
TusharMitra786,Sataniserrr,{}
TusharMitra786,MaheshJagga,{}
TusharMitra786,Jyoti78329177,{}
TusharMitra786,drdeepak1382,{}
TusharMitra786,Sundari_tweets,{}
TusharMitra786,AninBanerjee,{}
TusharMitra786,ak_glg06,{}
TusharMitra786,rebelsatire,{}
TusharMitra786,PankajSaxena84,{}
TusharMitra786,Yadu_Kula,{}
TusharMitra786,aavran2403,{}
maheshwarisr,chetanrajchauh1,{}
maheshwarisr,maheshwarisr,{}
maheshwarisr,vasanthi9k,{}
maheshwarisr,vikas1689,{}
maheshwarisr,anil_a55,{}
maheshwarisr,1303karan,{}
maheshwarisr,GIRIWARKUMAR5,{}
maheshwarisr,DreamingNeha,{}
maheshwarisr,sonijkn2,{}
maheshwarisr,cpmeena95,{}
maheshwarisr,B_Elango,{}
maheshwarisr,vish_lakhotiya,{}
maheshwarisr,SeeTheAirBot,{}
maheshwarisr,Rambir95056934,{}
maheshwarisr,SakuraBTSUwU,{}
maheshwarisr,Ramtarak15,{}
maheshwarisr,Ashwatthama_D,{}
SeeTheAirBot,Kourb5911,{}
SakuraBTSUwU,gjha88,{}
Iam1Nationalist,Shivraj15088168,{}
Iam1Nationalist,SaffronSena1,{}
Iam1Nationalist,AAdityaBharga20,{}
Iam1Nationalist,Iam1Nationalist,{}
Iam1Nationalist,SahilYa96228930,{}
Iam1Nationalist,OogawayMaster,{}
Iam1Nationalist,MananAwasthi8,{}
Iam1Nationalist,28sharma6,{}
Iam1Nationalist,FromHerotoGOK,{}
Iam1Nationalist,Jay56252645,{}
Iam1Nationalist,MIfansKarnataka,{}
Iam1Nationalist,Hola_Humanity,{}
Iam1Nationalist,BarnCosmos,{}
SaffronSena1,Hardik58708952,{}
SahilYa96228930,tweetrut,{}
SahilYa96228930,OfficialNkgiri,{}
SahilYa96228930,panky101,{}
OogawayMaster,Hardik58708952,{}
MananAwasthi8,Hardik58708952,{}
MananAwasthi8,TimesNow,{}
MananAwasthi8,panky101,{}
FromHerotoGOK,browngirlvin,{}
Jay56252645,Sataniserrr,{}
Jay56252645,Hardik58708952,{}
Jay56252645,OfficialNkgiri,{}
Jay56252645,drdeepak1382,{}
Jay56252645,Sundari_tweets,{}
Hola_Humanity,Hardik58708952,{}
Hola_Humanity,browngirlvin,{}
SharmaKhemchand,NareshJ32385278,{}
SharmaKhemchand,KamlaJain18,{}
SharmaKhemchand,Sonusonu0123,{}
SharmaKhemchand,Soni_kudi1,{}
SharmaKhemchand,RamjanYG,{}
SharmaKhemchand,bhagwa_neelu,{}
SharmaKhemchand,sanatanYG,{}
SharmaKhemchand,RealThakurArjun,{}
SharmaKhemchand,brand_abhiTPN,{}
SharmaKhemchand,Yogeshgujjar5,{}
SharmaKhemchand,avantika76842,{}
SharmaKhemchand,reall_gopal,{}
SharmaKhemchand,AghoriBhakt,{}
SharmaKhemchand,7Palaskar,{}
SharmaKhemchand,rosly_sims,{}
SharmaKhemchand,Kamal79948528,{}
SharmaKhemchand,Ajaybhai9060,{}
SharmaKhemchand,Saurabhji90,{}
SharmaKhemchand,Himansh19677187,{}
SharmaKhemchand,Shyamji90,{}
NewIndianXpress,lakshmimanoj95,{}
NewIndianXpress,JogarishettarV,{}
NewIndianXpress,shine_azu,{}
NewIndianXpress,Priyans53355204,{}
NewIndianXpress,vigneshashired1,{}
NewIndianXpress,mokarramskh,{}
NewIndianXpress,FaizanA35788604,{}
NewIndianXpress,AmytKSingh,{}
NewIndianXpress,BidishaDeori,{}
NewIndianXpress,KKK43887505,{}
NewIndianXpress,NishantParulek2,{}
NewIndianXpress,Bhajanlalthaku1,{}
NewIndianXpress,Blaze63874834,{}
NewIndianXpress,MMalbari,{}
NewIndianXpress,2AN3D,{}
NewIndianXpress,shuchayy,{}
NewIndianXpress,somen_poddar,{}
NewIndianXpress,Hope_1194,{}
Bhajanlalthaku1,KhSh97808468,{}
MMalbari,NigarNawab,{}
VinayakPande,SheriGreenwell,{}
VinayakPande,iabbykhokhar,{}
VinayakPande,heyhanshul,{}
VinayakPande,MaliniPittet,{}
VinayakPande,kakulprasher,{}
VinayakPande,kevin24davy,{}
VinayakPande,davidbodapati,{}
Sataniserrr,ashlok__adarsh,{}
Sataniserrr,mehtaa05,{}
Sataniserrr,Himansh92312116,{}
Sataniserrr,197826FinOz,{}
Sataniserrr,VISHWPIRYA93,{}
Sataniserrr,Vivek17697341,{}
Sataniserrr,Jayraj2727,{}
Sataniserrr,VastriNayan,{}
Sataniserrr,Harsh9Gupta,{}
Sataniserrr,Devansh50835761,{}
Sataniserrr,Raj77859883,{}
Sataniserrr,HarshKushwaha9,{}
Sataniserrr,MaheshDange14,{}
Sataniserrr,RohitUK_08,{}
Sataniserrr,S0606Bharat,{}
Sataniserrr,Kshitiz06865394,{}
Sataniserrr,MarvalAbhi,{}
Sataniserrr,etalior,{}
Sataniserrr,harshkayalyt,{}
Sataniserrr,dhar_sharad,{}
Sataniserrr,PrinCeA23203367,{}
Sataniserrr,masarwala,{}
Sataniserrr,Krish_9931,{}
Sataniserrr,Anwardcullen,{}
mehtaa05,tweetrut,{}
VISHWPIRYA93,immortalsoulin,{}
VISHWPIRYA93,rebelsatire,{}
Devansh50835761,Jyoti78329177,{}
Devansh50835761,drdeepak1382,{}
Raj77859883,drdeepak1382,{}
HarshKushwaha9,drdeepak1382,{}
HarshKushwaha9,KhSh97808468,{}
priyalisur,dsouzamignonne,{}
priyalisur,dakshinat,{}
priyalisur,sallomani,{}
priyalisur,KamranA76704597,{}
priyalisur,BabuLohar123,{}
priyalisur,Aamirsouba,{}
priyalisur,mumbaiactor_,{}
DakshKhandelwa5,nAZbSXveVUbOGjB,{}
DakshKhandelwa5,TheHindusUnity,{}
TribalArmy,ShailaMenezes1,{}
TribalArmy,ea2c777a5a88430,{}
TribalArmy,Shreya69307405,{}
TribalArmy,Shailes933418,{}
TribalArmy,AnshuSi04347229,{}
TribalArmy,SdLalita1,{}
TribalArmy,Chetan_BOI,{}
TribalArmy,Ranjank85422696,{}
TribalArmy,yash_agra1,{}
TribalArmy,amnnzzz1,{}
TribalArmy,NuzhatGazala,{}
TribalArmy,Rashmi2405,{}
TribalArmy,MissNatasha1000,{}
TribalArmy,alvares_shefali,{}
TribalArmy,Narendr82228896,{}
TribalArmy,SharmaJ97284048,{}
TribalArmy,rakesh31046324,{}
TribalArmy,BarshaBodra,{}
TribalArmy,RavishMukund,{}
TribalArmy,secularakki,{}
ea2c777a5a88430,sagarikaghose,{}
yash_agra1,yash_agra1,{}
alvares_shefali,sagarikaghose,{}
alvares_shefali,NigarNawab,{}
secularakki,NigarNawab,{}
secularakki,tweetrut,{}
khal_Nayak_007,Sudhirs88891680,{}
khal_Nayak_007,Vladimi58120033,{}
khal_Nayak_007,Sukhbir37186800,{}
khal_Nayak_007,AshwStar90,{}
Truthist_The,mohanmmr,{}
Truthist_The,RazThp,{}
Truthist_The,aryan_leo007007,{}
Truthist_The,Kripasabha,{}
Truthist_The,Akand_Bharth,{}
Truthist_The,sans10x,{}
Truthist_The,mrsahoo,{}
Truthist_The,PrimeSentient,{}
Truthist_The,aaro0sh,{}
Truthist_The,YogindramKotta2,{}
Truthist_The,gourab_h7,{}
Truthist_The,Rajiv15473704,{}
Truthist_The,AndyfromBharat,{}
Truthist_The,SushilGsl,{}
Truthist_The,vijayarx,{}
Truthist_The,BoiledBrownRice,{}
Truthist_The,krishnpria,{}
Truthist_The,DrRakeshCG,{}
Truthist_The,GowthamMandava,{}
Truthist_The,thearpitspeya,{}
Truthist_The,liberalharyanvi,{}
Truthist_The,preddyc33,{}
Truthist_The,Babloop1970,{}
Truthist_The,SaintOrSinner30,{}
Truthist_The,YourTimeUp_IPS,{}
Truthist_The,vshank16,{}
Truthist_The,redxmond,{}
Truthist_The,OneHeart_1234,{}
Truthist_The,mane_rushabh,{}
Truthist_The,manu07exile,{}
BoiledBrownRice,Hardik58708952,{}
BoiledBrownRice,ModiBharosa,{}
BoiledBrownRice,tweetrut,{}
krishnpria,AmiSri,{}
sagarikaghose,Hemanth13768048,{}
sagarikaghose,iftek,{}
sagarikaghose,Balaindrajith,{}
sagarikaghose,4charactersless,{}
sagarikaghose,rabiiik527,{}
sagarikaghose,Affan82419934,{}
sagarikaghose,anilgoswami_orn,{}
sagarikaghose,harleenminocha,{}
sagarikaghose,uzmairam,{}
sagarikaghose,s_karkala,{}
sagarikaghose,job_anbalagan,{}
sagarikaghose,SalmanK98264921,{}
sagarikaghose,alam_nuri,{}
sagarikaghose,HappaNarinder,{}
sagarikaghose,thinkingThrice,{}
NigarNawab,Krish_12a,{}
NigarNawab,ashishm56487860,{}
NigarNawab,JavedSa69999693,{}
NigarNawab,_darktemptation,{}
NigarNawab,Pradeepisnow2,{}
NigarNawab,Ahadpathan0786,{}
NigarNawab,aslam_balim,{}
NigarNawab,GoSudddd,{}
NigarNawab,jumlabaaz1,{}
NigarNawab,AkshatM24590258,{}
NigarNawab,milinbariya,{}
NigarNawab,rvn1304,{}
NigarNawab,Shriyanshtiwari,{}
GoSudddd,geetapandeyBBC,{}
GeetaMadhavan,CommmonMan12,{}
GeetaMadhavan,rsvas2,{}
RupsaChak,Nupur84821104,{}
RupsaChak,prakash08905486,{}
RupsaChak,BabuAnda,{}
RupsaChak,MalathyIyerTOI,{}
RupsaChak,asharmeet02,{}
RupsaChak,Pushpak0084,{}
RupsaChak,ksubu59,{}
RupsaChak,kirankmr016,{}
RupsaChak,piya1007,{}
RupsaChak,Amit_Photowalla,{}
Pushpak0084,bossyourselves,{}
SanjoyRoyTWA,artistkoushik,{}
SanjoyRoyTWA,IcwaiV,{}
SanjoyRoyTWA,RenAameen,{}
paramendramohan,reddevil_v,{}
reddevil_v,Vivek96500094,{}
RomeshNadir,Saliltoday,{}
DMangaloree,Sony_2023,{}
DMangaloree,PoovappaMoolya1,{}
DMangaloree,Nirmala89884860,{}
DMangaloree,HemaManju7,{}
DMangaloree,Ravalanath,{}
DMangaloree,Roopash91341391,{}
DMangaloree,Nagesh2023,{}
DMangaloree,PoornimaBhat15,{}
DMangaloree,Yogeshp342,{}
DMangaloree,MeenakshiBeleri,{}
DMangaloree,Prabhak41657341,{}
DMangaloree,VinayaBhat15,{}
DMangaloree,CRYPTOOFFICIAL6,{}
DMangaloree,Krishnavallabhi,{}
DMangaloree,Ramyavinayaka,{}
DMangaloree,1420kunal,{}
DMangaloree,prabhu_manasa,{}
DMangaloree,DayanandaDkn,{}
DMangaloree,CMangaloree,{}
DMangaloree,Utpal24378053,{}
DMangaloree,SriCharana23,{}
DMangaloree,av_adh,{}
DMangaloree,SaheelBobde,{}
DMangaloree,Padma48199113,{}
PoovappaMoolya1,Ravalanath,{}
HemaManju7,Ravalanath,{}
Ravalanath,SriCharana23,{}
Ravalanath,netra_sajjan,{}
Ravalanath,Tejashw91891876,{}
Ravalanath,PoornimaBhat15,{}
Ravalanath,VinayaBhat15,{}
Ravalanath,uday849,{}
Ravalanath,_Itmatters2020,{}
Ravalanath,RadheRa13719273,{}
Ravalanath,Rushike74413865,{}
Ravalanath,bhakti256,{}
Ravalanath,Prabhak41657341,{}
Ravalanath,fhkvvnk,{}
Ravalanath,akallaje1997,{}
Ravalanath,skumarnee,{}
Ravalanath,Padma48199113,{}
Ravalanath,DSDeshpande3,{}
Yogeshp342,AninBanerjee,{}
Yogeshp342,Al_Rasoool,{}
Yogeshp342,AbhimanyuAanand,{}
Yogeshp342,bhavesh_surname,{}
Yogeshp342,sri9011,{}
Yogeshp342,Naren_kumar07,{}
Yogeshp342,SAU_rcastic,{}
Yogeshp342,Mr_SarveshKumar,{}
Yogeshp342,aavran2403,{}
Hardik58708952,ArunKum59522164,{}
Hardik58708952,Ashish86810766,{}
Hardik58708952,rashtrawadi108,{}
Hardik58708952,minupuri_r,{}
Hardik58708952,KarishmaSingh_,{}
Hardik58708952,kamlesh9468,{}
Hardik58708952,Karma61058368,{}
Hardik58708952,CKC09353167,{}
Hardik58708952,LalitGaming7,{}
ArunKum59522164,Akashgu65707013,{}
ArunKum59522164,panky101,{}
rashtrawadi108,browngirlvin,{}
kamlesh9468,browngirlvin,{}
CKC09353167,browngirlvin,{}
CKC09353167,MaheshS11017445,{}
Tyagi_bhaia_ji,Truthnndare,{}
Tyagi_bhaia_ji,InderpalShivam,{}
InderpalShivam,M42809727,{}
InderpalShivam,rkdevar,{}
InderpalShivam,imYadavRD,{}
InderpalShivam,nileshm389,{}
InderpalShivam,real_farooque07,{}
InderpalShivam,shivadityapand3,{}
InderpalShivam,SahilDogra1997,{}
InderpalShivam,TheHateli,{}
Saliltoday,shailendra1212,{}
Saliltoday,TRILOKHNATH,{}
Saliltoday,Virbihar1,{}
Saliltoday,AndheyHindu,{}
Saliltoday,CHOPS1955,{}
Saliltoday,BabbarKamal,{}
Saliltoday,atlantesindia,{}
Saliltoday,aniltiwari7273,{}
Saliltoday,56perumal,{}
Saliltoday,srinivasan60006,{}
Saliltoday,sowmiyasid,{}
Saliltoday,AmiSri,{}
Saliltoday,kailashkaushik8,{}
Saliltoday,RG_TheOtherOne,{}
Saliltoday,peepal59,{}
Saliltoday,manishdce86,{}
Saliltoday,aks_bhadauria,{}
Saliltoday,sidharthgauni,{}
Saliltoday,Kaushikbhai_15,{}
Saliltoday,Pragya025,{}
aniltiwari7273,AmiSri,{}
srinivasan60006,anjali_kalia,{}
sowmiyasid,WaterMitty,{}
AmiSri,akashjbhatia,{}
AmiSri,VijayWriter,{}
AmiSri,RJ_Sona_,{}
AmiSri,Piyush_v09,{}
AmiSri,PradeepBestie,{}
AmiSri,1__________l1l,{}
AmiSri,AshishJaggi_1,{}
AmiSri,urwithnirmal,{}
AmiSri,conscio_,{}
AmiSri,m40808326,{}
AmiSri,ssnegi72,{}
AmiSri,skshivamk1998,{}
AmiSri,YiAOrg,{}
AmiSri,Vaikhuntavasi,{}
AmiSri,ShailendraDudey,{}
AmiSri,vineet_24,{}
AmiSri,investogrow,{}
AmiSri,kalisbrood,{}
AmiSri,anudita_singh,{}
AmiSri,NordicKing47,{}
AmiSri,sanghavideepa,{}
AmiSri,justtapasya,{}
AmiSri,igopik,{}
AmiSri,kpatel2008,{}
AmiSri,nareshvenusint,{}
AmiSri,AmiSri,{}
AmiSri,lnair123,{}
sidharthgauni,ShauryaDJoshi,{}
satyastp_satya,ksvkuppu,{}
satyastp_satya,Aayushshank,{}
satyastp_satya,GautamJWadhwa,{}
satyastp_satya,VaibhavJ08,{}
satyastp_satya,nayangrover,{}
Arvind_Maurya79,Arvind_Maurya79,{}
Arvind_Maurya79,ModiBharosa,{}
Arvind_Maurya79,AadhySanatani,{}
Arvind_Maurya79,rupak3690,{}
Arvind_Maurya79,Kaushikbhai_15,{}
Arvind_Maurya79,tgifuriouspanda,{}
Arvind_Maurya79,BesuraTaansane,{}
Arvind_Maurya79,Yadu_Kula,{}
Arvind_Maurya79,gjha88,{}
hariegomoji,kartikeyaBhakt,{}
hariegomoji,sujacbe,{}
hariegomoji,urbanrural1,{}
hariegomoji,kanishtaputra,{}
hariegomoji,naikrakesh,{}
hariegomoji,vrschikaa,{}
hariegomoji,5thSuman,{}
hariegomoji,moolya_global,{}
hariegomoji,srinivas986,{}
hariegomoji,epicfighter007,{}
hariegomoji,iArmyKaFan,{}
hariegomoji,shanky7501,{}
hariegomoji,UshaNirmala,{}
sujacbe,Swatantramag,{}
5thSuman,sway_hi,{}
srinivas986,ramindesai,{}
IamAjaySehrawat,Gupta_suk,{}
IamAjaySehrawat,Ranajiaarav,{}
IamAjaySehrawat,Hindustanisevak,{}
IamAjaySehrawat,pavan_mishra84,{}
IamAjaySehrawat,shub1925,{}
IamAjaySehrawat,rana1_raj,{}
IamAjaySehrawat,DKChouhanRJ,{}
IamAjaySehrawat,ExLibrandoo,{}
IamAjaySehrawat,maukamauka24,{}
IamAjaySehrawat,Rituvva,{}
IamAjaySehrawat,pramod8_2003,{}
IamAjaySehrawat,Krishna77676210,{}
IamAjaySehrawat,rishu191208,{}
IamAjaySehrawat,Mischkumom,{}
IamAjaySehrawat,dayalsystemmzn,{}
IamAjaySehrawat,marveladdictx,{}
IamAjaySehrawat,RajputShrjal,{}
IamAjaySehrawat,sanghibanker,{}
IamAjaySehrawat,amittomar_1,{}
IamAjaySehrawat,thenameisvish95,{}
ExLibrandoo,MaheshJagga,{}
ExLibrandoo,DebjitDSpeaks,{}
ExLibrandoo,Jyoti78329177,{}
ExLibrandoo,Sundari_tweets,{}
ExLibrandoo,Kaushikbhai_15,{}
ExLibrandoo,rebelsatire,{}
ExLibrandoo,Yadu_Kula,{}
Basappamv,BadrinathSimha,{}
MaheshJagga,SitanshuDesai,{}
MaheshJagga,Ashtweet13,{}
MaheshJagga,Raosahab23,{}
MaheshJagga,AdityaS27971096,{}
MaheshJagga,PPFOA,{}
MaheshJagga,SMuraly,{}
MaheshJagga,Varun_k_Tyagi,{}
MaheshJagga,kinerathuk435,{}
MaheshJagga,7SadaShiv,{}
MaheshJagga,being_sane_,{}
MaheshJagga,nokesh1402,{}
MaheshJagga,funnymanners,{}
MaheshJagga,niraj9490,{}
MaheshJagga,NamasteGee,{}
AdityaS27971096,FakeIPLnewz,{}
SMuraly,Swatantramag,{}
SMuraly,Priyans58361712,{}
SMuraly,ak_glg06,{}
SMuraly,BesuraTaansane,{}
SMuraly,gjha88,{}
IndiaAheadNews,anilriverbanks1,{}
gankitca,rajivnayan7,{}
gankitca,MrPuri12,{}
gankitca,shonki141,{}
gankitca,SardaarBharath,{}
gankitca,AbhayPa56326951,{}
gankitca,cagankit,{}
gankitca,gseemabsp,{}
gankitca,vijayGu76739457,{}
gankitca,gankitca,{}
Menenners,chandnimathur5,{}
immortalsoulin,AmanJai82772544,{}
immortalsoulin,JaiRam74269676,{}
immortalsoulin,OrangSmileJoker,{}
immortalsoulin,RJKASHYAP16,{}
immortalsoulin,Rover0047,{}
immortalsoulin,harshkayalyt,{}
immortalsoulin,dhar_sharad,{}
immortalsoulin,hcsreddy1102,{}
immortalsoulin,bhisheksingh01,{}
immortalsoulin,tripathyrbraj1,{}
immortalsoulin,ItsHst1,{}
immortalsoulin,XXXXXXXXX000008,{}
immortalsoulin,shubhraj9999,{}
immortalsoulin,ansul_005,{}
immortalsoulin,r1ksharma97,{}
immortalsoulin,172263bff5c8473,{}
immortalsoulin,Rohitku73917971,{}
immortalsoulin,Aman05396315,{}
OrangSmileJoker,DebjitDSpeaks,{}
OrangSmileJoker,tweetrut,{}
Rover0047,Kaushikbhai_15,{}
harshkayalyt,tweetrut,{}
harshkayalyt,Jyoti78329177,{}
harshkayalyt,rupak3690,{}
harshkayalyt,rebelsatire,{}
harshkayalyt,Yadu_Kula,{}
dhar_sharad,_parthkrsingh,{}
ItsHst1,Jyoti78329177,{}
ItsHst1,rupak3690,{}
XXXXXXXXX000008,KhSh97808468,{}
shubhraj9999,AadhySanatani,{}
shubhraj9999,Sundari_tweets,{}
shubhraj9999,AninBanerjee,{}
shubhraj9999,ak_glg06,{}
shubhraj9999,rupak3690,{}
shubhraj9999,Kaushikbhai_15,{}
shubhraj9999,KhSh97808468,{}
shubhraj9999,BhavyaBansal172,{}
shubhraj9999,Yadu_Kula,{}
shubhraj9999,Aryan_warlord,{}
shubhraj9999,Ravi__Nagrecha,{}
shubhraj9999,_parthkrsingh,{}
172263bff5c8473,AninBanerjee,{}
172263bff5c8473,rupak3690,{}
172263bff5c8473,KhSh97808468,{}
172263bff5c8473,TilaiyanCKS,{}
SansaniReporTur,WTF_1234567890a,{}
BhattHari,DineshSorathiy4,{}
BhattHari,1okesh111,{}
BhattHari,UJJWALP17460874,{}
BhattHari,ShanuKumarMaht1,{}
BhattHari,sudhanshu876,{}
BhattHari,AshishR62185725,{}
BhattHari,rohitram52,{}
BhattHari,UdayRaj90284075,{}
BhattHari,Manish74627145,{}
BhattHari,kamal90311,{}
BhattHari,Sandesh60786938,{}
BhattHari,Brandon22197376,{}
BhattHari,SoniaJaveri,{}
BhattHari,Ab62157812,{}
BhattHari,SunnyTi38470691,{}
BhattHari,real_banarsi,{}
BhattHari,Red3Arunish,{}
JohriSheel,IChhawchhari,{}
JohriSheel,Laxmi69400161,{}
mukesh_halari,Tarun33864349,{}
mukesh_halari,kartik3637,{}
mukesh_halari,dkamat538,{}
mukesh_halari,Snju20,{}
mukesh_halari,nimeshchandra,{}
mukesh_halari,Vikasmantoo,{}
mukesh_halari,ShriRamJayam,{}
mukesh_halari,SUMiT2042137293,{}
mukesh_halari,wdamidoinhere,{}
Tarun33864349,Dazzler_Chauhan,{}
Rohit57467698,Priyans58361712,{}
Rohit57467698,AninBanerjee,{}
Rohit57467698,ak_glg06,{}
Rohit57467698,Kaushikbhai_15,{}
Rohit57467698,iammspatil,{}
Rohit57467698,exitaftereading,{}
Rohit57467698,aavran2403,{}
Rohit57467698,_parthkrsingh,{}
GiridharMamidi,satpalsetia54,{}
GiridharMamidi,Gopalakrishna,{}
GiridharMamidi,BajirajKiran,{}
GiridharMamidi,chandra013,{}
GiridharMamidi,Smtank2,{}
GiridharMamidi,rajashekarar,{}
GiridharMamidi,NarkedimilliSai,{}
GiridharMamidi,deepaprakash,{}
deepalisriv,ugiboogie2,{}
deepalisriv,mmvp2005,{}
ModiBharosa,WazidHussain91,{}
ModiBharosa,being_penman,{}
ModiBharosa,Tweetrajput,{}
ModiBharosa,semu07,{}
ModiBharosa,kumar_akash1011,{}
ModiBharosa,akhir_hussain,{}
ModiBharosa,giriraj_jonwal,{}
ModiBharosa,i_am_rash_,{}
ModiBharosa,chintan2zarola,{}
ModiBharosa,boog257,{}
ModiBharosa,naveen_kumar359,{}
ModiBharosa,YiAOrg,{}
ModiBharosa,VickySi66418685,{}
ModiBharosa,dhthakur745,{}
YiAOrg,AadhySanatani,{}
YiAOrg,Antonyminehai,{}
YiAOrg,panky101,{}
YiAOrg,Kaushikbhai_15,{}
YiAOrg,KhSh97808468,{}
YiAOrg,tgifuriouspanda,{}
YiAOrg,BesuraTaansane,{}
YiAOrg,BhavyaBansal172,{}
YiAOrg,Al_Rasoool,{}
YiAOrg,gjha88,{}
YiAOrg,exitaftereading,{}
YiAOrg,TheHateli,{}
YiAOrg,sri9011,{}
YiAOrg,blunt_comment,{}
YiAOrg,aavran2403,{}
YiAOrg,Dazzler_Chauhan,{}
mariawirth1,DramebaazCYa,{}
mariawirth1,EyesOfDesire,{}
mariawirth1,Pulippaani,{}
mariawirth1,radshy64,{}
mariawirth1,PratMangal,{}
mariawirth1,New08782094,{}
mariawirth1,saxenaa14,{}
mariawirth1,VijayKPal1,{}
mariawirth1,satishg81348910,{}
mariawirth1,mayur_bhammar,{}
mariawirth1,ArjunKamalesh,{}
mariawirth1,jbsaswini,{}
mariawirth1,bnsidh1,{}
mariawirth1,AmiBharatiya,{}
mariawirth1,Nehari_1,{}
mariawirth1,bikash_shaw605,{}
mariawirth1,rbatra01,{}
mariawirth1,bondsatyam,{}
mariawirth1,jangra_somya,{}
PSGICemployee,NitinRa5553,{}
Akashgu65707013,DharmHindustan1,{}
Akashgu65707013,Abhishe07601128,{}
Akashgu65707013,JugalKi13946449,{}
Akashgu65707013,SahooRaki,{}
Akashgu65707013,smaraki_77,{}
Akashgu65707013,monu_m85,{}
Akashgu65707013,MukeshK81919044,{}
Akashgu65707013,ShrikantBabaSJM,{}
Akashgu65707013,SachinK31720549,{}
Akashgu65707013,raj47601742,{}
Akashgu65707013,tiwaris68,{}
Akashgu65707013,terminator_1992,{}
SahooRaki,SaffronSanjeev,{}
SahooRaki,heyloAmit,{}
monu_m85,heyloAmit,{}
TimesNow,ItsVivekNag1,{}
TimesNow,Atirahcus,{}
TimesNow,chankjai,{}
TimesNow,Bhamsa29346756,{}
TimesNow,TheRoshniAli,{}
TimesNow,nirbhaykjha,{}
TimesNow,Prasoonroxtar,{}
TimesNow,Justatraveller3,{}
TimesNow,Aryanverma7062,{}
TimesNow,YuvrajG70867962,{}
TimesNow,narendernegi11,{}
TimesNow,JOverloaded,{}
TimesNow,ilangoadmin,{}
Bhamsa29346756,DebjitDSpeaks,{}
TheRoshniAli,panky101,{}
Prasoonroxtar,Sundari_tweets,{}
Aryanverma7062,DebjitDSpeaks,{}
Aryanverma7062,OfficialNkgiri,{}
YuvrajG70867962,ak_glg06,{}
narendernegi11,Aryan_warlord,{}
narendernegi11,TimesHypocrisy,{}
JOverloaded,BhavyaBansal172,{}
Tithi_Mishra,Deepali14610468,{}
Tithi_Mishra,GarvPe,{}
Tithi_Mishra,Pratyangira1,{}
Tithi_Mishra,srinivaks,{}
SaffronSanjeev,IconicVk,{}
SaffronSanjeev,Ahirhiren999,{}
SaffronSanjeev,deepans07199032,{}
SaffronSanjeev,tare_shubham,{}
SaffronSanjeev,NimaniSuyash,{}
SaffronSanjeev,JeanFranoisCha8,{}
SaffronSanjeev,SujeetSaini10,{}
SaffronSanjeev,Maha_Bharat,{}
SaffronSanjeev,Diya_Hindustani,{}
SaffronSanjeev,itsSSRvibes,{}
SaffronSanjeev,RiddhiTweets_,{}
IconicVk,rude_roh_it,{}
itsSSRvibes,RKYELDE,{}
heyloAmit,yogeshmbm,{}
yogeshmbm,TheHateli,{}
S0606Bharat,drdeepak1382,{}
S0606Bharat,Kaushikbhai_15,{}
S0606Bharat,TilaiyanCKS,{}
Kshitiz06865394,Jyoti78329177,{}
etalior,Jyoti78329177,{}
etalior,Sundari_tweets,{}
etalior,ak_glg06,{}
etalior,FakeIPLnewz,{}
masarwala,Jyoti78329177,{}
masarwala,rupak3690,{}
masarwala,rebelsatire,{}
masarwala,MadCapProf,{}
masarwala,Yadu_Kula,{}
masarwala,aavran2403,{}
Krish_9931,rebelsatire,{}
Krish_9931,Yadu_Kula,{}
baxishweta,vaaniverse,{}
fhkvvnk,Capt_Ck,{}
Padma48199113,globalhealthbot,{}
sumantbanerji,Kuldeep_Vij,{}
sumantbanerji,serfrider,{}
sumantbanerji,BertrandGDsouza,{}
sumantbanerji,AmitPan74381270,{}
JThesma,anavrittim,{}
amitwip,pkmsanatani222,{}
amitwip,bharat_vijeta,{}
amitwip,ShankhNaad_1,{}
amitwip,santoshsatyam22,{}
amitwip,shriparv,{}
amitwip,Deepesh42276083,{}
amitwip,AkshatAksh7,{}
shriparv,_parthkrsingh,{}
PikeWala,thoongumoonji1,{}
browngirlvin,Acharya280702,{}
browngirlvin,rinkuyadav11,{}
browngirlvin,gunjansinhaadv,{}
browngirlvin,JyalaPawan,{}
browngirlvin,ammy98558,{}
browngirlvin,ShwetaKathuria1,{}
browngirlvin,Proudly34090277,{}
browngirlvin,Dontclashwithme,{}
browngirlvin,Ajithuchil1,{}
browngirlvin,5thSu,{}
5thSu,OfficialNkgiri,{}
5thSu,drdeepak1382,{}
Kourb5911,jeet_chd,{}
Kourb5911,Bhupind86723444,{}
Kourb5911,irfanirfan035,{}
Kourb5911,HINDUSANSKRITI3,{}
Kourb5911,sucha_brarr,{}
notacoolgurl,HelperStream,{}
Ramtarak15,akashgiri30,{}
Ramtarak15,BhavyaBansal172,{}
Ashwatthama_D,Hindusthani_1,{}
ramindesai,SachaHindustha1,{}
ramindesai,shajikrishnan,{}
ramindesai,NilanjanS,{}
ramindesai,vandematrebhumi,{}
ramindesai,Meenakshi009002,{}
ramindesai,genoffelix,{}
ramindesai,rambo56089743,{}
ramindesai,PreetamShetty23,{}
ramindesai,hibh1980,{}
Raajeev_Chopra,Atul_Bhatia80,{}
DebjitDSpeaks,TathagatoSarka2,{}
DebjitDSpeaks,S12sci,{}
DebjitDSpeaks,SudhanshuKawad7,{}
DebjitDSpeaks,ra20756731,{}
DebjitDSpeaks,Adarsh50964083,{}
DebjitDSpeaks,Priya_pathak0,{}
DebjitDSpeaks,Ajhiteshi,{}
DebjitDSpeaks,PsyQid,{}
TathagatoSarka2,tweetrut,{}
Adarsh50964083,BhavyaBansal172,{}
Adarsh50964083,PankajSaxena84,{}
Priya_pathak0,tweetrut,{}
gamerboysk,amaramshiva1,{}
nuke_amar,LaCroqueta05,{}
nuke_amar,kejriwal_fc,{}
nuke_amar,adgdhdh11,{}
tweetrut,AlokSenGupta15,{}
tweetrut,seaofcloud09,{}
tweetrut,abhishekdanger1,{}
tweetrut,tiwariji1508_,{}
tweetrut,9K0P7ufRM4kZJgF,{}
tweetrut,Darshan0000011,{}
tweetrut,kanishkbakshi4,{}
tweetrut,40Naughtyboy,{}
9K0P7ufRM4kZJgF,panky101,{}
kanishkbakshi4,drdeepak1382,{}
kanishkbakshi4,FakeIPLnewz,{}
AadhySanatani,AjayKas15848273,{}
AadhySanatani,ANKUSHA62530903,{}
AadhySanatani,ShriveeraSondur,{}
AadhySanatani,riteshzed,{}
AadhySanatani,AnasuyaRani,{}
AadhySanatani,amanjai79472997,{}
AadhySanatani,MurudkarVikram,{}
AadhySanatani,binugazi,{}
AadhySanatani,PrabhuMishra00,{}
AadhySanatani,veersavarkar19,{}
AadhySanatani,JoinBabu,{}
AadhySanatani,GhoshlyaLal,{}
AadhySanatani,PakauRathore,{}
AadhySanatani,surajjha958,{}
AadhySanatani,NaikAalok,{}
AnasuyaRani,BesuraTaansane,{}
AnasuyaRani,PankajSaxena84,{}
AnasuyaRani,TilaiyanCKS,{}
AnasuyaRani,Yadu_Kula,{}
amanjai79472997,panky101,{}
amanjai79472997,ak_glg06,{}
amanjai79472997,1984gautam,{}
amanjai79472997,PankajSaxena84,{}
amanjai79472997,TilaiyanCKS,{}
binugazi,RohitkrSh,{}
binugazi,PankajSaxena84,{}
PrabhuMishra00,Kaushikbhai_15,{}
veersavarkar19,PankajSaxena84,{}
veersavarkar19,TilaiyanCKS,{}
veersavarkar19,gjha88,{}
JoinBabu,Yadu_Kula,{}
JoinBabu,MadCapProf,{}
JoinBabu,Dazzler_Chauhan,{}
GhoshlyaLal,tgifuriouspanda,{}
GhoshlyaLal,rude_roh_it,{}
GhoshlyaLal,PankajSaxena84,{}
GhoshlyaLal,Yadu_Kula,{}
GhoshlyaLal,MadCapProf,{}
GhoshlyaLal,IndicSpectrum,{}
surajjha958,rupak3690,{}
surajjha958,PankajSaxena84,{}
surajjha958,Yadu_Kula,{}
Jyoti78329177,DrPoojaBisht,{}
Jyoti78329177,bruce_1525,{}
Jyoti78329177,nottosay5,{}
Jyoti78329177,tusharshah2100,{}
Jyoti78329177,taethrob95,{}
Jyoti78329177,BlueFal51873027,{}
Jyoti78329177,Jitendra197488,{}
nottosay5,drdeepak1382,{}
tusharshah2100,OfficialNkgiri,{}
tusharshah2100,MaheshS11017445,{}
tusharshah2100,ak_glg06,{}
tusharshah2100,FakeIPLnewz,{}
tusharshah2100,Kaushikbhai_15,{}
tusharshah2100,TilaiyanCKS,{}
taethrob95,rebelsatire,{}
Jitendra197488,rebelsatire,{}
Antonyminehai,007hyno,{}
Antonyminehai,Keshav_rander26,{}
Antonyminehai,RealShubhamsg,{}
Antonyminehai,MohitMk10223266,{}
Antonyminehai,m40808326,{}
Antonyminehai,Prabhak48457719,{}
007hyno,Sundari_tweets,{}
RealShubhamsg,OfficialNkgiri,{}
MohitMk10223266,SnehVerm1,{}
m40808326,An1mEsH,{}
sway_hi,Dhriyamana,{}
sway_hi,sway_hi,{}
Dhriyamana,vjnam,{}
vjnam,VarshaThacker,{}
OfficialNkgiri,ajitkumarbehe12,{}
OfficialNkgiri,SumanMo11010184,{}
OfficialNkgiri,JujutsuPizza,{}
OfficialNkgiri,Fi84ri8,{}
OfficialNkgiri,Tarun_920533,{}
vschanna,Jammu4India,{}
vschanna,Ultrarockyy,{}
vschanna,Mv999999,{}
vschanna,SathyaVachanam,{}
vschanna,iyeranon,{}
vschanna,MrRao_RB,{}
vschanna,C0Bron,{}
vschanna,Keshav7729,{}
vschanna,prarabdha_,{}
vschanna,hdydiednnd,{}
vschanna,Avinash54281217,{}
vschanna,vijay750,{}
Mv999999,BhavyaBansal172,{}
Swatantramag,Swastika_Di,{}
Swatantramag,rana20_susheel,{}
Swatantramag,MacaulaysMonkey,{}
Swatantramag,indrapraharana,{}
Swatantramag,Abhishe49826282,{}
Swatantramag,Ranchirock,{}
Swatantramag,PPStwts,{}
Swatantramag,indabhi,{}
Swatantramag,bennedose,{}
Swatantramag,Advait0123,{}
Swatantramag,Vadhei,{}
Swatantramag,i31p1n,{}
Swatantramag,Gurush_,{}
Swatantramag,randurandhar,{}
Swatantramag,VinayakNair2001,{}
Swatantramag,7BiswajitMishra,{}
Abhishe49826282,AninBanerjee,{}
KapilMishrra,prevaildatruth,{}
KapilMishrra,KapilMishrra,{}
panky101,Utkarsh90334215,{}
panky101,SHVDPrasadReddy,{}
panky101,DakshBh33875739,{}
panky101,Yashraj00939684,{}
SHVDPrasadReddy,Hindusthani_1,{}
Yashraj00939684,rebelsatire,{}
Priyans58361712,ravi_sharma_in,{}
Priyans58361712,ssnegi72,{}
Priyans58361712,bharatsingh526,{}
Priyans58361712,LoveInd88460844,{}
Priyans58361712,Adhikary_Saswat,{}
ssnegi72,ak_glg06,{}
ssnegi72,KhSh97808468,{}
ssnegi72,PankajSaxena84,{}
ssnegi72,TilaiyanCKS,{}
ssnegi72,_parthkrsingh,{}
bharatsingh526,Kaushikbhai_15,{}
bharatsingh526,BhavyaBansal172,{}
bharatsingh526,TilaiyanCKS,{}
bharatsingh526,exitaftereading,{}
LoveInd88460844,AninBanerjee,{}
LoveInd88460844,ak_glg06,{}
LoveInd88460844,BesuraTaansane,{}
LoveInd88460844,gjha88,{}
LoveInd88460844,Yadu_Kula,{}
LoveInd88460844,_parthkrsingh,{}
LoveInd88460844,Dazzler_Chauhan,{}
WaterMitty,bs_hariharan3,{}
WaterMitty,calacrownblithe,{}
HinduUrjaa,SweetCookiesme,{}
Manoz23912833,VarunMi9169870,{}
Manoz23912833,Manoz23912833,{}
ShadowPMOIndia,User9Tw,{}
M42809727,SourajSp,{}
M42809727,joker01532538,{}
M42809727,RishsbK,{}
M42809727,Darmashkian,{}
M42809727,rupspp,{}
joker01532538,MukeshD_1729,{}
joker01532538,BhavyaBansal172,{}
DrPoona65789104,SapnaCh91534893,{}
DrPoona65789104,kaviyarani1,{}
DrPoona65789104,yadav4priya,{}
DrPoona65789104,ClubCricket2021,{}
DrPoona65789104,jamidarkachora,{}
DrPoona65789104,JaiRajp02741035,{}
SapnaCh91534893,JaiRajp02741035,{}
SapnaCh91534893,jamidarkachora,{}
SapnaCh91534893,kaviyarani1,{}
SapnaCh91534893,yadav4priya,{}
kaviyarani1,JaiRajp02741035,{}
kaviyarani1,jamidarkachora,{}
kaviyarani1,FansclubDisha,{}
kaviyarani1,yadav4priya,{}
kaviyarani1,ClubCricket2021,{}
yadav4priya,JaiRajp02741035,{}
yadav4priya,jamidarkachora,{}
yadav4priya,KRISHANMOHANKR6,{}
yadav4priya,ClubCricket2021,{}
yadav4priya,FansclubDisha,{}
yadav4priya,HawaSinghAdv,{}
ClubCricket2021,JaiRajp02741035,{}
ClubCricket2021,jamidarkachora,{}
jamidarkachora,FansclubDisha,{}
jamidarkachora,Searcher_Bharat,{}
jamidarkachora,JaiRajp02741035,{}
JaiRajp02741035,FansclubDisha,{}
maryashakil,Krishna29095061,{}
maryashakil,Praveenbadola3,{}
drdeepak1382,Ajeya108,{}
drdeepak1382,Bhushan68247601,{}
drdeepak1382,WernerLegend,{}
drdeepak1382,aryanbagade07,{}
drdeepak1382,Lovely72159408,{}
MaheshS11017445,ShivamS58863217,{}
Amanpreet_AAP,definition09,{}
Amanpreet_AAP,Eshansinha15,{}
Amanpreet_AAP,Anonymo84254297,{}
IndiaToday,VKSINGH16902298,{}
IndiaToday,pswalia1,{}
IndiaToday,ypstomer,{}
IndiaToday,IndiaTodayFLASH,{}
Sundari_tweets,cksaheb,{}
Sundari_tweets,Ajay008Rawat,{}
Sundari_tweets,akashkr062,{}
Sundari_tweets,Divyansh_Dubae,{}
Sundari_tweets,Chetna38233558,{}
Sundari_tweets,ShreeacharyaM,{}
Sundari_tweets,Nkallur2,{}
Sundari_tweets,Dev05451050,{}
Sundari_tweets,SatishK46936606,{}
cksaheb,rebelsatire,{}
cksaheb,TilaiyanCKS,{}
Nkallur2,MadCapProf,{}
Nkallur2,exitaftereading,{}
SatishK46936606,Kaushikbhai_15,{}
Yadu_Kula,jai_hind41,{}
Yadu_Kula,Yash_Chauhan84,{}
Yadu_Kula,Prasant43831355,{}
Yadu_Kula,Harsh69260912,{}
Yadu_Kula,RohitBa41065187,{}
Yadu_Kula,guunja12,{}
Yadu_Kula,gitaprian,{}
Yadu_Kula,LiberalBhakt2,{}
Yadu_Kula,Shivank26144456,{}
Yadu_Kula,SohanNe56651390,{}
Yadu_Kula,Sanatanideb,{}
Yadu_Kula,rajni_hemrajani,{}
Yadu_Kula,AlokJai85423002,{}
Yadu_Kula,RahulData13,{}
Yadu_Kula,Yash17441774,{}
Yadu_Kula,AmitSroy48773,{}
Yadu_Kula,Vishal80374087,{}
Yadu_Kula,RRohansaini,{}
Yadu_Kula,Vibhu49550035,{}
Yadu_Kula,true0self,{}
Yadu_Kula,sanskariravan69,{}
Yadu_Kula,gkg733,{}
Yadu_Kula,KINGKOHLISTAN0,{}
Yadu_Kula,KarmaBe84478336,{}
AninBanerjee,RohitBa41065187,{}
AninBanerjee,DHANANJ40124032,{}
AninBanerjee,sanskariravan69,{}
AninBanerjee,guunja12,{}
AninBanerjee,DOEPOLKHOL,{}
AninBanerjee,hardik_naikade,{}
AninBanerjee,Anshu40849510,{}
AninBanerjee,ravirajbatsh11,{}
AninBanerjee,LordKolli,{}
AninBanerjee,MinerwaU,{}
RohitBa41065187,rupak3690,{}
RohitBa41065187,MadCapProf,{}
RohitBa41065187,_parthkrsingh,{}
sanskariravan69,BhavyaBansal172,{}
sanskariravan69,TilaiyanCKS,{}
sanskariravan69,aavran2403,{}
guunja12,Aryan_warlord,{}
guunja12,exitaftereading,{}
guunja12,_parthkrsingh,{}
DOEPOLKHOL,aavran2403,{}
Anshu40849510,_parthkrsingh,{}
ak_glg06,BisargaOnline,{}
ak_glg06,Rishi81412,{}
ak_glg06,Neelparmar11070,{}
ak_glg06,ImGulshangaurav,{}
ak_glg06,_AbhiRathore,{}
ak_glg06,JayeshJgtp,{}
ak_glg06,Prakash37890548,{}
ak_glg06,KINGKOHLISTAN0,{}
Rishi81412,Kaushikbhai_15,{}
JayeshJgtp,rupak3690,{}
JayeshJgtp,PankajSaxena84,{}
JayeshJgtp,_parthkrsingh,{}
KINGKOHLISTAN0,KhSh97808468,{}
FakeIPLnewz,kodaidream,{}
FakeIPLnewz,APOfficial4,{}
FakeIPLnewz,sandywaves07,{}
FakeIPLnewz,InderBang,{}
FakeIPLnewz,AyushJh11019192,{}
FakeIPLnewz,VBhardwaj4444,{}
FakeIPLnewz,Animesh_Daga,{}
FakeIPLnewz,Aparna_Raaj,{}
FakeIPLnewz,sacsubr,{}
FakeIPLnewz,4dityavaid,{}
FakeIPLnewz,gitaprian,{}
FakeIPLnewz,JaiRam86960323,{}
FakeIPLnewz,NT12380038,{}
gitaprian,MadCapProf,{}
gitaprian,aavran2403,{}
NCAPTracker,OdishaCycling,{}
NCAPTracker,eco_marci,{}
NCAPTracker,MidhiliR,{}
NCAPTracker,MarishaThakur,{}
NCAPTracker,EPIC_India,{}
NCAPTracker,SanerDenizen,{}
NCAPTracker,Warriormomsin,{}
NCAPTracker,Vinamrata24,{}
NCAPTracker,JeremiahG23,{}
NCAPTracker,nicolejuneja,{}
NCAPTracker,LetMeBreathe_In,{}
rupak3690,VikashT06900620,{}
rupak3690,thepreetmahant,{}
rupak3690,GitteAniket,{}
rupak3690,HellsKi27653645,{}
rupak3690,AmanSha12023745,{}
rupak3690,swamydada1006,{}
rupak3690,Hindu03048942,{}
HellsKi27653645,MadCapProf,{}
Hindu03048942,MadCapProf,{}
Kaushikbhai_15,MkVishruth,{}
Kaushikbhai_15,Saikris31256641,{}
Kaushikbhai_15,SantaniPrashemi,{}
Kaushikbhai_15,SashaKumar14,{}
Kaushikbhai_15,BesuraTaansane,{}
KhSh97808468,Arpitsahni7,{}
KhSh97808468,AdityaP44094595,{}
KhSh97808468,Vaibhav01554897,{}
KhSh97808468,SHASHWA80955492,{}
KhSh97808468,nkgaur24,{}
KhSh97808468,newschatTM,{}
KhSh97808468,sanjayizarhi,{}
KhSh97808468,Himansh49179427,{}
rebelsatire,ankit1692,{}
rebelsatire,AmitSroy48773,{}
rebelsatire,Prasadwakte,{}
rebelsatire,EKNaikbanda,{}
rebelsatire,WassupSunshine,{}
AmitSroy48773,RealDrAbhishek,{}
AmitSroy48773,Al_Rasoool,{}
RealDrAbhishek,VandanaC20,{}
RealDrAbhishek,Ishan65658904,{}
Ishan65658904,rude_roh_it,{}
Ishan65658904,TheHateli,{}
Unite_Indians,vikramsinghtw,{}
vishnuguptuvach,suttonwala,{}
vishnuguptuvach,impankajsen,{}
Amit_Photowalla,tallstories,{}
tgifuriouspanda,Krishan19702701,{}
tgifuriouspanda,Harsh69260912,{}
tgifuriouspanda,Shivank26144456,{}
Harsh69260912,Dazzler_Chauhan,{}
Shivank26144456,MadCapProf,{}
Shivank26144456,Aryan_warlord,{}
Shivank26144456,_parthkrsingh,{}
Deepakdkarelia,BhakthLokesh,{}
Deepakdkarelia,deepakdkokha,{}
Hindusthani_1,anuragvbajaj,{}
UpenSingh_,chaitanyajoshi,{}
chaitanyajoshi,exitaftereading,{}
Bhupii_R_B,Bhupii_R_B,{}
MukeshD_1729,We_purpleyou3,{}
MukeshD_1729,S65535259Sharma,{}
MukeshD_1729,IamYB10,{}
MukeshD_1729,ArihantBhura1,{}
MukeshD_1729,SagarPa49273488,{}
MukeshD_1729,TasKrsna,{}
MukeshD_1729,suhas_g_k,{}
MukeshD_1729,KartikMiaSanMia,{}
MukeshD_1729,Simhabala,{}
We_purpleyou3,bossyourselves,{}
IamYB10,gjha88,{}
kalisbrood,AmitKum26221671,{}
akashgiri30,jdayahans,{}
sudiguru,Ajayk333,{}
BesuraTaansane,LearnerSpeaks,{}
BesuraTaansane,hindutvaonrise,{}
BesuraTaansane,Yashwanthchan11,{}
BesuraTaansane,hrishipanigrah1,{}
BesuraTaansane,gbd1971,{}
BesuraTaansane,factfinder1970,{}
BesuraTaansane,kashyapsri90,{}
BesuraTaansane,ShikhaM14,{}
BesuraTaansane,shail_alive,{}
BesuraTaansane,akshaychandorka,{}
BesuraTaansane,Sohan03285793,{}
BesuraTaansane,KacheriPrajesh,{}
hindutvaonrise,gjha88,{}
shail_alive,aavran2403,{}
BhavyaBansal172,ashishgaur0010,{}
BhavyaBansal172,rajguru02175110,{}
BhavyaBansal172,ROOPSIN60876657,{}
Connect2Tanisha,SyedMoinuddin06,{}
Connect2Tanisha,ShauryaDJoshi,{}
rude_roh_it,Nisha28091,{}
rude_roh_it,Arjun1_bs,{}
1984gautam,amitzz26,{}
1984gautam,BakaitEngineer,{}
1984gautam,Ved_Prakashji,{}
1984gautam,shekhar1212,{}
1984gautam,SHARMA2411AMAN,{}
Ved_Prakashji,MadCapProf,{}
Ved_Prakashji,pra_teek24,{}
Ved_Prakashji,Khal_Bhabhi,{}
Ved_Prakashji,Dazzler_Chauhan,{}
RoopaliSriv,geetapandeyBBC,{}
RohitkrSh,rajesh197894,{}
RohitkrSh,RajuRas12168010,{}
RohitkrSh,ardhendu_rai,{}
RohitkrSh,KarmaBe84478336,{}
RohitkrSh,AnandBhadoria,{}
RohitkrSh,dollysharma18,{}
RohitkrSh,hmv1970,{}
RohitkrSh,purpleblood316,{}
RohitkrSh,rajeshflyer,{}
RohitkrSh,KaushlendraVi17,{}
RohitkrSh,pandey909,{}
RohitkrSh,ssg_en,{}
RohitkrSh,BelosheVicky,{}
RohitkrSh,the_Raj_neeti,{}
RohitkrSh,ganakar,{}
RohitkrSh,RajatheKhiladi1,{}
RohitkrSh,seemabr01547101,{}
dollysharma18,Aryan_warlord,{}
dollysharma18,aavran2403,{}
hmv1970,Aryan_warlord,{}
we_are_2united,anwaral82572773,{}
we_are_2united,hinaishrath1,{}
shashi_talk,OlhyanViir,{}
UmangKhanna10,mehulmp,{}
UmangKhanna10,waterbot_h2o,{}
Pragya025,RaviSha23085869,{}
Capt_Ck,bonyuppal,{}
Capt_Ck,navpadda,{}
Capt_Ck,shikharskr,{}
Capt_Ck,Sritika_,{}
PankajSaxena84,ShreeSHuddar,{}
PankajSaxena84,noidwa,{}
PankajSaxena84,Shanaya52257368,{}
PankajSaxena84,1shivamgulati,{}
PankajSaxena84,BigBruhDatBruhs,{}
PankajSaxena84,vivekmukundan,{}
PankajSaxena84,uselessme_hec,{}
PankajSaxena84,RahulRa06689260,{}
shammi092,kaafi_KAAFIR,{}
DriverRamudu,mykishor,{}
DriverRamudu,IAmKrrish,{}
termt_5,Shehzadi_01,{}
termt_5,monu_thanvar,{}
termt_5,Soulfulgirl_Tia,{}
Prasant43831355,_parthkrsingh,{}
rajni_hemrajani,Ravi__Nagrecha,{}
RahulData13,_parthkrsingh,{}
RahulData13,Dazzler_Chauhan,{}
Al_Rasoool,Sanskar18554949,{}
Al_Rasoool,studentS5082247,{}
Al_Rasoool,MadhavSinghSngr,{}
Al_Rasoool,HiteshY09748761,{}
Al_Rasoool,MadhuMalti4,{}
Al_Rasoool,HrishikeshCP,{}
Al_Rasoool,AdityaRJagtap1,{}
Al_Rasoool,Satyam613,{}
Al_Rasoool,AnilDhi24511118,{}
Al_Rasoool,Ajendramohan,{}
Al_Rasoool,Rajput__adarsh,{}
SnehVerm1,Sanjay34066876,{}
TilaiyanCKS,Harshga74160397,{}
TilaiyanCKS,TanmayGawande16,{}
TilaiyanCKS,Akshaya10580961,{}
TilaiyanCKS,gkg733,{}
TilaiyanCKS,VinayCh36623463,{}
TilaiyanCKS,sharma1_mohit,{}
TilaiyanCKS,PNoviceCrypto,{}
TilaiyanCKS,shaileshraibhil,{}
shaileshraibhil,aavran2403,{}
katzy96,carlachrisellis,{}
Vidit02751600,Rapking85135039,{}
GuideforAll,ChinniSurya2,{}
GuideforAll,nripesh_kashyap,{}
GuideforAll,babuvadiyala,{}
GuideforAll,DIPAKPICHAD1,{}
GuideforAll,shubhransu10,{}
GuideforAll,Lodhiramesh8410,{}
GuideforAll,Mr360OfCricket1,{}
GuideforAll,ujjjwalgowda,{}
GuideforAll,Inn_Hasan,{}
GuideforAll,ManjuKichha5,{}
GuideforAll,venki_dhoni,{}
GuideforAll,hrg_anup_9ine_7,{}
GuideforAll,GKforKPSC,{}
MadCapProf,vijay005,{}
MadCapProf,sarthakgarg71,{}
MadCapProf,Phanind20455198,{}
MadCapProf,beingssap,{}
MadCapProf,SiddhiMahapatra,{}
MadCapProf,181Ravindra,{}
MadCapProf,awesomedesiiii,{}
SiddhiMahapatra,Aryan_warlord,{}
gjha88,TamalCh68944390,{}
gjha88,Alikenaukar,{}
gjha88,yamraj9,{}
gjha88,pratyus46249546,{}
gjha88,redox_reaction,{}
gjha88,BreakingClutter,{}
gjha88,AIOISOIA,{}
gjha88,xyz90864945,{}
gjha88,Suchsath1,{}
gjha88,Anti_Vultures,{}
gjha88,RPSLone5,{}
Alikenaukar,bossyourselves,{}
geetapandeyBBC,RuchiAngrish,{}
geetapandeyBBC,HingchongT,{}
geetapandeyBBC,p_mehdiratta,{}
geetapandeyBBC,UPA__Secular,{}
geetapandeyBBC,m_sal3m17,{}
geetapandeyBBC,RizviSalim,{}
geetapandeyBBC,knowabhilash,{}
geetapandeyBBC,CricBollyBuzz,{}
geetapandeyBBC,TRAVELtime123,{}
geetapandeyBBC,BBCIndia,{}
true0self,Ravi__Nagrecha,{}
RKYELDE,MeetuSi56857444,{}
Aryan_warlord,BeingVEGAN1,{}
Aryan_warlord,SAPYKGH,{}
Aryan_warlord,TrendingThough1,{}
Aryan_warlord,BhojKaal,{}
Aryan_warlord,Okhawaasi,{}
Aryan_warlord,dj1210495,{}
Aryan_warlord,sspatiala,{}
Aryan_warlord,ajaymunjal16,{}
Aryan_warlord,Doremon47903760,{}
Aryan_warlord,AlbusDu03822108,{}
exitaftereading,rradharahul,{}
exitaftereading,advsubhashsiyag,{}
exitaftereading,spirit_etrnl10,{}
exitaftereading,venkatkalyan1,{}
exitaftereading,wickedViks,{}
exitaftereading,Sushrut60581086,{}
exitaftereading,sujalkahitohoga,{}
exitaftereading,kishansharma4u,{}
exitaftereading,capunitrastogi,{}
exitaftereading,GauravSinghVat1,{}
exitaftereading,youknowme1_,{}
exitaftereading,avskrox,{}
exitaftereading,MrSanderzz,{}
exitaftereading,Ruchhan,{}
nileshm389,Dheer_Sameer,{}
nileshm389,DarthGosavvy,{}
real_farooque07,Goapl631747211,{}
TheHateli,anushka_shruti,{}
KhushhalRamban,borrasrinivas13,{}
SlayerSulla,9Yash21,{}
SlayerSulla,Samikshak71,{}
AmznZone,john_siracusa,{}
AmznZone,MravikPal,{}
Ravi__Nagrecha,Tanna_111,{}
Ravi__Nagrecha,GabbarSingh707,{}
Ravi__Nagrecha,KingidteinSumit,{}
Ravi__Nagrecha,kaur_ravindra,{}
Ravi__Nagrecha,Akanksh30607768,{}
Ravi__Nagrecha,DiptangshuDas10,{}
durwasasword,BagatiSoham,{}
imRKG9,globalhealthbot,{}
globalhealthbot,thenitishraj,{}
sri9011,rspchary_bkup,{}
sri9011,Tumbaaad2,{}
blunt_comment,AshishDwe,{}
Mr_SarveshKumar,rick101sharma,{}
Mr_SarveshKumar,Rnaroola1,{}
Mr_SarveshKumar,AnupamSharmaAdv,{}
chaitanya77W,rishabhcktd,{}
aavran2403,sdcssunlite7685,{}
aavran2403,Naresh90384992,{}
aavran2403,sameer_chdry,{}
aavran2403,sudhirvshetty01,{}
aavran2403,Kunal18710261,{}
aavran2403,srinu_3107,{}
aavran2403,Satishd1804,{}
aavran2403,rajivpathak27,{}
aavran2403,aksr2020,{}
RakeshP38932322,RakeshP38932322,{}
pra_teek24,rishavanand,{}
pra_teek24,vishesh_onyx,{}
iwinfairly,Ekalavya230,{}
iwinfairly,Jay_1123987,{}
neelbs,SaurabhJNU,{}
neelbs,SHASHWATPARIHA2,{}
neelbs,SAnsumali,{}
NamelessUncle,piedpiperlko,{}
_parthkrsingh,u_muhaniya,{}
_parthkrsingh,Beera143,{}
_parthkrsingh,SunilKu72465883,{}
_parthkrsingh,AKSHATT47041676,{}
_parthkrsingh,_parthkrsingh,{}
_parthkrsingh,Era86461448Era,{}
anjali_kalia,Deivakumar3,{}
anjali_kalia,vipinom,{}
anjali_kalia,meenapranam,{}
anjali_kalia,arvindnayak1,{}
bossyourselves,AseemAn33925929,{}
bossyourselves,ca_shwetaggl,{}
bossyourselves,BilalSayyad12,{}
bossyourselves,R_A_J___S_O_N_I,{}
bossyourselves,CerealInfires,{}
bossyourselves,Moosawaseem786,{}
Dazzler_Chauhan,madhavparivar,{}
Dazzler_Chauhan,VimlaCh76083257,{}
SaffronDelhite,k2ontwitt,{}
IndicSpectrum,ritu_joshi07,{}
swatskat,MohdImranIlyas,{}
swatskat,189cloud,{}
An1mEsH,_palarun,{}
