LFnord,ArseniKarp,{}
LFnord,WeenieLinguini,{}
ArseniKarp,palmoiltruther,{}
ArseniKarp,FlatOConspiracy,{}
ArseniKarp,BenPavey5,{}
ArseniKarp,MartyCrampton,{}
ArseniKarp,TheDailyPlane,{}
ArseniKarp,mdejager1972,{}
ArseniKarp,FactsTriggered,{}
ArseniKarp,Musatah3,{}
ArseniKarp,JonBird67947709,{}
ArseniKarp,DanielB59756947,{}
ArseniKarp,notanherb_tw,{}
ArseniKarp,ChandigarhShree,{}
ArseniKarp,qbertblue,{}
WeenieLinguini,palmoiltruther,{}
WeenieLinguini,FlatOConspiracy,{}
WeenieLinguini,BenPavey5,{}
WeenieLinguini,Spacehehehe,{}
WeenieLinguini,DNgercegi,{}
WeenieLinguini,Gr8Believer,{}
WeenieLinguini,BraAzrsonReal,{}
WeenieLinguini,TheDailyPlane,{}
WeenieLinguini,RealGirltown,{}
WeenieLinguini,ExistenceViable,{}
WeenieLinguini,qbertblue,{}
WeenieLinguini,Frequen15309040,{}
WeenieLinguini,izzySanchzStarr,{}
WeenieLinguini,AndrewDibble3,{}
WeenieLinguini,libertythotsmom,{}
WeenieLinguini,Mr_Jones_1972,{}
WeenieLinguini,thefepodcast,{}
WeenieLinguini,RealTimOzman,{}
WeenieLinguini,bg_anon,{}
WeenieLinguini,NripenDSarma,{}
WeenieLinguini,Get_AaronRKing,{}
WeenieLinguini,SchreckWilliams,{}
WeenieLinguini,JonBird67947709,{}
WeenieLinguini,EdSchroedinger,{}
WeenieLinguini,D_P_com,{}
WeenieLinguini,Temulkar,{}
WeenieLinguini,DanielB59756947,{}
WeenieLinguini,ItsMrSensible,{}
WeenieLinguini,jakec52016370,{}
WeenieLinguini,LandbackSmoke,{}
WeenieLinguini,Sebastianenenen,{}
WeenieLinguini,MartyCrampton,{}
WeenieLinguini,mdejager1972,{}
WeenieLinguini,AidanTrusso,{}
WeenieLinguini,merooroger,{}
WeenieLinguini,L1feToDryBone,{}
WeenieLinguini,globe_4_life,{}
WeenieLinguini,ahhhlison,{}
WeenieLinguini,Dunn7227,{}
WeenieLinguini,_Aloominati_,{}
WeenieLinguini,rikkcarey,{}
WeenieLinguini,803_9404,{}
WeenieLinguini,Truman_Roswell,{}
WeenieLinguini,RickMon78020349,{}
WeenieLinguini,Flatearthrealo1,{}
WeenieLinguini,w1lltx,{}
WeenieLinguini,theSGM4,{}
WeenieLinguini,NightSymposium,{}
WeenieLinguini,strange_trek,{}
WeenieLinguini,myquartermyplay,{}
WeenieLinguini,James_Hawke1,{}
WeenieLinguini,EFT_Seattle,{}
WeenieLinguini,FlatFlix,{}
WeenieLinguini,SkepticSplinter,{}
WeenieLinguini,attenduntomycry,{}
WeenieLinguini,raayyyyy_rayyyy,{}
WeenieLinguini,FactsTriggered,{}
WeenieLinguini,Kythra2,{}
WeenieLinguini,Musatah3,{}
WeenieLinguini,motistotis95,{}
WeenieLinguini,Santhosh16248,{}
WeenieLinguini,The_BigQ,{}
WeenieLinguini,StephStance,{}
WeenieLinguini,Rachmat_indra,{}
WeenieLinguini,DanangTiyasworo,{}
WeenieLinguini,mysaladpie,{}
WeenieLinguini,limitedview,{}
WeenieLinguini,BeneficentActs,{}
WeenieLinguini,METALJIMMY123,{}
WeenieLinguini,SougPaul,{}
WeenieLinguini,stockbrokergen,{}
WeenieLinguini,AlyssaFadenMaps,{}
WeenieLinguini,TimeForTruth22,{}
WeenieLinguini,l_hodge12,{}
WeenieLinguini,jester1147,{}
WeenieLinguini,Znake13,{}
WeenieLinguini,LoveThyWord_KJB,{}
WeenieLinguini,gmanZeN,{}
WeenieLinguini,Cultsknowbest,{}
WeenieLinguini,Michael21387834,{}
WeenieLinguini,AenesidemusOZ,{}
WeenieLinguini,FilmRound,{}
WeenieLinguini,SnapDaddyFresh,{}
WeenieLinguini,sentientism,{}
WeenieLinguini,hingang,{}
WeenieLinguini,TheEarthIsFlat2,{}
WeenieLinguini,ScrappyN,{}
WeenieLinguini,kcalhoun17,{}
WeenieLinguini,ThisIsBarre,{}
WeenieLinguini,AdamPower395,{}
WeenieLinguini,peter_gaitho,{}
WeenieLinguini,ThomasJamesMcC2,{}
WeenieLinguini,Ibrarkiscience,{}
WeenieLinguini,scarahatesu,{}
WeenieLinguini,kand3r121,{}
WeenieLinguini,StudyFlatEarth,{}
WeenieLinguini,gregsmithe1,{}
WeenieLinguini,jobas6a,{}
WeenieLinguini,VigleikM,{}
WeenieLinguini,MasterDebateNet,{}
WeenieLinguini,notanherb_tw,{}
WeenieLinguini,VivanPelirrojas,{}
WeenieLinguini,liamaboff,{}
WeenieLinguini,MODELEYEOVR_,{}
WeenieLinguini,shanecorning,{}
WeenieLinguini,NatalieWINSOfcl,{}
WeenieLinguini,Rakhifatema38,{}
WeenieLinguini,conspiracy_cult,{}
WeenieLinguini,yorkshirenative,{}
WeenieLinguini,timyagley,{}
WeenieLinguini,g_glays,{}
WeenieLinguini,BUGdummst,{}
WeenieLinguini,ChandigarhShree,{}
WeenieLinguini,kenny_g37,{}
WeenieLinguini,Sh33plePredator,{}
WeenieLinguini,Bizcuitman,{}
WeenieLinguini,TruthWantedLive,{}
WeenieLinguini,KrauseForIowa,{}
WeenieLinguini,tommkoby,{}
WeenieLinguini,DJCTruth,{}
WeenieLinguini,conspiracydawg,{}
WeenieLinguini,motopsycho4,{}
WeenieLinguini,marybaphomet,{}
FlatOConspiracy,smadygo,{}
FlatOConspiracy,TakeThatEarth,{}
FlatOConspiracy,FEcourious,{}
FlatOConspiracy,Captainswoop1,{}
halfwayrod,anniekim793,{}
halfwayrod,DanielaDobos9,{}
halfwayrod,dragonfly_37,{}
halfwayrod,9HUrne5nPVQ7p5h,{}
halfwayrod,cholyounghwan7,{}
halfwayrod,liamcixaga,{}
halfwayrod,199six,{}
halfwayrod,GreatAugusto,{}
halfwayrod,Ultraman_______,{}
halfwayrod,z__zizel,{}
halfwayrod,marcel6013,{}
halfwayrod,HootusBootus,{}
halfwayrod,Qiiinn,{}
halfwayrod,cassiopediaa,{}
halfwayrod,nabiipalsu,{}
Spacehehehe,LoiusVDemon,{}
Spacehehehe,StevenW44946909,{}
Spacehehehe,Frequen15309040,{}
Spacehehehe,PaulW10499156,{}
Spacehehehe,CarlHen10428180,{}
Spacehehehe,robdogthetopdog,{}
Spacehehehe,connollyjojo,{}
Spacehehehe,taka19737557,{}
Spacehehehe,AdamJoshDotCom,{}
Spacehehehe,screwnasapunks,{}
Spacehehehe,Nothing37849243,{}
Spacehehehe,sanctuary7_,{}
Spacehehehe,drewwood30,{}
Spacehehehe,deVOLS98,{}
Spacehehehe,seretideforwael,{}
Spacehehehe,Jon_Murray,{}
Spacehehehe,GBob2020,{}
Spacehehehe,chengmao10,{}
Spacehehehe,TierraPlana11,{}
Spacehehehe,baaaaayK,{}
Spacehehehe,EFT_Seattle,{}
Spacehehehe,SolarFedr8ON,{}
Spacehehehe,Roberto00581560,{}
Spacehehehe,FHenicke,{}
Spacehehehe,jimmyroybloom,{}
Spacehehehe,deadprogrammer,{}
Spacehehehe,Pawzosrs,{}
Spacehehehe,TheEarthIsFlat2,{}
Spacehehehe,bradical97,{}
Spacehehehe,voltmanone,{}
Spacehehehe,FGlowies,{}
Spacehehehe,Faisal11930,{}
Spacehehehe,111hero1112,{}
Spacehehehe,thfabledfascist,{}
Spacehehehe,evercoss,{}
Spacehehehe,TrevorW44847078,{}
Spacehehehe,22ClaytonCouto,{}
Spacehehehe,alyssaesther77,{}
Spacehehehe,priBUMI_DATAR,{}
Spacehehehe,A__K__R__M,{}
Spacehehehe,ThankfulInFL,{}
Spacehehehe,CorradoTheresa,{}
Spacehehehe,hvflatearth,{}
Spacehehehe,Stonejack87,{}
Spacehehehe,N3XtLevel0,{}
Spacehehehe,Evelynl45958116,{}
Spacehehehe,ahhhlison,{}
Spacehehehe,frederi02954841,{}
Spacehehehe,CLUB04437271,{}
Spacehehehe,Snake_KGB,{}
Spacehehehe,jinn1233,{}
Spacehehehe,VylkoS,{}
Spacehehehe,C8red8r,{}
Spacehehehe,gmmanikandaraja,{}
Spacehehehe,SKP54631836,{}
Spacehehehe,irrelevantGod97,{}
Spacehehehe,masshole39,{}
Spacehehehe,CaseyDonner,{}
Spacehehehe,FaithfulAim,{}
Spacehehehe,alialhashmi44,{}
Spacehehehe,Lorobawa,{}
Spacehehehe,summerbreeze712,{}
Spacehehehe,gorillaszn,{}
Spacehehehe,thedarkblood149,{}
Spacehehehe,teknobirdblog,{}
Spacehehehe,TheBeatMasta,{}
Spacehehehe,judeester,{}
Spacehehehe,tommysolarz,{}
Spacehehehe,Fieldy8181,{}
Spacehehehe,BringXMe2XHell,{}
Spacehehehe,xyfii_,{}
Spacehehehe,gregoryagogo,{}
Spacehehehe,countingsheep4u,{}
Spacehehehe,MsMissyBridge76,{}
Spacehehehe,wmissyb,{}
Spacehehehe,KNeo07,{}
Spacehehehe,mohsach,{}
Spacehehehe,miles801,{}
Spacehehehe,Tayyaba39484623,{}
Spacehehehe,atumatomadam,{}
Spacehehehe,CMazonka,{}
Spacehehehe,Strangedays_7,{}
Spacehehehe,cm_baldwin,{}
Spacehehehe,Cestsa97,{}
Spacehehehe,FEcourious,{}
Spacehehehe,_iam_dixOn,{}
Spacehehehe,TueseCAhkiong,{}
Spacehehehe,KyleSpeakFrench,{}
Spacehehehe,theassholee,{}
Spacehehehe,RosUNwell,{}
Spacehehehe,Antonio23441289,{}
Spacehehehe,lionyalcin,{}
Spacehehehe,Celestial_words,{}
Spacehehehe,142533A,{}
Spacehehehe,Honor40577799,{}
Spacehehehe,RealtorLolita,{}
Spacehehehe,Shakeel83520468,{}
Spacehehehe,HoesMad4Real,{}
Spacehehehe,KidusYoseph13,{}
Spacehehehe,iambharathking,{}
Spacehehehe,PoundStuart,{}
Spacehehehe,George56467116,{}
Spacehehehe,sweinstegermula,{}
Spacehehehe,MarkGarnett5,{}
Spacehehehe,Alex07282231,{}
Spacehehehe,Blue26Jackson,{}
Spacehehehe,tater2112,{}
Spacehehehe,marioreyeszarco,{}
Spacehehehe,346hole,{}
Spacehehehe,FlatEarthIndy,{}
Spacehehehe,aquilottobianco,{}
Spacehehehe,wannatalkhealth,{}
Spacehehehe,lordspencer,{}
Spacehehehe,SayujThovarayi,{}
Spacehehehe,vegabon81602603,{}
Spacehehehe,ozatesozhan,{}
Spacehehehe,cashupcash,{}
Spacehehehe,_James_Wilson,{}
Spacehehehe,EverythangQ,{}
Spacehehehe,YazidKariem,{}
Spacehehehe,barmanamar1976,{}
Spacehehehe,Magagog,{}
Spacehehehe,Nyceti_1,{}
Spacehehehe,factsofplanet,{}
Spacehehehe,gatomuyloco,{}
Spacehehehe,CyclingSteroids,{}
Spacehehehe,wotan999,{}
Spacehehehe,Oriewo,{}
Spacehehehe,Corine15671184,{}
Spacehehehe,Royal_Time,{}
Spacehehehe,zibi20cc,{}
Spacehehehe,GaneshaBuddha10,{}
Spacehehehe,psalmstwothree,{}
Spacehehehe,gnemsa,{}
Spacehehehe,B_Rodan88,{}
Spacehehehe,HalfTater,{}
Spacehehehe,bobstanley415,{}
Spacehehehe,BM04_,{}
Spacehehehe,Ped__________,{}
Spacehehehe,1010by11x1,{}
Spacehehehe,NowChurchRepent,{}
Spacehehehe,krisslynna,{}
Spacehehehe,Rachmat_indra,{}
Spacehehehe,R_OG_2021,{}
Spacehehehe,Shaz85101,{}
Spacehehehe,kiptoobiwot,{}
Spacehehehe,KonoshaLloyd,{}
Spacehehehe,FlatMack,{}
Spacehehehe,Jez87865074,{}
Spacehehehe,munuma00,{}
Spacehehehe,JonBird67947709,{}
Spacehehehe,sofinique1,{}
Spacehehehe,davidry98296134,{}
Spacehehehe,6wRich,{}
Spacehehehe,DAlZ0R0,{}
Spacehehehe,BrandonN1271,{}
Spacehehehe,patjcarey,{}
Spacehehehe,SAM12317,{}
Spacehehehe,eclat0512,{}
Spacehehehe,LeanKoontz,{}
Spacehehehe,grimjowl_scag,{}
Spacehehehe,JoyceBo54010493,{}
Spacehehehe,FlatEarthD,{}
Spacehehehe,firstcontactnow,{}
Spacehehehe,Eddieeyesopen,{}
Spacehehehe,LloydWayland,{}
Spacehehehe,ca_m82,{}
Spacehehehe,Cryptonk2,{}
Spacehehehe,FlatEarthCity,{}
Spacehehehe,david42762383,{}
Spacehehehe,AarunNas,{}
Spacehehehe,Survivors369,{}
Spacehehehe,UnicornDreams66,{}
Spacehehehe,TheEarthIsFlatx,{}
Spacehehehe,matthew_fraijo,{}
Spacehehehe,Janetrich61,{}
Spacehehehe,Mujiboer,{}
Spacehehehe,MinClue,{}
Spacehehehe,Coloniexx,{}
Spacehehehe,irishyiddo13,{}
Spacehehehe,Biyanaf,{}
Spacehehehe,Capaik8,{}
Spacehehehe,SenatrMandujano,{}
Spacehehehe,Sherrey9,{}
Spacehehehe,AutumnProducti1,{}
Spacehehehe,reuvenyaaqov,{}
Spacehehehe,_Dan420,{}
Spacehehehe,mahmoodoffcial,{}
Spacehehehe,LoBos24711,{}
Spacehehehe,AlexisGavros11,{}
Spacehehehe,40yearsyoung1,{}
Spacehehehe,desaprendator,{}
Spacehehehe,thepunisher1771,{}
Spacehehehe,pakdedungpret,{}
Spacehehehe,JimmyFE1,{}
Spacehehehe,Lumineuse72,{}
Spacehehehe,ghost17559248,{}
Spacehehehe,TANIGUTI_Yu_059,{}
Spacehehehe,alki_bulan,{}
Spacehehehe,olddudegaming73,{}
Spacehehehe,asuna3a,{}
Spacehehehe,HappyParrotGam1,{}
Spacehehehe,Poder_Brutal,{}
Spacehehehe,liyupunice,{}
Spacehehehe,ramazan_firin,{}
Spacehehehe,Kamikray,{}
Spacehehehe,RobertM43718394,{}
Spacehehehe,Icyen,{}
Spacehehehe,DeusVul7,{}
Spacehehehe,sous_beanie_,{}
Spacehehehe,fuckpeanutbutt1,{}
Spacehehehe,IhtishamAhmed15,{}
Spacehehehe,yaboimikey_420,{}
Spacehehehe,PhysicsNerd5,{}
Spacehehehe,emillyrosex,{}
Spacehehehe,GeorgeK85395087,{}
Spacehehehe,CanonNunley,{}
Spacehehehe,Ethan_Hitch,{}
Spacehehehe,4h6r4kpf,{}
Spacehehehe,swaggiemyers,{}
Spacehehehe,ibeatautism,{}
Spacehehehe,ParrotPapa69,{}
Spacehehehe,EmptyMusicNFT,{}
Spacehehehe,flaterf_,{}
Spacehehehe,Bosniens_Prinz,{}
Spacehehehe,trapadvisor49,{}
Spacehehehe,Trashgod66,{}
Spacehehehe,FiireflyOW,{}
Spacehehehe,rjj8877,{}
Spacehehehe,JuliusLynch,{}
Spacehehehe,Eemojo1,{}
Spacehehehe,te_enamores,{}
Spacehehehe,sofiaest2,{}
Spacehehehe,Callum619smith,{}
Spacehehehe,carlespinta,{}
Spacehehehe,Aden_Bradley,{}
Spacehehehe,Lus00875676,{}
Spacehehehe,RodriquezH20,{}
Spacehehehe,18WheelerG,{}
Spacehehehe,123_justdoit,{}
Spacehehehe,FRV63,{}
Spacehehehe,rlitsjosh,{}
Spacehehehe,deleuzist,{}
Spacehehehe,AllahGodLord1st,{}
Spacehehehe,Longpha81304571,{}
Spacehehehe,HumanoidTyphoo8,{}
Spacehehehe,happybluebird62,{}
Spacehehehe,FlatFlix,{}
Spacehehehe,AntoinettFriend,{}
Spacehehehe,b7d6d540d95f481,{}
Spacehehehe,just_ariesta,{}
Spacehehehe,Jenifer46277051,{}
Spacehehehe,EelcoBB,{}
Spacehehehe,ZMphofana,{}
Spacehehehe,jhopps75,{}
Spacehehehe,DavidJo62925198,{}
Spacehehehe,PDemic,{}
Spacehehehe,PhuketWord,{}
Spacehehehe,ardhierre,{}
StevenW44946909,EFT_Seattle,{}
Frequen15309040,RachelFreeland2,{}
Frequen15309040,TakeThatDarwin,{}
Frequen15309040,Moxystar2,{}
Frequen15309040,MaryHofstette17,{}
Frequen15309040,sang_alang,{}
Frequen15309040,CraigRatbag,{}
CarlHen10428180,AustralisPiper,{}
taka19737557,amerkhattak27,{}
taka19737557,EFT_Seattle,{}
taka19737557,BasttiasMK,{}
AdamJoshDotCom,AdamJoshDotCom,{}
AdamJoshDotCom,disaled376,{}
AdamJoshDotCom,IsraelUnit8200,{}
AdamJoshDotCom,DeVerdad15,{}
AdamJoshDotCom,screwnasapunks,{}
AdamJoshDotCom,BasttiasMK,{}
seretideforwael,BasttiasMK,{}
AenesidemusOZ,CaraMia200,{}
AenesidemusOZ,ConvictChick,{}
AenesidemusOZ,favfavalore,{}
AenesidemusOZ,LindaBronte5,{}
AenesidemusOZ,StephanieKakos1,{}
AenesidemusOZ,ElaineM11584892,{}
AenesidemusOZ,MSikimeti,{}
AenesidemusOZ,digifellaCO,{}
AenesidemusOZ,JohnLocker4,{}
AenesidemusOZ,rputland,{}
AenesidemusOZ,rmabennett,{}
AenesidemusOZ,derrychristy,{}
AenesidemusOZ,ABCfriendsWA,{}
AenesidemusOZ,PsychosisFuzz,{}
AenesidemusOZ,peggymel2001,{}
DNgercegi,dervish85823619,{}
DNgercegi,AbuDauiske,{}
AbuDauiske,BraAzrsonReal,{}
Gr8Believer,faithful_sally,{}
EFT_Seattle,EFT_Seattle,{}
EFT_Seattle,FlatSmacker,{}
EFT_Seattle,IbnTayyar,{}
EFT_Seattle,Every_silence,{}
EFT_Seattle,CIACrackDealer,{}
EFT_Seattle,incorrectscara,{}
EFT_Seattle,wA1A1_,{}
EFT_Seattle,truther_sssss,{}
EFT_Seattle,ahhammmaaad,{}
EFT_Seattle,Ssshhheeyyy,{}
EFT_Seattle,BetSafeBSC,{}
EFT_Seattle,simran_1717,{}
EFT_Seattle,ZakuEnjoyer,{}
EFT_Seattle,_christineeee,{}
EFT_Seattle,aneres9193,{}
EFT_Seattle,Kevinthepop,{}
EFT_Seattle,in_a_j4r,{}
EFT_Seattle,FLATEARTH111,{}
EFT_Seattle,aldavida,{}
BraAzrsonReal,ahhhlison,{}
BraAzrsonReal,22ClaytonCouto,{}
BraAzrsonReal,Foulkesy1,{}
BraAzrsonReal,Coloniexx,{}
IEAffiliate,rikkcarey,{}
TakeThatEarth,BasttiasMK,{}
qbertblue,FlatSlugbrains,{}
libertythotsmom,sameerMohan2,{}
evercoss,thefepodcast,{}
evercoss,SchreckWilliams,{}
RachelFreeland2,hollow_maven,{}
RachelFreeland2,Dm_deyo,{}
RachelFreeland2,NASolutions,{}
RachelFreeland2,Reborn_Castle,{}
AndrewDibble3,cathyannwelsh,{}
thefepodcast,DoctorX2112,{}
thefepodcast,86ohboy,{}
thefepodcast,daytripper_33,{}
thefepodcast,DavidScottLane,{}
thefepodcast,VorzugOfficial,{}
RealTimOzman,LiarsInCharge,{}
RealTimOzman,mpit2008,{}
RealTimOzman,DarkMatterTIM,{}
NripenDSarma,Guwahatias,{}
NripenDSarma,CodeAttBot,{}
D_P_com,D_P_com,{}
D_P_com,Xaquery1,{}
D_P_com,AustralisPiper,{}
JonBird67947709,PhuketWord,{}
JonBird67947709,JonBird67947709,{}
Temulkar,Temulkar,{}
AnothervoiceWB,Montefrio31,{}
AnothervoiceWB,JohnMarcmail,{}
AnothervoiceWB,Gailsprowell,{}
AnothervoiceWB,wimthetim,{}
AnothervoiceWB,Artboy1,{}
AnothervoiceWB,groganjim,{}
AnothervoiceWB,aandywilson1,{}
AnothervoiceWB,mnimnh,{}
AnothervoiceWB,HSillitto,{}
AnothervoiceWB,HughJaeger,{}
AnothervoiceWB,AnothervoiceWB,{}
AnothervoiceWB,Condefucius,{}
AnothervoiceWB,hildaibrahim2,{}
AnothervoiceWB,LittleBirdSteph,{}
AnothervoiceWB,systonhouse,{}
AnothervoiceWB,VoteYesSept,{}
AnothervoiceWB,janemariewest,{}
AnothervoiceWB,Andrew9Boswell,{}
AnothervoiceWB,SrtobrienO,{}
ItsMrSensible,angelohrg,{}
ItsMrSensible,paulpatten,{}
mdejager1972,MangoTekk,{}
AidanTrusso,AidanTrusso,{}
AidanTrusso,69Deez_Nuts420,{}
L1feToDryBone,Murogoli1,{}
globe_4_life,inbybits2,{}
_Aloominati_,cerebralsymphoy,{}
_Aloominati_,Pauline54232922,{}
_Aloominati_,Grahanimal,{}
_Aloominati_,NigelCo14798581,{}
_Aloominati_,BurntOutUtopian,{}
_Aloominati_,ukwondering,{}
_Aloominati_,Son_of_Space,{}
_Aloominati_,AlanAlan5240751,{}
_Aloominati_,OtherCosmonauta,{}
_Aloominati_,GaiaPluto,{}
_Aloominati_,PremSanjiva,{}
_Aloominati_,plutocero,{}
_Aloominati_,baconised,{}
_Aloominati_,TheTrueCompton,{}
_Aloominati_,agargmd,{}
BurntOutUtopian,sentientism,{}
Son_of_Space,sentientism,{}
OtherCosmonauta,sentientism,{}
RyaanFEP,bluedreamusa,{}
RyaanFEP,FlatEarthCity,{}
muttslikeme,AndroidPharaoh,{}
Truman_Roswell,TommyKyle95,{}
Truman_Roswell,UKPW_Wrestling,{}
Truman_Roswell,DannyBlack_99,{}
Truman_Roswell,SoapBoxRasslin,{}
NightSymposium,NightSymposium,{}
NightSymposium,career_vault,{}
strange_trek,OlgaViota,{}
strange_trek,Nicoletto,{}
strange_trek,DacrioS,{}
strange_trek,trigork,{}
strange_trek,Arcalaus28,{}
strange_trek,LenguaDePlata,{}
strange_trek,TheKreat0r,{}
strange_trek,belfegordo,{}
strange_trek,KrisolRDC,{}
strange_trek,superlayo_,{}
strange_trek,XIIIMagnum,{}
strange_trek,GothgirlloverT,{}
strange_trek,AitorIErana,{}
strange_trek,MarioJPC,{}
strange_trek,desselebrada,{}
strange_trek,emiajleunam,{}
strange_trek,everyone_stuff,{}
strange_trek,adtothebone,{}
James_Hawke1,MahadevaMandir,{}
FlatFlix,matrix_escapee,{}
FlatFlix,Mrvgs58,{}
FlatFlix,BAMABREEZER1,{}
FlatFlix,MrsCsCookies,{}
FlatFlix,uncjay1,{}
FlatFlix,tomhasnodrip,{}
FlatFlix,Montadhur1,{}
FlatFlix,PLouiseKing,{}
FlatFlix,vuds5,{}
FlatFlix,FlatFlix,{}
FlatFlix,TrishaMaloney,{}
FlatFlix,Zoey14650571,{}
FlatFlix,CraftmanJonas,{}
FlatFlix,SmashUltimateP3,{}
FlatFlix,TaehongChowa,{}
FlatFlix,dremation11,{}
FlatFlix,LSpringall,{}
FlatFlix,mkmk3_5,{}
FlatFlix,SAlburaik,{}
FlatFlix,ericarios73,{}
FlatFlix,us_text,{}
FlatFlix,KarenOggs,{}
FlatFlix,Babsbabb,{}
FlatFlix,Called2Christ,{}
FlatFlix,TRUMPsChrisTmas,{}
FlatFlix,VickiDale12,{}
FlatFlix,AmDigitalNews,{}
FlatFlix,TheStor07484946,{}
FlatFlix,scottfreeanon,{}
FlatFlix,DeannPudenz,{}
FlatFlix,micthetrainer,{}
FactsTriggered,FactsTriggered,{}
FactsTriggered,AustralisPiper,{}
Musatah3,flatearth011,{}
YoussefDisla,AR3oOO0C_DX_VHF,{}
YoussefDisla,JohnCounts,{}
YoussefDisla,Johnnyf46148074,{}
YoussefDisla,lagertha66,{}
YoussefDisla,politoken,{}
YoussefDisla,nationwideusa,{}
YoussefDisla,floridajanitor,{}
YoussefDisla,radiationsurvey,{}
YoussefDisla,thepluglist,{}
YoussefDisla,EndemolNews,{}
YoussefDisla,KASH_Presents,{}
The_BigQ,The_BigQ,{}
StephStance,RhondaSue2008,{}
StephStance,KnowMor90426810,{}
StephStance,KrisBlair13,{}
StephStance,Brockathy,{}
StephStance,LynnSantiago84,{}
StephStance,America17372411,{}
StephStance,ihiz300,{}
StephStance,TrilbySmith2,{}
BeneficentActs,BeneficentActs,{}
alialhashmi44,amerkhattak27,{}
Magagog,BasttiasMK,{}
gatomuyloco,BasttiasMK,{}
Royal_Time,BasttiasMK,{}
WordTheir,GerbusJames,{}
muriithi_dot_io,CheshireScat528,{}
jester1147,L1L4ndT4sty,{}
jester1147,BIGDaas,{}
jester1147,DeinoWall,{}
jester1147,wizoatonz,{}
jester1147,KatWells2,{}
jester1147,Lady_Kittia,{}
jester1147,RubyTalyn,{}
FilmRound,2Bigfootrules,{}
dot_socratic,Veritatem2021,{}
LoveThyWord_KJB,LoveThyWord_KJB,{}
bringsnacks__,Patwithahat_MNL,{}
bringsnacks__,godfrey_G_,{}
bringsnacks__,Pippipipo,{}
bringsnacks__,SweggDev,{}
bringsnacks__,Jasonlo19809025,{}
bringsnacks__,HyQyle,{}
bringsnacks__,EBRyoj06,{}
bringsnacks__,WRhettKing,{}
bringsnacks__,AntaresTerry,{}
bringsnacks__,_andr3costa_,{}
bringsnacks__,SyamsulBahtiar,{}
bringsnacks__,skj8728,{}
bringsnacks__,atargatis__,{}
bringsnacks__,msflbhr,{}
bringsnacks__,NorfolkStarwatc,{}
bringsnacks__,weerd112,{}
bringsnacks__,DabMarino305,{}
bringsnacks__,The_Sarcastic_J,{}
bringsnacks__,rimayas,{}
bringsnacks__,Laportaestevez1,{}
gmanZeN,popupnottingham,{}
drwint,StoriesTweet,{}
sentientism,BigBlueMarble8,{}
sentientism,habitans_,{}
sentientism,james_shepard_3,{}
sentientism,LizJService,{}
sentientism,sciencetime_jp,{}
sentientism,DrCoreyLeeWrenn,{}
sentientism,TRobins65592394,{}
ScrappyN,caro_aldama,{}
ScrappyN,woef1974,{}
ScrappyN,tevet,{}
kcalhoun17,liamaboff,{}
peter_gaitho,KaiclXRP,{}
peter_gaitho,peter_gaitho,{}
woke_juice,Deborah97765153,{}
woke_juice,Ficuselastica1,{}
scarahatesu,IMPURETWINKLING,{}
scarahatesu,andante_7,{}
scarahatesu,xiaovenceo,{}
kand3r121,kand3r121,{}
kand3r121,MEConstitution,{}
MEConstitution,FlatSmacker,{}
gregsmithe1,adrenogate,{}
gregsmithe1,DeKition,{}
gregsmithe1,Ctf007S,{}
gregsmithe1,9_righte,{}
gregsmithe1,CTF007C,{}
VigleikM,jonborge2,{}
VivanPelirrojas,kowloonsunday,{}
TheHebrewGuru,asho_maker,{}
NatalieWINSOfcl,pizzapopbimu,{}
AustralisPiper,SonyaSeigel,{}
AustralisPiper,EyesFossil,{}
AustralisPiper,ZimmermanV66,{}
AustralisPiper,dizzidi67,{}
AustralisPiper,Gusti_SL,{}
AustralisPiper,HarlysCorner,{}
AustralisPiper,FlatEarthFairy,{}
AustralisPiper,HyperPiper17,{}
AustralisPiper,fdorfberg,{}
AustralisPiper,NuckChorris16,{}
AustralisPiper,davestewart4444,{}
AustralisPiper,i_Feeu_2,{}
AustralisPiper,Mclhondamp4421,{}
AustralisPiper,earthtru,{}
AustralisPiper,hwassi1,{}
AustralisPiper,SolarElectrics,{}
FlatSlugbrains,ellethejambo,{}
FlatSlugbrains,TakeThatGods,{}
FlatSlugbrains,Shoggoth_Queen,{}
FlatSlugbrains,stuartaken,{}
FlatSlugbrains,KeithAd92926261,{}
FlatSlugbrains,RozzieVox,{}
FlatSlugbrains,Rants4Science,{}
FlatSlugbrains,OrinjNanu,{}
FlatSlugbrains,fastestfredy,{}
FlatSlugbrains,maxheadroom1983,{}
FlatSlugbrains,AudiozooMusic,{}
FlatSlugbrains,SfaLumberjack21,{}
FlatSlugbrains,bikinatroll,{}
FlatSlugbrains,J5_Project,{}
FlatSlugbrains,beretta_gio,{}
bikinatroll,HoloBuzz,{}
amerkhattak27,profsiletsky,{}
amerkhattak27,am99ammar,{}
amerkhattak27,77Billyboy,{}
amerkhattak27,le23354444,{}
amerkhattak27,machirinman,{}
amerkhattak27,ALITA48055537,{}
amerkhattak27,4h6r4kpf,{}
amerkhattak27,you__n__us,{}
amerkhattak27,lelaki_musibat,{}
amerkhattak27,coll61490833,{}
amerkhattak27,SubversiveJared,{}
amerkhattak27,ponytailll_d,{}
amerkhattak27,yahkiniku,{}
amerkhattak27,princesskaaayy1,{}
amerkhattak27,AlfieKS,{}
maria_alexea,maria_alexea,{}
FlatSmacker,sous_beanie_,{}
FlatSmacker,notcicholtxt,{}
FlatSmacker,DavideRoja,{}
FlatSmacker,FlatEarthRT,{}
BUGdummst,amonloading,{}
BasttiasMK,n_hodd,{}
BasttiasMK,umekichiFE,{}
BasttiasMK,BOBOJOSKO,{}
BasttiasMK,Gumby75250024,{}
BasttiasMK,Bensamsona1,{}
BasttiasMK,ParisUsa333,{}
BasttiasMK,AOhni,{}
BasttiasMK,Carlos572012366,{}
BasttiasMK,Tierraplana6,{}
BasttiasMK,shnitzle73,{}
ChandigarhShree,form_bot,{}
Sh33plePredator,dmill187,{}
KrauseForIowa,RemoveGOPNOW,{}
KrauseForIowa,jmh6225,{}
KrauseForIowa,SylviaB26189116,{}
KrauseForIowa,KrauseForIowa,{}
KrauseForIowa,wcrmares,{}
KrauseForIowa,kaunghtetkyaw10,{}
KrauseForIowa,jbinia,{}
PLayerBoRsa,PLayerBoRsa,{}
FlatEarthOrg,bajanboyhindz,{}
FlatEarthOrg,TheUglyMf24,{}
FlatEarthOrg,villard82987534,{}
FlatEarthOrg,LAPICTURES100,{}
FlatEarthOrg,mjosu3a,{}
FlatEarthOrg,SmsBoss,{}
FlatEarthOrg,banyakanbacot,{}
FlatEarthOrg,abdallah69,{}
FlatEarthOrg,lkjh98762,{}
FlatEarthOrg,jamemvisst,{}
FlatEarthOrg,MineXJasmine,{}
FlatEarthOrg,MackJitch,{}
FlatEarthOrg,aeramadhanni,{}
FlatEarthOrg,MixhaelOxlong,{}
FlatEarthOrg,ErikHOYMOEN,{}
FlatEarthOrg,SilvioMarinoSan,{}
FlatEarthOrg,TonyT_TacoEater,{}
FlatEarthOrg,al_ayubi411,{}
motopsycho4,duderise,{}
marybaphomet,Devim0n,{}
