sameepshastri,sameepshastri,{}
bee_papaya,julietrosejames,{}
bee_papaya,MrsAngelMiller,{}
bee_papaya,anacgs6,{}
bee_papaya,Rose44537545,{}
bee_papaya,Gellert08956892,{}
bee_papaya,lara1574,{}
bee_papaya,Beeee51,{}
bee_papaya,Dedeehsz,{}
bee_papaya,aleeenicolini,{}
bee_papaya,Sarah05031966,{}
bee_papaya,donutlife98,{}
bee_papaya,u3065611,{}
bee_papaya,aviaum,{}
bee_papaya,TheBluntDagger,{}
bee_papaya,ByeSuccubus,{}
bee_papaya,CherylD59995761,{}
bee_papaya,LuizaSo68849728,{}
bee_papaya,PennywiseJulia,{}
bee_papaya,Lou15118146,{}
bee_papaya,SanguineNW,{}
bee_papaya,Christi30683222,{}
bee_papaya,Mak158Marc,{}
bee_papaya,NanceDee,{}
bee_papaya,MayFox2319,{}
IvanCNN,RazvenHK,{}
IvanCNN,loveiseasyas123,{}
IvanCNN,jadynbsham,{}
IvanCNN,klustout,{}
IvanCNN,Kirk4Defiance,{}
IvanCNN,JessieGretener,{}
IvanCNN,badboytiar,{}
Khushi4justice,nuthan_ch,{}
Khushi4justice,PurnimaSengup11,{}
Khushi4justice,_ADITICHOURASIA,{}
Khushi4justice,nisha_ukris,{}
Khushi4justice,its_your_komal,{}
Khushi4justice,SsriansUnited,{}
Khushi4justice,Anjali_ssrian,{}
Khushi4justice,Ssrdishajustice,{}
Khushi4justice,its_Rishika_,{}
Khushi4justice,Sush_Lov,{}
Khushi4justice,Keerthi85728099,{}
Khushi4justice,ChintuJainHS,{}
Khushi4justice,LuvUSushant,{}
Khushi4justice,FLIPKART_420,{}
Khushi4justice,Cautious_Nature,{}
Khushi4justice,SmyCraze,{}
Khushi4justice,DIPIKA76375797,{}
Khushi4justice,arpitaP18,{}
Khushi4justice,SatyaSSRian1,{}
Khushi4justice,SSRinmyheart,{}
EmilyZFeng,rainplsdntgo,{}
EmilyZFeng,cathalemyr,{}
EmilyZFeng,David65102926,{}
EmilyZFeng,carnatang98,{}
EmilyZFeng,Smzerw,{}
EmilyZFeng,ChuQiao18,{}
EmilyZFeng,pearlescent48,{}
EmilyZFeng,XueEven,{}
EmilyZFeng,karna232332,{}
EmilyZFeng,casual_streamer,{}
EmilyZFeng,DCfanforever101,{}
EmilyZFeng,JasonSamfield,{}
EmilyZFeng,EUREKAaum,{}
EmilyZFeng,thenoir_97,{}
EmilyZFeng,chinaonthehill,{}
EmilyZFeng,Chloe_Qin3104,{}
EmilyZFeng,criiistianlm,{}
EmilyZFeng,latarjetamorada,{}
EmilyZFeng,onwonw1,{}
EmilyZFeng,QContrarian,{}
EmilyZFeng,anandmani77,{}
EmilyZFeng,KurtCobian1787,{}
EmilyZFeng,Kherubim2k,{}
EmilyZFeng,BStardAlan,{}
EmilyZFeng,inji_marappa,{}
EmilyZFeng,anedenna,{}
EmilyZFeng,whited_79,{}
EmilyZFeng,CarriePenguin,{}
EmilyZFeng,muttonbriyani,{}
EmilyZFeng,flameboy_dada,{}
EmilyZFeng,thestrayworld,{}
EmilyZFeng,SitanshuDesai,{}
EmilyZFeng,tanchunkiet,{}
EmilyZFeng,ML03509599V2,{}
EmilyZFeng,MetooInChina,{}
EmilyZFeng,GabeShepperd,{}
EmilyZFeng,zhengrongzeng,{}
EmilyZFeng,ballenger_creek,{}
ChuQiao18,pinerpiner,{}
ChuQiao18,tengbiao,{}
XueEven,nytimes,{}
XueEven,nytimesworld,{}
karna232332,nytimes,{}
gottogetoutof,BrianRule2,{}
gottogetoutof,gottogetoutof,{}
gottogetoutof,troyrjackson,{}
gottogetoutof,Gatehouse_The,{}
gottogetoutof,jachlinwilliams,{}
gottogetoutof,CorOfTheSUN,{}
gottogetoutof,DiCoach,{}
gottogetoutof,Maahokgit,{}
gottogetoutof,Cultiv8Hope,{}
gottogetoutof,AFR365,{}
gottogetoutof,JohnWillsuk,{}
gottogetoutof,GaoledDaisy,{}
gottogetoutof,livingwithabuse,{}
gottogetoutof,rainiemainie,{}
gottogetoutof,dlhampton,{}
gottogetoutof,HarassNoMore,{}
gottogetoutof,BarcelMar,{}
gottogetoutof,dinah_indorato,{}
gottogetoutof,RachelintheOC,{}
Maahokgit,pamelahallphd,{}
dlhampton,HannahEHarris12,{}
RachelintheOC,mischa_eliot,{}
RachelintheOC,GrahamDowns,{}
RachelintheOC,indiebookpromos,{}
RachelintheOC,WomenPromo,{}
RachelintheOC,SpeakOurStories,{}
RachelintheOC,SexAbuseChat,{}
RachelintheOC,RomPromoCentral,{}
RachelintheOC,NaNoProMo,{}
RachelintheOC,BookHelpForYou,{}
KaceyKells,annamagique,{}
KaceyKells,carlos_wilde,{}
KaceyKells,Anthony_OBrien_,{}
KaceyKells,tiffeejasso,{}
KaceyKells,MICHELL64959353,{}
KaceyKells,hotreads1,{}
KaceyKells,TommyNever1,{}
KaceyKells,TudorTweep,{}
KaceyKells,Joanna942,{}
KaceyKells,Car01am,{}
KaceyKells,lanalynneauthor,{}
KaceyKells,AnneBougret,{}
KaceyKells,AuthorJRose,{}
KaceyKells,peburns,{}
KaceyKells,ninsthewriter,{}
KaceyKells,vicky_whedbee,{}
KaceyKells,ElenaRu76305433,{}
KaceyKells,richard_cezar,{}
KaceyKells,masonmalonecom,{}
KaceyKells,AuthorEllie,{}
KaceyKells,MravikPal,{}
KaceyKells,Raymond_Norman,{}
KaceyKells,GabrielConstans,{}
KaceyKells,RidyardColin,{}
KaceyKells,LeonardTillerma,{}
KaceyKells,KaceyKells,{}
KaceyKells,barbiesway,{}
KaceyKells,jtatkinson666,{}
KaceyKells,rosemarywrightn,{}
KaceyKells,PennilessScribe,{}
KaceyKells,artyny59,{}
KaceyKells,FDS_NaturallyMe,{}
KaceyKells,fett1111,{}
KaceyKells,MainChannel_,{}
KaceyKells,lindsayromantic,{}
KaceyKells,ElleStockton,{}
KaceyKells,zibrailmohamma3,{}
KaceyKells,HollowManSeries,{}
KaceyKells,molina_elorza,{}
KaceyKells,jslstories,{}
KaceyKells,Quinnqueens,{}
KaceyKells,TrinaLarson9,{}
KaceyKells,AuthorMDAlexan1,{}
KaceyKells,Pat_McDermott,{}
KaceyKells,MDfineart,{}
KaceyKells,BlissRob,{}
KaceyKells,ArgyllSeaGlass,{}
KaceyKells,literatureposts,{}
KaceyKells,HistoryInbooks,{}
KaceyKells,jgmacleodauthor,{}
KaceyKells,MillieThom,{}
KaceyKells,bionicanadian,{}
KaceyKells,Tess_2020,{}
KaceyKells,TonyaWrites,{}
KaceyKells,MarkAnthonySm16,{}
KaceyKells,bandersdavidson,{}
KaceyKells,abelfrageauthor,{}
KaceyKells,Juanitajosefi,{}
KaceyKells,JessSFrankel,{}
KaceyKells,DonnyoSpeaks,{}
KaceyKells,NayioArtisan,{}
KaceyKells,spaceageoracle,{}
KaceyKells,RJ_kumarkumar,{}
KaceyKells,sukeji_handa,{}
KaceyKells,JohnApp63499667,{}
KaceyKells,Seb_Kirby,{}
KaceyKells,aarondbrinker,{}
KaceyKells,Lynne_Jean,{}
KaceyKells,Nblackthorne,{}
KaceyKells,michiganbuilt,{}
KaceyKells,KSeebar,{}
KaceyKells,solmullersch,{}
KaceyKells,devin_salesman,{}
KaceyKells,W_Angels_Wings,{}
KaceyKells,CarryCockburn,{}
CNN,BeanChips11,{}
CNN,Guiguy99850373,{}
CNN,mu790970usman,{}
CNN,fedeerr,{}
CNN,TToliver80,{}
CNN,BrunoRegno,{}
CNN,Jianxch,{}
CNN,JustinS1990,{}
CNN,D6DablNlampu7lA,{}
CNN,mavus15,{}
CNN,paulasimensato,{}
CNN,mushchan0913,{}
CNN,victoriaozelle,{}
CNN,PhilipB35122599,{}
CNN,bauer_holmes,{}
CNN,RitaRicou,{}
CNN,AdamMcquade,{}
CNN,raunphuwr,{}
CNN,KorbutNoris,{}
CNN,Thisgelisonfire,{}
cnni,thinkermachine,{}
cnni,filipin80673772,{}
cnni,luvnotes69,{}
cnni,pigeonjk,{}
cnni,anamariagoldani,{}
cnni,srubenfeld,{}
cnni,LOL_Subu,{}
cnni,brianlj,{}
cnni,RuthLaCavaEvans,{}
cnni,elisekim94,{}
cnni,ihmcleancare,{}
cnni,mspjmason,{}
cnni,xLq1ia9zZl4RU9F,{}
cnni,MLNY,{}
cnni,afewhapiness,{}
cnni,konstantinaBel3,{}
cnni,soumitraroy,{}
cnni,IvandariasA,{}
cnni,CuriousCat212,{}
cnni,weerawatraunph3,{}
RakheeDubey4,ARPITIMSR,{}
RakheeDubey4,RD54799715,{}
hannes_ullrich,reinholdkesler,{}
hannes_ullrich,digitaleconorg,{}
digitaleconorg,BCCPBerlin,{}
digitaleconorg,CSpaenjers,{}
GetTheLOutUK,wildwood62,{}
GetTheLOutUK,RadFem_KatH,{}
GetTheLOutUK,dorsetresisters,{}
GetTheLOutUK,SBeresford4,{}
GetTheLOutUK,GetTheLOutUK,{}
GetTheLOutUK,LandyRex,{}
GetTheLOutUK,allkidsbefree,{}
GetTheLOutUK,roorooyes4,{}
GetTheLOutUK,joolzzt,{}
GetTheLOutUK,thumbwitch,{}
GetTheLOutUK,Vive_Lez_Vulva,{}
GetTheLOutUK,telreth,{}
GetTheLOutUK,JammersMinde,{}
GetTheLOutUK,inmyownfashion2,{}
GetTheLOutUK,MistressCopper,{}
GetTheLOutUK,O_CaptainMyCap,{}
GetTheLOutUK,sscary_cakes,{}
GetTheLOutUK,my_real_name,{}
GetTheLOutUK,WildRedWord,{}
GetTheLOutUK,JeanWyldbore,{}
GetTheLOutUK,RoteZoraRadical,{}
GetTheLOutUK,Corkle13,{}
GetTheLOutUK,SezehC,{}
my_real_name,csd1422,{}
my_real_name,EssyD_,{}
my_real_name,Ladybird2006,{}
my_real_name,Autumnsdance,{}
my_real_name,JudyWeb92176381,{}
my_real_name,GingerGenie2018,{}
my_real_name,quelizinha,{}
my_real_name,lozbian40,{}
my_real_name,krakenbun,{}
my_real_name,MSkydiamond,{}
my_real_name,PHughes74470229,{}
my_real_name,perkybadboy5000,{}
my_real_name,VesaliusRex,{}
JouMoore,pau1ie_tom,{}
meiklwagner,endsarsbot_,{}
meiklwagner,HondaBerlin,{}
meiklwagner,meiklwagner,{}
meiklwagner,jane__eden,{}
endsarsbot_,HondaBerlin,{}
HondaBerlin,HondaBerlin,{}
498anlr,Sunilmishra3691,{}
498anlr,kadamshyam,{}
498anlr,SudhirSanap10,{}
498anlr,Appuprasad87,{}
498anlr,SachinV95865165,{}
498anlr,SunilMi64858384,{}
498anlr,Rohit_LM,{}
498anlr,sudheerkrish3,{}
498anlr,Ishtiaq67012637,{}
498anlr,beta_bachao,{}
498anlr,maghanikfu,{}
498anlr,RaheemShaikh786,{}
498anlr,Mak_sk195103,{}
498anlr,abhijitvhanman2,{}
498anlr,sunil8885,{}
498anlr,menhelpline,{}
498anlr,UdayMra,{}
498anlr,PadavePrashant,{}
498anlr,suhas_sawant85,{}
498anlr,amoljaiswal34,{}
Sunilmishra3691,amoljaiswal34,{}
Sunilmishra3691,Susheel_Kataria,{}
Sunilmishra3691,MenWelfare,{}
kadamshyam,amoljaiswal34,{}
Appuprasad87,amoljaiswal34,{}
SachinV95865165,amoljaiswal34,{}
suhas_sawant85,MenWelfare,{}
amoljaiswal34,Kadamnitingmai1,{}
amoljaiswal34,perinchery_paul,{}
amoljaiswal34,palbro16,{}
amoljaiswal34,KattiPrakash,{}
amoljaiswal34,sndp2k,{}
amoljaiswal34,mupnar35,{}
amoljaiswal34,varunanandsays,{}
amoljaiswal34,Rexonnadar,{}
amoljaiswal34,socialhuman10,{}
amoljaiswal34,p1_mra,{}
amoljaiswal34,JSBumrah,{}
amoljaiswal34,Sushilvisave1,{}
amoljaiswal34,palbro69,{}
amoljaiswal34,DoltaniKamlesh,{}
palbro16,Susheel_Kataria,{}
palbro69,Susheel_Kataria,{}
nytimes,whateverhewants,{}
nytimes,aoke1989,{}
nytimes,michael91128,{}
nytimes,danizaken,{}
nytimes,gdgzlck,{}
nytimes,GabeShepperd,{}
nytimes,MadAtoms23,{}
nytimes,1nomdeplume,{}
nytimes,domisoHK,{}
nytimes,aliyoung_com,{}
nytimes,minkhantcf,{}
nytimes,Adriana11100542,{}
nytimes,ashlandJohn,{}
nytimes,IQueenjie,{}
nytimes,Flowerhanako1,{}
nytimes,MarioLi01896012,{}
nytimes,drjoncrowe,{}
nytimes,A_Lo__,{}
GabeShepperd,CharlesRollet1,{}
domisoHK,guardian,{}
domisoHK,nytimesworld,{}
domisoHK,austinramzy,{}
domisoHK,jojjeols,{}
ashlandJohn,NPRGoatsandSoda,{}
IQueenjie,austinramzy,{}
IQueenjie,tengbiao,{}
MainChannel_,KnowSmallParts,{}
docuterror,MentalHealthBo5,{}
KrissannB,AMKR17612430,{}
KrissannB,divita50853920,{}
KrissannB,ArmaanianNancy,{}
KrissannB,SatanShades,{}
KrissannB,sunny13marwaha,{}
KrissannB,HazelMonteiro2,{}
KrissannB,DALAZHAR2,{}
KrissannB,Nikita_Sushant,{}
KrissannB,SwetaDhoni,{}
KrissannB,itsAbhay_,{}
KrissannB,abhishekkr143,{}
KrissannB,Navin91292731,{}
KrissannB,Oam_16,{}
KrissannB,SZeshw,{}
KrissannB,itsYashi_,{}
KrissannB,negiankit57,{}
KrissannB,junqdope,{}
KrissannB,Msdianyash,{}
KrissannB,jeetrajput9,{}
AMKR17612430,sanayapithawala,{}
divita50853920,sanayapithawala,{}
SatanShades,sanayapithawala,{}
jeetrajput9,sanayapithawala,{}
WorldwideSelG,lollippopp21,{}
WorldwideSelG,lateoicu,{}
WorldwideSelG,susiwinby,{}
WorldwideSelG,weilan25,{}
WorldwideSelG,Queerly_queer,{}
WorldwideSelG,gretawontgshit,{}
WorldwideSelG,Mibchowr,{}
WorldwideSelG,textfromfannss,{}
WorldwideSelG,taylenasunited,{}
WorldwideSelG,no5on5ohh,{}
WorldwideSelG,ektlak26,{}
WorldwideSelG,allchangee1818,{}
WorldwideSelG,28Ravenna,{}
WorldwideSelG,XavierNefarious,{}
WorldwideSelG,MermeladasM_y_s,{}
WorldwideSelG,katekelton,{}
WorldwideSelG,SelrianaKingdom,{}
WorldwideSelG,_SELENATORS1992,{}
Jamiazad1,SoheeraS,{}
Jamiazad1,schizad1,{}
Jamiazad1,Maula_bus,{}
Jamiazad1,dWNoMWhh,{}
Jamiazad1,xiaodr35,{}
Jamiazad1,nehasaigol1,{}
Jamiazad1,SajidMhmod,{}
Jamiazad1,najahzaman1,{}
Jamiazad1,NoushinZora,{}
Jamiazad1,quinsy123,{}
Jamiazad1,ayfkm00,{}
Jamiazad1,GibranAshraf,{}
Jamiazad1,FahadArshad__,{}
Jamiazad1,ShaykShack,{}
Jamiazad1,fursid,{}
Jamiazad1,SkyisNeela,{}
Jamiazad1,BastiMithuSahab,{}
Susheel_Kataria,SunilMishra3690,{}
Susheel_Kataria,nitinfru,{}
Susheel_Kataria,Sandeep_surve83,{}
Susheel_Kataria,MaheshVastavMRA,{}
Susheel_Kataria,Erviju,{}
Susheel_Kataria,Qureshi560,{}
Susheel_Kataria,mrshaikh2014,{}
Susheel_Kataria,Satyagrah4M,{}
Susheel_Kataria,GaneshP07314770,{}
Susheel_Kataria,gjhurani,{}
Susheel_Kataria,DealingWithEvil,{}
Susheel_Kataria,Armaansjain,{}
Susheel_Kataria,SinghSweetez,{}
Susheel_Kataria,amiyshah,{}
Susheel_Kataria,amol_butte,{}
Susheel_Kataria,GumansingParde1,{}
Susheel_Kataria,SammohanB,{}
SunilMishra3690,MenWelfare,{}
nitinfru,MenWelfare,{}
Satyagrah4M,MenWelfare,{}
MenWelfare,TheKishu,{}
MenWelfare,satyan_weshi,{}
MenWelfare,NitinSaini1411,{}
MenWelfare,RakMehta9,{}
MenWelfare,SrinivasLaw,{}
MenWelfare,Munish38238895,{}
MenWelfare,vicky231906,{}
MenWelfare,MynationNil,{}
MenWelfare,BrijAnand12,{}
MenWelfare,JitendraBajaj2,{}
MenWelfare,jrcrjdcr,{}
MenWelfare,Laws4Men,{}
MenWelfare,Ganesh04490814,{}
MenWelfare,sharmaamity,{}
MarioLi01896012,austinramzy,{}
MarioLi01896012,guardian,{}
MarioLi01896012,nytimesworld,{}
MarioLi01896012,jojjeols,{}
sanayapithawala,itsamalrao,{}
sanayapithawala,chucklesome07,{}
sanayapithawala,KIRANGU19376107,{}
sanayapithawala,vishalpadhiyar1,{}
sanayapithawala,ItSuhant316,{}
sanayapithawala,zOcqG5HHCRwWmP0,{}
sanayapithawala,sanjusharma929,{}
sanayapithawala,farman_pasha,{}
sanayapithawala,scorp_sid,{}
sanayapithawala,lakhansingh80,{}
sanayapithawala,Neelangshu1,{}
sanayapithawala,BarneyAlin,{}
JessConnett,anmolirfan22,{}
_ShaunDougherty,DIGITALDECODED1,{}
_ShaunDougherty,BortzJuliann,{}
_ShaunDougherty,Yvonne1945627,{}
_ShaunDougherty,doowitty1,{}
_ShaunDougherty,Smartcairns11,{}
_ShaunDougherty,CruzYoungertwin,{}
_ShaunDougherty,LeftSPhilly,{}
_ShaunDougherty,haldonahue,{}
_ShaunDougherty,LoveNOLA4ever,{}
_ShaunDougherty,JohnSchaech,{}
_ShaunDougherty,AbbieSchaub,{}
guardian,Tomadyan,{}
guardian,IS58520479,{}
guardian,Lee97703713,{}
guardian,wdlmnbsl,{}
guardian,SheenCon,{}
guardian,GongHoeng,{}
guardian,ko_kkkkkts,{}
guardian,Bao__baooo,{}
guardian,Bunny79167773,{}
guardian,waiming_w,{}
guardian,Mizuki06927727,{}
guardian,ML03509599V2,{}
guardian,Chongpikling1,{}
guardian,SouthOfTheEarth,{}
guardian,GaryLok4,{}
guardian,Wish_Cheung,{}
guardian,kelvinl01435370,{}
guardian,PPPonGo,{}
guardian,benjaminto2010,{}
guardian,wonw080,{}
guardian,EdwardL30161051,{}
Tomadyan,nytimesworld,{}
IS58520479,nytimesworld,{}
Lee97703713,nytimesworld,{}
Lee97703713,jojjeols,{}
wdlmnbsl,nytimesworld,{}
SheenCon,nytimesworld,{}
SheenCon,jojjeols,{}
GongHoeng,nytimesworld,{}
GongHoeng,jojjeols,{}
ko_kkkkkts,nytimesworld,{}
Bao__baooo,nytimesworld,{}
Bunny79167773,nytimesworld,{}
Bunny79167773,austinramzy,{}
Bunny79167773,jojjeols,{}
waiming_w,nytimesworld,{}
ML03509599V2,nytimesworld,{}
ML03509599V2,jojjeols,{}
ML03509599V2,LetaHong,{}
SouthOfTheEarth,nytimesworld,{}
SouthOfTheEarth,yamchung5,{}
SouthOfTheEarth,jojjeols,{}
GaryLok4,nytimesworld,{}
GaryLok4,LetaHong,{}
Wish_Cheung,nytimesworld,{}
Wish_Cheung,jojjeols,{}
kelvinl01435370,nytimesworld,{}
kelvinl01435370,jojjeols,{}
PPPonGo,nytimesworld,{}
nytimesworld,tweet4852,{}
nytimesworld,PplFuture,{}
nytimesworld,CTGR8,{}
nytimesworld,raymundf23,{}
nytimesworld,alexfoti,{}
nytimesworld,FellwockPerry,{}
nytimesworld,JamieACM81,{}
nytimesworld,DavidColtart,{}
nytimesworld,EtrangeraSeoul,{}
nytimesworld,viriyabot,{}
nytimesworld,benjaminto2010,{}
nytimesworld,wonw080,{}
nytimesworld,BorgesMelie,{}
nytimesworld,nadjaskaljic,{}
nytimesworld,MasziTargaryen,{}
nytimesworld,EdwardL30161051,{}
tweet4852,qz,{}
tweet4852,WIONews,{}
pinerpiner,NancyYunTang,{}
pinerpiner,BruiseBringMore,{}
pinerpiner,bert_on_spec,{}
pinerpiner,chenchenzh,{}
pinerpiner,eggsis10tialist,{}
pinerpiner,LOudestVibE,{}
pinerpiner,xinwenxiaojie,{}
pinerpiner,amyue,{}
pinerpiner,Changxche,{}
pinerpiner,TheAnalytic,{}
pinerpiner,LarrypageB,{}
pinerpiner,GrandRevivalYay,{}
pinerpiner,elisabeth_ptl,{}
pinerpiner,TaiwanCulture,{}
pinerpiner,hermesstrategy,{}
pinerpiner,hkdemonow,{}
pinerpiner,suqi_wu_,{}
pinerpiner,PpaaddPpaadddd,{}
pinerpiner,zohrathought,{}
pinerpiner,catsfaith,{}
pinerpiner,BorgesMelie,{}
pinerpiner,ryan_mc99,{}
pinerpiner,LurxismYenChiu,{}
pinerpiner,LetaHong,{}
pinerpiner,TheShortStoryK,{}
pinerpiner,aloeyuver,{}
pinerpiner,Nineteeneightyn,{}
TaiwanCulture,WilliamYang120,{}
hkdemonow,tengbiao,{}
hkdemonow,qz,{}
zohrathought,tengbiao,{}
zohrathought,PekingMike,{}
zohrathought,qz,{}
giuliapompili,SerenaBellavita,{}
giuliapompili,SerenaConsole,{}
giuliapompili,giulioenrico,{}
RealHumptyB,gold123win,{}
RealHumptyB,RealHumptyB,{}
RealHumptyB,FlsaToday,{}
yamchung5,cassandraxhk,{}
yamchung5,Lawyer_A_Ho,{}
yamchung5,EdwardL30161051,{}
EdwardL30161051,WilliamYang120,{}
nehasaigol1,znanjiani,{}
nehasaigol1,do_jeeney,{}
CurtisSChin,john_chu,{}
CurtisSChin,b_sweetsymphony,{}
CurtisSChin,iceup,{}
CurtisSChin,Scholars_Stage,{}
CurtisSChin,lazyprimate,{}
CurtisSChin,marchofer,{}
CurtisSChin,lina_ferreira,{}
CurtisSChin,accidentalflyer,{}
CurtisSChin,solomonsucceeds,{}
CurtisSChin,msbunibun,{}
CurtisSChin,notnutjob1,{}
CurtisSChin,estarianne,{}
CurtisSChin,christinelu,{}
CurtisSChin,BeijingPalmer,{}
CurtisSChin,LetaHong,{}
john_chu,LetaHong,{}
lazyprimate,LetaHong,{}
msbunibun,LetaHong,{}
LetaHong,shmytech,{}
LetaHong,mel74835161,{}
LetaHong,ntsnwhtms,{}
LetaHong,Abhijitvyas12,{}
LetaHong,SCS_Disputes,{}
LetaHong,vshih2,{}
LetaHong,kabedkap,{}
LetaHong,LiYuan6,{}
LetaHong,otherlisa,{}
LetaHong,michaelcaster,{}
LetaHong,MomoSaysSo,{}
LetaHong,LetaHong,{}
LetaHong,sophiayuwang,{}
LetaHong,eagleeye192020,{}
LetaHong,JShrine2,{}
LetaHong,NiaoCollective,{}
LetaHong,ajphelo,{}
LetaHong,rerutled,{}
LetaHong,guorunzhai,{}
LetaHong,Apropocalypse,{}
LetaHong,CChristineFair,{}
LetaHong,cmkoeb,{}
LetaHong,catsfaith,{}
LetaHong,vanbadham,{}
LetaHong,DanGarrett97,{}
LetaHong,macharoesink,{}
LetaHong,PekingMike,{}
LetaHong,heathr,{}
LetaHong,tingguowrites,{}
NPRGoatsandSoda,mishtjd,{}
NPRGoatsandSoda,Dogsarethepure1,{}
NPRGoatsandSoda,Stephanie_Goose,{}
NPRGoatsandSoda,gregnorc,{}
NPRGoatsandSoda,Georgia_sChild,{}
NPRGoatsandSoda,HarrySm04282740,{}
NPRGoatsandSoda,3theC,{}
NPRGoatsandSoda,court2626,{}
NPRGoatsandSoda,ACnNYC,{}
NPRGoatsandSoda,j_zagamacarena,{}
NPRGoatsandSoda,nfrankto,{}
NPRGoatsandSoda,exwx11_ax,{}
NPRGoatsandSoda,pistachiopoet,{}
NPRGoatsandSoda,DivaKnevil,{}
NPRGoatsandSoda,NPR,{}
austinramzy,niningasih,{}
austinramzy,haritho,{}
austinramzy,QuietLoudGal,{}
austinramzy,kevinhu06646452,{}
austinramzy,BorgesMelie,{}
austinramzy,GuChan65620645,{}
austinramzy,manjuicecom1,{}
austinramzy,MichaelLamKL,{}
austinramzy,klay5201314,{}
austinramzy,lord0fzer0,{}
austinramzy,vny_m01,{}
austinramzy,NovoDing,{}
austinramzy,TomWong93767868,{}
austinramzy,wonw080,{}
austinramzy,Deric15791,{}
haritho,WilliamYang120,{}
BorgesMelie,omgxupdates,{}
BorgesMelie,WIONews,{}
BorgesMelie,shades_dirty,{}
BorgesMelie,TamePunk,{}
klay5201314,jojjeols,{}
vny_m01,WilliamYang120,{}
vny_m01,A_ntonioni,{}
NovoDing,jojjeols,{}
KurtCobian1787,tingguowrites,{}
CarriePenguin,mrddmia,{}
CarriePenguin,usdaynews,{}
CarriePenguin,tingguowrites,{}
TheresaAFallon,9b3OR2qdITMbDcd,{}
TheresaAFallon,tres444,{}
TheresaAFallon,renesteiner46,{}
Grubby_halo_,JasonAdamFrien5,{}
Grubby_halo_,ggbrokensilence,{}
Grubby_halo_,BloodyM76462336,{}
Grubby_halo_,ideoh,{}
Grubby_halo_,Nineteen8OFour,{}
Grubby_halo_,TheWolfResists,{}
Grubby_halo_,ChrisStone9174,{}
Grubby_halo_,4Fweedom,{}
Grubby_halo_,GirlPower2023,{}
Grubby_halo_,NancyEFinn,{}
clickondetroit,KamiloTapiya,{}
HenryHoerder,FreeChinaNow_US,{}
HenryHoerder,BoycottHegemony,{}
FrenchFem,FrenchFem,{}
FrenchFem,bloominanna,{}
FrenchFem,Nor010100,{}
FrenchFem,AhriTrader,{}
FrenchFem,DorothyHorrible,{}
FrenchFem,SuperLesbiannn,{}
FrenchFem,elviswhataguy,{}
FrenchFem,RavenclawMorgan,{}
FrenchFem,suemorris345,{}
FrenchFem,jun_the_swan,{}
FrenchFem,seonaidsnail,{}
FrenchFem,lesbianmetoo,{}
FrenchFem,K_IngalaSmith,{}
republic,shyamsundar_n,{}
republic,abi15111999,{}
republic,Ranjitsamantar2,{}
republic,3rdEyeOfShiva,{}
republic,baburaodada,{}
republic,TheUnnamedFeel4,{}
republic,samir_roy,{}
WaterMeetsFire,WaterMeetsFire,{}
WaterMeetsFire,chef_kendra,{}
WaterMeetsFire,BotForEquality,{}
WIONews,peyton_exe_,{}
WIONews,Daaruguy,{}
WIONews,RayCronus,{}
WIONews,Gowthamr16,{}
WIONews,adityasonakia,{}
WIONews,Babuks1,{}
WIONews,peeyushraj12,{}
WIONews,Swastika_Di,{}
WIONews,SandeepKumawat_,{}
WIONews,Anan62712520,{}
WIONews,equaliser321,{}
WIONews,AzaadAnil,{}
WIONews,Pradeep8620,{}
WIONews,pet_papi,{}
WIONews,TheRationalInd3,{}
WIONews,AlexAvtar,{}
WIONews,GoelViren,{}
WIONews,GordonTerraysha,{}
WIONews,_Half_Engineer,{}
WIONews,AsPratibha,{}
WIONews,1303karan,{}
WIONews,Karann82692848,{}
WIONews,rakeshhbti12345,{}
WIONews,Anemone15323747,{}
WIONews,vgneswar,{}
WIONews,yeshukrish1987,{}
WIONews,WIONews,{}
WIONews,YadavDrAshish,{}
WIONews,1503_ajay,{}
WIONews,rohit120h,{}
WIONews,santoshs108,{}
WIONews,blazewada1,{}
WIONews,johnjoseph101,{}
WIONews,pritambiswas103,{}
WIONews,Venkprasaj,{}
WIONews,vaddanki001,{}
WIONews,ash_hindu,{}
tengbiao,Maytechummia,{}
tengbiao,tingdc,{}
tengbiao,pijiudepi,{}
tengbiao,WesJWHK,{}
tengbiao,ArdenDoggie,{}
tengbiao,johan__fischer,{}
tengbiao,FY4Chan,{}
tengbiao,sonambsten,{}
tengbiao,wecando90663356,{}
tengbiao,ABCHK12345,{}
tengbiao,yaozhang02,{}
tengbiao,AddoilNoccp,{}
tengbiao,reidteacher,{}
tengbiao,HKokbore,{}
tengbiao,kevinrogerjames,{}
tengbiao,GerdZeiler,{}
tengbiao,MichaelPolakLaw,{}
tengbiao,Amowanderer,{}
tengbiao,Campaignfornia1,{}
tengbiao,ArthurOMalley1,{}
ABCHK12345,CharlesRollet1,{}
PekingMike,Jozhou05,{}
PekingMike,rheingoldspn,{}
PekingMike,mic_sutherland,{}
PekingMike,SissiJingyu,{}
PekingMike,lydiatomkiw,{}
PekingMike,q_hwr,{}
PekingMike,prashantrao,{}
PekingMike,zkinfo,{}
PekingMike,xinwenfan,{}
PekingMike,anticorruptlaw,{}
PekingMike,msaltskog,{}
PekingMike,huruyipekin,{}
PekingMike,shyshoegazer,{}
PekingMike,mbrookerhk,{}
PekingMike,niubi,{}
xinwenfan,qz,{}
huruyipekin,ourobororoboruo,{}
TamePunk,Ponder_Stybbons,{}
TamePunk,Aus_Hatchet,{}
TamePunk,Firemonkey991,{}
TamePunk,amanda_emblem,{}
TamePunk,ipillyc,{}
TamePunk,VickiW2102,{}
TamePunk,katiecurchin,{}
TamePunk,smoffymoth,{}
TamePunk,Yeehaa25,{}
TamePunk,BeechamPatrick,{}
TamePunk,job_daughter,{}
TamePunk,darylgibson,{}
TamePunk,R24924822,{}
TamePunk,DineshPMF1,{}
TamePunk,apicot,{}
TamePunk,BigVapingNunga,{}
TamePunk,Ausshot3Dave,{}
TamePunk,stevie_bro,{}
TamePunk,J3nk0J1,{}
TamePunk,GoldingFrank,{}
TamePunk,QueenOfSlander,{}
TamePunk,MicheleScheffl1,{}
TamePunk,anniethenigma,{}
TamePunk,Berniewtf,{}
TamePunk,Asymetrical13,{}
TamePunk,Jessiiee2003,{}
TamePunk,billy_pinker,{}
TamePunk,kimworldwide,{}
TamePunk,CateONeill1,{}
TamePunk,CAllderladd,{}
TamePunk,kateroses44,{}
cnnphilippines,kamreadsandrecs,{}
NST_Online,aizekku,{}
KBuechenb,Kr_Fa,{}
shades_dirty,SuzBatin1000,{}
shades_dirty,self_govern4us,{}
shades_dirty,DiLaheurte,{}
shades_dirty,arxh10rx,{}
shades_dirty,369raindrops,{}
shades_dirty,CaryRyan14,{}
shades_dirty,blm_angie,{}
shades_dirty,HornbyJanice,{}
shades_dirty,cackle76,{}
shades_dirty,worldsbesthuger,{}
shades_dirty,peacepumpkinpic,{}
shades_dirty,NotURSycophant,{}
shades_dirty,SprouleSue,{}
shades_dirty,PoliticalHeads,{}
shades_dirty,LACGFY,{}
shades_dirty,NanananaBrown,{}
shades_dirty,LittleJanhere,{}
shades_dirty,ayshamoolla,{}
shades_dirty,cearnsleblanc,{}
shades_dirty,kimberlyc7510,{}
shades_dirty,MT_Ahmed_,{}
shades_dirty,KatLabrash,{}
shades_dirty,answerallman,{}
shades_dirty,char_lawyer,{}
shades_dirty,shesrideordie,{}
shades_dirty,ThePeoplesHubUK,{}
shades_dirty,kitty_funk,{}
shades_dirty,jmal1039,{}
shades_dirty,Bobbyghosh98,{}
shades_dirty,SavidDtarkman,{}
shades_dirty,LeonoraTheLion,{}
shades_dirty,MaggieDBar,{}
shades_dirty,photowarrior,{}
shades_dirty,mikeopseu,{}
shades_dirty,PeterCherbi,{}
shades_dirty,RobinEdgar,{}
shades_dirty,Anon_Surviv0rs,{}
shades_dirty,BotForEquality,{}
shades_dirty,BishBullish,{}
shades_dirty,HousingFirstUK,{}
shades_dirty,BlueDoors2021,{}
SuzBatin1000,BishBullish,{}
CaryRyan14,womensvoicesma2,{}
CaryRyan14,CaryRyan14,{}
CaryRyan14,shesrideordie,{}
CaryRyan14,cackle76,{}
CaryRyan14,canonbowque,{}
CaryRyan14,MicheleDBrandt,{}
CaryRyan14,HornbyJanice,{}
CaryRyan14,NanananaBrown,{}
CaryRyan14,DaveSfmg54,{}
HornbyJanice,BishBullish,{}
NotURSycophant,blmmcoin,{}
NotURSycophant,BishBullish,{}
monaeltahawy,qq09091999,{}
monaeltahawy,Arifulullum,{}
monaeltahawy,imadaniac,{}
monaeltahawy,SaraCMoss,{}
monaeltahawy,monaeltahawy,{}
monaeltahawy,BKopernikus,{}
monaeltahawy,la_jellybean,{}
monaeltahawy,gynoid747,{}
monaeltahawy,netminnow,{}
monaeltahawy,catfi9ht,{}
monaeltahawy,SydSalesman,{}
ourobororoboruo,conners_i,{}
ourobororoboruo,jgjbkbkvdte,{}
ourobororoboruo,writerly_dee,{}
jojjeols,benjaminto2010,{}
jojjeols,John68993893,{}
jojjeols,jeanliu04385854,{}
jojjeols,GlorytoHongKon6,{}
jojjeols,aeckevin,{}
jojjeols,chris0906_hong,{}
jojjeols,HkersWe,{}
jojjeols,siusiuchingz,{}
jojjeols,Heawo4,{}
PoliceMeToo,OneCreativeCat1,{}
PoliceMeToo,emmlaur,{}
PoliceMeToo,Kellyanne1977,{}
PoliceMeToo,KellyanneArt,{}
PoliceMeToo,shawchan98,{}
PoliceMeToo,JosephineBlogg1,{}
PoliceMeToo,jimallthetime,{}
PoliceMeToo,MrsEvans360,{}
PoliceMeToo,Dr_Aspic,{}
PoliceMeToo,MaisieJenkinson,{}
PoliceMeToo,JacquiMuss,{}
PoliceMeToo,PdeMaurier,{}
PoliceMeToo,Natalie91231732,{}
PoliceMeToo,ladysharles,{}
PoliceMeToo,Mariaz84,{}
PoliceMeToo,EricaE17,{}
PoliceMeToo,Energiser_Bunny,{}
PoliceMeToo,HeaveyAisling,{}
PoliceMeToo,roblwilson,{}
PoliceMeToo,PeterKeal,{}
SMAmasterminds,JaniceBGordon,{}
SMAmasterminds,ReferralSales,{}
qz,young,{}
qz,AbridgerBot,{}
qz,viriyabot,{}
qz,mayapoyan,{}
RemakingManhood,FrugalFliza,{}
BRAINCURES,Deborah19952002,{}
BRAINCURES,Alleninvest,{}
BRAINCURES,JMC31337,{}
BRAINCURES,Grimysapien,{}
BRAINCURES,GoogleExpertUK,{}
BRAINCURES,BRAINCURES,{}
BRAINCURES,ThePeoplesHubUK,{}
BRAINCURES,do_kinder,{}
INQUIRERSports,inquirerdotnet,{}
sarahtk,settle4me,{}
sarahtk,houseofeffie,{}
sarahtk,LauraJMG,{}
sarahtk,SurvivorSing,{}
sarahtk,hiresurvivors,{}
sarahtk,SarahAnnMasse,{}
sarahtk,BotForEquality,{}
BotForEquality,Danicaorth,{}
BotForEquality,SeemaSapraLaw,{}
BotForEquality,ChrisBonesCast,{}
BotForEquality,dn_rath,{}
BotForEquality,JNRaeside,{}
BotForEquality,FreudGustaf,{}
BotForEquality,AlexisROser,{}
BotForEquality,drowningpool847,{}
BotForEquality,duncan_facts,{}
CWAcharity,CPTSDGirl,{}
CPTSDGirl,Dave_Pittman,{}
CPTSDGirl,sflennon,{}
bestflow203,SocialDesignCr1,{}
shesrideordie,Maggie_Findlay,{}
MSN,RitchieJodi,{}
mercatornet,bioedge,{}
THR,helenmarie95,{}
THR,NoChillAuntie,{}
THR,AdorkableSmile,{}
THR,DonnerBella,{}
THR,roni1133,{}
THR,electrcspacegrl,{}
THR,sheltgarner,{}
THR,ahhelga,{}
THR,saltymulti,{}
THR,living_marble,{}
THR,clairewillett,{}
THR,moryan,{}
THR,megancox,{}
THR,bronwyn_douwsma,{}
THR,Coolranch4lyfe,{}
THR,MsLeeW,{}
THR,mmmexperimental,{}
THR,runawaycow,{}
THR,thecomicscomic,{}
THR,exhoopsPRguy,{}
EmmaWhipday,JenniferRichar7,{}
EmmaWhipday,jamescummings,{}
EmmaWhipday,DrJoKRobinson,{}
Danicaorth,Soulsearcher241,{}
Soulsearcher241,ChrisBonesCast,{}
Soulsearcher241,duncan_facts,{}
WilliamYang120,adelila20,{}
WilliamYang120,StacyChen20,{}
WilliamYang120,sabaocean,{}
WilliamYang120,daicing,{}
WilliamYang120,Magnus_Fiskesjo,{}
WilliamYang120,pats_chen,{}
WilliamYang120,kulotissima,{}
WilliamYang120,smithwicks8888,{}
WilliamYang120,Domdesu06,{}
WilliamYang120,IamH0ngK0nger,{}
WilliamYang120,KWCY10,{}
WilliamYang120,AdamWar39760184,{}
MavoSthe,Skylyes,{}
htTweets,Arun562003,{}
htTweets,Iamparth_1,{}
MeTooEP,LaeThissen,{}
MeTooEP,JulieCapoulade,{}
MeTooEP,SarahLoriato,{}
MeTooEP,JCIvars,{}
MeTooEP,JeannePonte,{}
MeTooEP,AnniHirvela,{}
MeTooEP,Irene_QS,{}
MentalHealthBo5,drowningpool847,{}
Dave_Pittman,voiceofsurvivor,{}
Dave_Pittman,killallrapists1,{}
Dave_Pittman,randyb397,{}
Dave_Pittman,JaimeConcha10,{}
Dave_Pittman,NicoleCaroli1,{}
Dave_Pittman,Christ_Kindness,{}
Dave_Pittman,randolph_header,{}
Dave_Pittman,CalvinistBatman,{}
Dave_Pittman,emsurvivors,{}
Dave_Pittman,PatrickEMills,{}
Dave_Pittman,RCsurvivors,{}
Dave_Pittman,ASobocki,{}
Dave_Pittman,sex_abuse_news,{}
Dave_Pittman,loveisbroken4u,{}
ASobocki,sflennon,{}
sex_abuse_news,HannahEHarris12,{}
VinceTheTwin,blues679,{}
VinceTheTwin,KevinPMooney2,{}
VinceTheTwin,NorahMa20412961,{}
VinceTheTwin,Tboneator64,{}
VinceTheTwin,VinceTheTwin,{}
VinceTheTwin,Faycheck,{}
VinceTheTwin,CathyGraphicsMe,{}
VinceTheTwin,tjmurray3rd,{}
VinceTheTwin,DeborahGreat1,{}
VinceTheTwin,Mario76937200,{}
VinceTheTwin,CathyGraphics3,{}
VinceTheTwin,CurKath,{}
fightfor15,AdigunPolack,{}
fightfor15,SENSIMILLIEA,{}
fightfor15,rjber15,{}
StandleyEthan,DemonicSoldier,{}
omgxupdates,vlindermeisje_,{}
omgxupdates,lynahunss,{}
omgxupdates,hangyeom_x,{}
omgxupdates,yechanfv,{}
omgxupdates,im_kyun96,{}
omgxupdates,22star30,{}
omgxupdates,polna76,{}
omgxupdates,qtyutos,{}
omgxupdates,stanateezwuwu_,{}
omgxupdates,Nelly85301227,{}
omgxupdates,96hyxk,{}
omgxupdates,jungyeom_,{}
omgxupdates,brightseuIgi,{}
omgxupdates,GladLovesJaehan,{}
omgxupdates,yourkimbabdy,{}
omgxupdates,jehyungirl,{}
omgxupdates,sungcherry_,{}
kannutz,kannutz,{}
KennethKallup,KennethKallup,{}
KennethKallup,GailLuck9,{}
JNRaeside,DianeM350Z,{}
JNRaeside,SongoftheOss,{}
JNRaeside,disabilitydiva,{}
JNRaeside,comedy_tourist,{}
JNRaeside,alsatch,{}
JNRaeside,MohsinSiddiqi6,{}
JNRaeside,Superbreeze_Bex,{}
JNRaeside,j1jem,{}
JNRaeside,SwindyMiller,{}
Independent,ob2133,{}
Independent,WaWajir,{}
Independent,KomakiKomomo,{}
Independent,broadcasther,{}
Independent,oaprilis,{}
Independent,EswatinObserver,{}
NaffStuff,NaffStuff,{}
watttsie,ZachNewsroom,{}
watttsie,BeccaWong18,{}
watttsie,MetooYounglife,{}
KnowSmallParts,alleycat579,{}
KnowSmallParts,PoetNottingham,{}
KnowSmallParts,fuzzyman57,{}
KnowSmallParts,niksandnacs,{}
KnowSmallParts,Ryoko_Latter888,{}
KnowSmallParts,Ken_Takakura_1,{}
KnowSmallParts,Chandanapandit1,{}
KnowSmallParts,MomzillaNC,{}
KnowSmallParts,BestDrWho,{}
KnowSmallParts,Ricardo72676482,{}
KnowSmallParts,ServantsAnd,{}
KnowSmallParts,GPBGeorge,{}
KnowSmallParts,Escritor4,{}
KnowSmallParts,TwitrPartner,{}
KnowSmallParts,uncjay1,{}
KnowSmallParts,cyndeemelzow,{}
KnowSmallParts,stephanietara,{}
KnowSmallParts,aricstotle,{}
FreudGustaf,FreudGustaf,{}
LWLies,sharetheraft,{}
LWLies,jojoajisafe,{}
LWLies,AWLies,{}
LWLies,AlexSJourno,{}
sflennon,brobson55,{}
sflennon,allyswag618,{}
sflennon,natasha367b,{}
sflennon,TanHaigh,{}
sflennon,dolphinchix,{}
sflennon,dianavojtasek,{}
sflennon,Hope4Survivors,{}
sflennon,PaulineMBarten,{}
sflennon,JonathanAB1986,{}
sflennon,ProfFreiner,{}
sflennon,taylor_safe,{}
sflennon,NicolaAnnaGreen,{}
sflennon,FrannieDoo,{}
sflennon,Alymedywon,{}
MOrfanella,LuarPrime,{}
Sport_Rights,didinyc,{}
Sport_Rights,iChampionWomen,{}
Sport_Rights,Romain_Pro,{}
Sport_Rights,CHoffmanUNI,{}
Sport_Rights,adjovisrjb,{}
Sport_Rights,LoriOki,{}
ShanazRx,sepehrIran,{}
ShanazRx,ALEX_F_CA,{}
ShanazRx,MYTTT,{}
ShanazRx,sobhAza,{}
ShanazRx,Homeyra1988,{}
ShanazRx,PooranArbabi,{}
cnnasiapr,julcrest,{}
drowningpool847,escapngreality,{}
mikeroscoe67,Malalaiiiii,{}
csd1422,mrddmia,{}
mrddmia,shortyoni,{}
mrddmia,AJ2CROWN,{}
mrddmia,KutschkeJeff,{}
mrddmia,BuildTheDWall1,{}
mrddmia,Isabell55943101,{}
mrddmia,Tex_968,{}
mrddmia,Terrawales,{}
mrddmia,Kat022916,{}
mrddmia,pena_tracey,{}
mrddmia,Asbash3,{}
mrddmia,AnswerIsFusion,{}
mrddmia,nailburke,{}
mrddmia,john_schertz,{}
mrddmia,3DogFriends,{}
mrddmia,FloraNatasha138,{}
disgrasian,fredfrazier,{}
HannahEHarris12,BobConw50667958,{}
HannahEHarris12,BelleEquine,{}
HannahEHarris12,HannahEHarris12,{}
HannahEHarris12,sarahahpmh,{}
HannahEHarris12,napoleonsal2k,{}
HannahEHarris12,Simon_4i4,{}
HannahEHarris12,nickystevo,{}
HannahEHarris12,DawnFloresRamb1,{}
HannahEHarris12,writer_dee,{}
HannahEHarris12,DeficitIom,{}
HannahEHarris12,stuartbedlam,{}
HannahEHarris12,BebeHappyJoy,{}
HannahEHarris12,ValHopeHanna1,{}
HannahEHarris12,RespectYourself,{}
HannahEHarris12,Lesley09977300,{}
HannahEHarris12,JulieParker144,{}
HannahEHarris12,BooksLafayette,{}
Lasher0408,NoIsNotTheFina1,{}
Lasher0408,WeAreWakanda_,{}
FightFor15FL,JeSuisMazorra,{}
FightFor15FL,TurquoiseBlue78,{}
FightFor15FL,embeessem,{}
FightFor15FL,KinaCollinsIL,{}
Redshoe291,J15891617,{}
Redshoe291,DeniseBossert3,{}
Redshoe291,AlephsMom,{}
iChinadian,womanatmile0,{}
sunilsi84886846,PappuKhanVinci,{}
sunilsi84886846,RamKris01661746,{}
ShiannonC,RogerBoybeagles,{}
ShiannonC,ferdimagellan2,{}
ShiannonC,LadyofWildernes,{}
ShiannonC,helly_bells,{}
ShiannonC,GenevievePool12,{}
ShiannonC,ninacherie70,{}
ShiannonC,Smile__Petal,{}
ShiannonC,snish04,{}
ShiannonC,TeamSJW,{}
ShiannonC,GossGirl1954,{}
ShiannonC,raywilton4,{}
ShiannonC,peterke60628957,{}
ShiannonC,rosieamaher,{}
ShiannonC,JosephCJohns,{}
ShiannonC,chimera414,{}
ShiannonC,KerryAnnSmith1,{}
ShiannonC,CockramRD,{}
ShiannonC,PopCultured4,{}
ShiannonC,bubblytest,{}
johnsmibert,SueBarrett,{}
IanniLeung,2d718281,{}
IanniLeung,kRiZcPEc,{}
IanniLeung,huaizhao,{}
IanniLeung,__belmore,{}
IanniLeung,zhangtruth1,{}
IanniLeung,ShiulinS,{}
__belmore,doubanwenjin,{}
legitnotyou,endorasbox,{}
legitnotyou,TylerFG,{}
domain_sensei,domain_sensei,{}
tickerNEWSco,Bandito116,{}
FirstThemNEWS,ANGIEDEE70baby,{}
FirstThemNEWS,Gluke76Quincy,{}
FirstThemNEWS,AshleysYarneys,{}
FirstThemNEWS,coppinalum79,{}
FirstThemNEWS,B1SanDiego1,{}
AliBodyworker,CandiLoorden,{}
AliBodyworker,AliBodyworker,{}
AliBodyworker,OlaftheP,{}
AliBodyworker,maureensmith232,{}
AliBodyworker,nitchka54,{}
AliBodyworker,jcmackinn,{}
AliBodyworker,queenfrankazz,{}
AliBodyworker,MKMaybe,{}
AliBodyworker,VoteBlue27,{}
AliBodyworker,CanadianPatter,{}
UNLModLang,npeterso13,{}
UNLModLang,NebToday,{}
UNLModLang,ANTH_UNL,{}
niiravmodi,inaminatikaa,{}
niiravmodi,gunjan122,{}
niiravmodi,ZealotTemporal,{}
niiravmodi,TheRavenEmperor,{}
niiravmodi,Akhi1211,{}
niiravmodi,manishsarangal1,{}
niiravmodi,Zaheer_khan329,{}
niiravmodi,siddharthgpf,{}
niiravmodi,Rohitraj88888,{}
niiravmodi,IMA_Indian,{}
niiravmodi,DebrajSen8,{}
niiravmodi,vikrameffects,{}
niiravmodi,ShivRajMathur1,{}
niiravmodi,arymns,{}
niiravmodi,iampalsingh,{}
niiravmodi,sujit004,{}
niiravmodi,bhthaware10,{}
EmpressBoudicca,atsirkp,{}
EmpressBoudicca,PoliticsAlberta,{}
SeanFineGlobe,dtgill,{}
CharlesRollet1,johnburnshk,{}
CharlesRollet1,qanat29,{}
CharlesRollet1,Cadeyrnn,{}
CharlesRollet1,Crimson_Rei,{}
CharlesRollet1,fryan,{}
CharlesRollet1,ChiehtingYeh,{}
CharlesRollet1,TrashiDawa,{}
CharlesRollet1,surcomplicated,{}
CharlesRollet1,matthewnewton75,{}
CharlesRollet1,StillServingDSS,{}
CharlesRollet1,invesperas,{}
CharlesRollet1,DelaneyM917,{}
CharlesRollet1,Zaya_CB,{}
CharlesRollet1,Kirblar024,{}
internationalm,internationalm,{}
doubanwenjin,YuetongZhong,{}
A_ntonioni,Jools48,{}
A_ntonioni,Rumpels41187332,{}
A_ntonioni,AliceSulu42,{}
A_ntonioni,TriLe07352444,{}
A_ntonioni,Kafka60613837,{}
A_ntonioni,FashionHistory9,{}
A_ntonioni,shelking17,{}
A_ntonioni,jingjingzhang89,{}
A_ntonioni,not_your_bitch2,{}
A_ntonioni,DanielKitron,{}
A_ntonioni,Jennipo327,{}
Jools48,usdaynews,{}
usdaynews,usdaynews,{}
ducdemontebello,patricksp71,{}
demi_isagoddess,demi_isagoddess,{}
Chi2LA92,IWashington,{}
IAcccount,carltonlivity,{}
IAcccount,SylviaPatcas,{}
IAcccount,Yisitso,{}
IAcccount,spacendust13,{}
IAcccount,ANNLYNNAVENUE,{}
IAcccount,f33c64ad0a3c435,{}
IAcccount,val28702996,{}
IAcccount,TerentiaVarones,{}
IAcccount,sxbrina_xo,{}
IAcccount,IIAnaisII,{}
IAcccount,sandraodom07,{}
IAcccount,MirandaRoll,{}
IAcccount,Heather__Simms,{}
IAcccount,Komungaro3,{}
IAcccount,TeriAnnTweets,{}
IAcccount,WinterPhoenix,{}
IAcccount,KymBrown67,{}
IAcccount,GillianBurles,{}
toryboypierce,BIRING1701,{}
toryboypierce,amaranth64,{}
toryboypierce,janjay_j,{}
toryboypierce,sonya_annie,{}
toryboypierce,Northum65478582,{}
toryboypierce,AnneHalladey,{}
toryboypierce,JosephC24018256,{}
toryboypierce,jolimetz,{}
toryboypierce,EileenBuck13,{}
toryboypierce,PeacheyCarn_han,{}
toryboypierce,SOccultus,{}
toryboypierce,williambiddles2,{}
toryboypierce,Johndyer101,{}
toryboypierce,DaveNicholas555,{}
toryboypierce,LesleyR61196725,{}
toryboypierce,janetharry1,{}
toryboypierce,derekhanlon,{}
toryboypierce,kayliverpool51,{}
toryboypierce,oldsmith,{}
KimSimons2,byH_Leitenbauer,{}
KimSimons2,molson_merlin,{}
tingguowrites,CHIMCHIMNEYNEY,{}
tingguowrites,ura5ch3wo,{}
tingguowrites,theasianfmnst,{}
tingguowrites,RamenYato,{}
tingguowrites,yihongz_bot,{}
tingguowrites,UbileeduCow,{}
tingguowrites,lesleylu1023,{}
tingguowrites,Jacob011010,{}
tingguowrites,teng_zhen,{}
tingguowrites,liuchonglll,{}
tingguowrites,bighireio,{}
tingguowrites,bloodsongs90,{}
tingguowrites,amidstwoods,{}
mog7546,NUPEsupreme,{}
mog7546,LeslieWalden6,{}
mog7546,SalimAyofe,{}
mog7546,mog7546,{}
mog7546,marciasgreen,{}
mog7546,CEHall13,{}
mog7546,lbvega,{}
mog7546,Elsa050467,{}
mog7546,gehapeters,{}
mog7546,Furyious,{}
mog7546,dittycommittee,{}
mog7546,tbeau59,{}
mog7546,ahross1,{}
mog7546,crobut,{}
mog7546,bzaenglein,{}
mog7546,margare02726836,{}
mog7546,ACoupleOkooks,{}
mog7546,BioAnnie2,{}
mog7546,NikkolBull,{}
mog7546,aziegler,{}
