newmalevichart,elsy207,{}
newmalevichart,MunMun00995426,{}
newmalevichart,MrSrabon10,{}
newmalevichart,MogardR,{}
newmalevichart,network_earn,{}
newmalevichart,VKannay,{}
newmalevichart,mua_diep,{}
newmalevichart,Shofiq26,{}
newmalevichart,James34653212,{}
newmalevichart,Omnia20233804,{}
newmalevichart,Sasa18636552Mo,{}
newmalevichart,DADA24482,{}
newmalevichart,LngGiaCt2,{}
newmalevichart,gali_newton,{}
newmalevichart,Maqbool42472420,{}
newmalevichart,092_pedrin,{}
newmalevichart,hong49916367,{}
newmalevichart,SwUwk10,{}
newmalevichart,Sakil2131,{}
newmalevichart,ElehGilbert,{}
newmalevichart,bsJiVJjKgjTDmUl,{}
newmalevichart,Shaan__7863,{}
newmalevichart,salah00082559,{}
newmalevichart,Tk96140298,{}
newmalevichart,Khokon85265206,{}
newmalevichart,SonuKum73130549,{}
newmalevichart,GhostSt40357688,{}
newmalevichart,hofen2155,{}
newmalevichart,juan23758622,{}
newmalevichart,Alloush_2022,{}
newmalevichart,geurudgv,{}
newmalevichart,OussamaBouabde3,{}
newmalevichart,Das06858273,{}
newmalevichart,Doomedwhiteriv1,{}
newmalevichart,aqee63900kh,{}
newmalevichart,coder_raju,{}
newmalevichart,TehillahPsalm,{}
newmalevichart,Databas36398273,{}
newmalevichart,AnisAni08971955,{}
newmalevichart,Animes13309505,{}
newmalevichart,AprilJa28313891,{}
newmalevichart,nhatmaivi1,{}
rigwell80,JFSebastian146,{}
JFSebastian146,emmadentcoad,{}
JFSebastian146,woke_supremacy,{}
JFSebastian146,ShechangesE,{}
JFSebastian146,NottingHillNerd,{}
JFSebastian146,ClareKuehn,{}
JFSebastian146,yourlocqlnerd,{}
JFSebastian146,jphoganorg,{}
JFSebastian146,BoycottQ2,{}
JFSebastian146,MurielBowser,{}
JFSebastian146,eurekaohara,{}
JFSebastian146,iHShaheen,{}
JFSebastian146,EastLintonPS,{}
JFSebastian146,Thorpa10,{}
JFSebastian146,FaizalPeraje,{}
JFSebastian146,wheresisaiah,{}
JFSebastian146,angshuman_ch,{}
JFSebastian146,Aliyah_Artist,{}
JFSebastian146,Matt_VanDyke,{}
JFSebastian146,schizocetacean,{}
JFSebastian146,Squid_Religion,{}
JFSebastian146,Lorna_TVeditor,{}
JFSebastian146,portman_vanessa,{}
JFSebastian146,jerrwinnn,{}
JFSebastian146,Eseri14,{}
JFSebastian146,wa_kahugu,{}
JFSebastian146,RHinWI,{}
JFSebastian146,JediZhukov,{}
JFSebastian146,BotDefund,{}
JFSebastian146,guerillacricket,{}
JFSebastian146,EBelay,{}
JFSebastian146,judahoudshoorn,{}
JFSebastian146,Otis_Firefly348,{}
JFSebastian146,Quijote_bcn,{}
JFSebastian146,amanda_gfx,{}
JFSebastian146,megan_gfx,{}
JFSebastian146,think_dyslexia,{}
JFSebastian146,tbasharks,{}
JFSebastian146,annelovell743,{}
JFSebastian146,Delhiite_,{}
JFSebastian146,MarcHarrLawyer,{}
JFSebastian146,NavJB,{}
JFSebastian146,marionmcoaching,{}
JFSebastian146,james59975431,{}
JFSebastian146,aniket__18,{}
JFSebastian146,Sioned_W,{}
JFSebastian146,kk131066,{}
JFSebastian146,Iamyourmylove1,{}
JFSebastian146,SheffSocScience,{}
JFSebastian146,VentnorXr,{}
JFSebastian146,paddydocherty,{}
JFSebastian146,MaLanterne,{}
JFSebastian146,BeckyParry68,{}
JFSebastian146,OldMainBell,{}
JFSebastian146,Star_BLM,{}
JFSebastian146,SurajKrBauddh,{}
JFSebastian146,SatanistSubtly,{}
JFSebastian146,Analillea,{}
JFSebastian146,ibeahussy,{}
JFSebastian146,GeorgiaBoyCore1,{}
JFSebastian146,iamlorenzorulli,{}
JFSebastian146,Blackking119,{}
JFSebastian146,MickensLamar,{}
JFSebastian146,DegrassiHigh2,{}
JFSebastian146,tanyadmiranda,{}
JFSebastian146,IsStratkotter,{}
JFSebastian146,Essex_Fame,{}
JFSebastian146,Manishh_210,{}
JFSebastian146,LauraSetyo,{}
JFSebastian146,MahaMos89655388,{}
JFSebastian146,dadnme88,{}
JFSebastian146,say_the_names,{}
JFSebastian146,paramesvaradeva,{}
JFSebastian146,VGautam33691328,{}
JFSebastian146,LaraOyedele,{}
JFSebastian146,TheVoiceNews,{}
JFSebastian146,spreadsometruth,{}
JFSebastian146,Alima1000,{}
JFSebastian146,WaleWinters,{}
JFSebastian146,bloodmoonnnnnn,{}
JFSebastian146,cozca503,{}
JFSebastian146,Sheila4Congress,{}
JFSebastian146,TheLivesThatMtr,{}
JFSebastian146,MkImaan,{}
JFSebastian146,TeddiesLibrary,{}
JFSebastian146,MakeWPapuaSafe,{}
JFSebastian146,MalloryPatten,{}
JFSebastian146,blacklivesbot,{}
JFSebastian146,FreedomFriesInc,{}
JFSebastian146,MendacityAbout,{}
JFSebastian146,HByedon,{}
JFSebastian146,yandiswa1632,{}
JFSebastian146,RealRichLawley,{}
JFSebastian146,MartinWilliam95,{}
JFSebastian146,Laikipia_Today,{}
JFSebastian146,ChrChristensen,{}
JFSebastian146,DerenicByrd,{}
JFSebastian146,advocate_alakh,{}
JFSebastian146,myloveourunity,{}
JFSebastian146,BLMNorthPreston,{}
JFSebastian146,calypsoreno,{}
JFSebastian146,CBR,{}
JFSebastian146,boogiemayu,{}
JFSebastian146,AkiHabte,{}
JFSebastian146,lordthrust,{}
JFSebastian146,aileen_tobias06,{}
JFSebastian146,YOUNGFRESHHH,{}
JFSebastian146,KhaOmm,{}
JFSebastian146,tonywayne,{}
JFSebastian146,iCyborgMMLXII,{}
JFSebastian146,lonasanchez70,{}
JFSebastian146,gqlewis,{}
JFSebastian146,ashakiiii,{}
JFSebastian146,uNonhlanhla1,{}
JFSebastian146,DaLady72,{}
JFSebastian146,dirtyykiicks,{}
JFSebastian146,albradley416,{}
JFSebastian146,balkan_liza,{}
JFSebastian146,saltfatacidyeet,{}
JFSebastian146,BhattiFouzia,{}
JFSebastian146,manzoorsohail,{}
JFSebastian146,GaryRayBetz,{}
JFSebastian146,YoungMovesMedia,{}
JFSebastian146,TheAlliesApp,{}
JFSebastian146,SaveOwlsHead,{}
JFSebastian146,DanielNewman,{}
JFSebastian146,jf_darwin,{}
JFSebastian146,AnneTheWriter1,{}
JFSebastian146,cnavib,{}
JFSebastian146,RightingWrong,{}
JFSebastian146,CharlesWarren_,{}
JFSebastian146,manthonyhunter,{}
JFSebastian146,SmokeAndAshAnim,{}
JFSebastian146,shahid1naqvi,{}
JFSebastian146,SandraDirkson,{}
JFSebastian146,MaryLTrump,{}
JFSebastian146,Malcolm_X_Files,{}
JFSebastian146,SaraVenard,{}
JFSebastian146,BrunoAmato_1,{}
JFSebastian146,lairdmaxwell,{}
JFSebastian146,XKlips,{}
JFSebastian146,AntiRacistJazz,{}
JFSebastian146,hanjangho76,{}
JFSebastian146,GYank,{}
JFSebastian146,iamabhish3k_,{}
JFSebastian146,lovenfuqeree,{}
JFSebastian146,RisePDX,{}
JFSebastian146,Buddha_Inked,{}
JFSebastian146,bpsycho1,{}
JFSebastian146,TexasMoran,{}
JFSebastian146,CroakeyNews,{}
JFSebastian146,daniellestern,{}
JFSebastian146,Peyotie_Fandomz,{}
JFSebastian146,Soumyadipta,{}
JFSebastian146,LarrySGibson,{}
JFSebastian146,CrustaceansWalk,{}
JFSebastian146,GraceAnn4Trump,{}
JFSebastian146,KrisA37039217,{}
JFSebastian146,ellyse_perrygfx,{}
JFSebastian146,KariJoys,{}
JFSebastian146,AnonymousVideo,{}
JFSebastian146,RedeemerAnd,{}
JFSebastian146,dellirious_,{}
JFSebastian146,ShadyRecords,{}
JFSebastian146,TheUnknownRealm,{}
JFSebastian146,lllDreadChiclll,{}
JFSebastian146,parotsabot,{}
JFSebastian146,abolishICE_nynj,{}
JFSebastian146,tiawdnaeulav,{}
JFSebastian146,miriamcosic,{}
JFSebastian146,Eyevorrie,{}
JFSebastian146,aura_rosetree,{}
JFSebastian146,simplysutter,{}
JFSebastian146,NotURSycophant,{}
JFSebastian146,StopCopTerrorDC,{}
emmadentcoad,rcsalgado1,{}
emmadentcoad,jaxd38,{}
emmadentcoad,KensingtonCLP,{}
emmadentcoad,ClareCummins5,{}
emmadentcoad,EdenhamResident,{}
emmadentcoad,gkjowett,{}
emmadentcoad,Clarice007,{}
emmadentcoad,RBKCLF,{}
emmadentcoad,Purple2Lavender,{}
NavJB,NavJB,{}
NavJB,more9wui,{}
NavJB,buckleynmyclem,{}
NavJB,pareya9j,{}
NavJB,Casau99lTerres,{}
NavJB,pparast2_p,{}
NavJB,kandyzkjx,{}
NavJB,maryamram152,{}
NavJB,yurikolopezors8,{}
NavJB,mirthanaito71,{}
NavJB,EunEunvelmer8,{}
NavJB,Enti3Klein,{}
NavJB,matthew74829703,{}
NavJB,cordeliamathie8,{}
NavJB,felicidadvane12,{}
NavJB,camillaware15,{}
NavJB,graceborntraeg7,{}
NavJB,leibovitzaxgk,{}
NavJB,ddfyf4,{}
NavJB,ManuelaCuadros5,{}
NavJB,BuhlOjj,{}
NavJB,elaga345,{}
NavJB,IshakZenine,{}
NavJB,Minhsg11,{}
NavJB,Mostafa_Mo2002,{}
NavJB,Fortu6L,{}
NavJB,AKonfac,{}
NavJB,Sadie26445745,{}
NavJB,Miguelg28370659,{}
NavJB,Sergej41771258,{}
NavJB,allabogova1,{}
NavJB,Abdulla71645546,{}
NavJB,goldshi12409924,{}
NavJB,aboodkh06661775,{}
NavJB,HsnUeDaK70i56yC,{}
NavJB,YNimnal,{}
NavJB,UrijUskov,{}
NavJB,Vilma43427406,{}
NavJB,mariiadlx,{}
NavJB,makennamichell1,{}
NavJB,Yuliethflores5,{}
NavJB,Jhongeinner,{}
NavJB,Felicia26188171,{}
NavJB,agbgvz,{}
NavJB,merelyndh1,{}
NavJB,Soulbee01,{}
NavJB,ordealmerceeri,{}
NavJB,Marnie_Bieber,{}
NavJB,attil64921146,{}
NavJB,esers47412306,{}
NavJB,ceyha78231453,{}
NavJB,leven18618804,{}
NavJB,Yariza_C14,{}
NavJB,ceyha06185760,{}
NavJB,AbigaylAb,{}
NavJB,1602B,{}
NavJB,Tk96140298,{}
NavJB,092_pedrin,{}
NavJB,LieuNgac,{}
NavJB,campurc77507725,{}
NavJB,ZEphotographic,{}
NavJB,Omnia20233804,{}
NavJB,rmajali132,{}
NavJB,thomaspierce600,{}
NavJB,abdoabdellati12,{}
NavJB,Muskan27568447,{}
NavJB,memesworldx1,{}
NavJB,RjRidoy1670,{}
NavJB,Puja40310783,{}
NavJB,GhtyaT,{}
NavJB,shelbyme13,{}
NavJB,brendaharbin122,{}
NavJB,dmflltxhbfn25,{}
NavJB,twylaCalinamod1,{}
NavJB,ehetzkvdfd37,{}
NavJB,gelt38oi,{}
NavJB,remedioslavas10,{}
NavJB,egbptpdexr64,{}
NavJB,kathryn65774081,{}
NavJB,tennill74244918,{}
NavJB,shondaiuro5,{}
NavJB,Glendanam6Nam,{}
NavJB,justinachildre8,{}
NavJB,jacindaeinfalt8,{}
NavJB,arnitamanning14,{}
NavJB,liznentwig7,{}
NavJB,alexanderechol9,{}
say_the_names,RevolutionChocs,{}
say_the_names,DavidUdale,{}
woke_supremacy,SBBExpo,{}
woke_supremacy,cherylo517,{}
SBBExpo,amanda_gfx,{}
SBBExpo,megan_gfx,{}
SBBExpo,ShechangesE,{}
SBBExpo,ellyse_perrygfx,{}
jphoganorg,jphoganorg,{}
ShechangesE,MarcusJLuckMG,{}
ShechangesE,MTink21401,{}
ShechangesE,itsjustcan1,{}
ShechangesE,Freyja55228624,{}
ShechangesE,Biggreeneyes11,{}
ShechangesE,JennEd501,{}
ShechangesE,mummadonna,{}
ShechangesE,KimberByars,{}
ShechangesE,petersabuchan1,{}
ShechangesE,qrkigrl,{}
ShechangesE,blaq_primar,{}
ShechangesE,elBuenZach,{}
ShechangesE,Earthtenant,{}
ShechangesE,menorman,{}
ShechangesE,Mauras_Miracle,{}
ShechangesE,Friedamca,{}
ShechangesE,AndiLJones,{}
ShechangesE,KittsaTease,{}
ShechangesE,IDoTheThinking,{}
ShechangesE,JorenAsuncion,{}
ShechangesE,NotAcquiescing,{}
ShechangesE,adamiswright,{}
ShechangesE,DesireeLsk,{}
ShechangesE,blackpeopledata,{}
ShechangesE,Speedy2DaNeedy,{}
ShechangesE,MravikPal,{}
ShechangesE,DavidUdale,{}
ClareKuehn,v8ader,{}
ClareKuehn,Brother54799903,{}
ClareKuehn,Zstreets,{}
ClareKuehn,mRNA_Death_Toll,{}
ClareKuehn,ClareKuehn,{}
ClareKuehn,Terav_Esty,{}
ClareKuehn,viralvideovlogs,{}
ClareKuehn,Godmade0147,{}
ClareKuehn,idek3339,{}
ClareKuehn,MichaelSnow10,{}
ClareKuehn,Espritdecorps90,{}
ClareKuehn,GMalchemille,{}
ClareKuehn,ghanaleaksblog,{}
ClareKuehn,bastarddegen,{}
stsoflima,AndreaBilling18,{}
tbasharks,Twostones00,{}
tbasharks,PythonRoboto,{}
tbasharks,S4711We,{}
historianspeaks,KeishaBlain,{}
historianspeaks,philipmerrill,{}
historianspeaks,lindofitness,{}
blmspi,SummarShyne,{}
BoycottQ2,Nazarene1100,{}
BoycottQ2,DavidUdale,{}
BoycottQ2,Doomlordster,{}
DavidUdale,eurekaohara,{}
DavidUdale,EastLintonPS,{}
DavidUdale,Thorpa10,{}
DavidUdale,BotDefund,{}
DavidUdale,guerillacricket,{}
DavidUdale,JudsonVereenArt,{}
DavidUdale,richard_usen,{}
DavidUdale,Delhiite_,{}
DavidUdale,marionmcoaching,{}
DavidUdale,aniket__18,{}
DavidUdale,Iamyourmylove1,{}
DavidUdale,SheffSocScience,{}
DavidUdale,SatanistSubtly,{}
DavidUdale,Analillea,{}
DavidUdale,ibeahussy,{}
DavidUdale,DizZzyMissLizzy,{}
DavidUdale,MickensLamar,{}
DavidUdale,Essex_Fame,{}
DavidUdale,LauraSetyo,{}
DavidUdale,MahaMos89655388,{}
DavidUdale,paramesvaradeva,{}
DavidUdale,LaraOyedele,{}
DavidUdale,spreadsometruth,{}
DavidUdale,WaleWinters,{}
DavidUdale,bloodmoonnnnnn,{}
DavidUdale,MendacityAbout,{}
DavidUdale,BeyCarter5Love,{}
DavidUdale,lonasanchez70,{}
DavidUdale,balkan_liza,{}
DavidUdale,jf_darwin,{}
DavidUdale,lovenfuqeree,{}
DavidUdale,RisePDX,{}
DavidUdale,Buddha_Inked,{}
DavidUdale,bpsycho1,{}
DavidUdale,TheUnknownRealm,{}
MurielBowser,adrianfenty,{}
MurielBowser,Anesgt87,{}
MurielBowser,npa222,{}
MurielBowser,EkimoffCPA,{}
MurielBowser,DrBenChavis,{}
MurielBowser,nlynnimani66,{}
MurielBowser,CMYMA,{}
MurielBowser,MsMiche19763043,{}
MurielBowser,DominiqueVee1,{}
MurielBowser,talibshakirw6,{}
MurielBowser,surfspup,{}
MurielBowser,LadyTFan,{}
MurielBowser,danyasteele,{}
MurielBowser,inzanelaw,{}
MurielBowser,WeActRadio,{}
eurekaohara,jmd99634785,{}
eurekaohara,ConnieLingus2,{}
eurekaohara,mcscmchan,{}
iHShaheen,haashimaliahmad,{}
iHShaheen,AlviLutf,{}
iHShaheen,hayyan_anas,{}
iHShaheen,MaidahMuhammad,{}
iHShaheen,aar1965,{}
iHShaheen,AbuG313,{}
iHShaheen,AmanHarris,{}
iHShaheen,iHSShahin,{}
iHShaheen,CAOsamaSultan,{}
iHShaheen,_C_62,{}
iHShaheen,DocAbdullah2,{}
iHShaheen,Haani_Hasan,{}
iHShaheen,_sabzhilali_,{}
iHShaheen,Mushtac1,{}
iHShaheen,bano_sanjeeda,{}
iHShaheen,KP198408,{}
iHShaheen,Tajammal_99,{}
iHShaheen,ShahidRasoolS13,{}
iHShaheen,JSolehri,{}
FaizalPeraje,MrutyunjayaNa19,{}
FaizalPeraje,_pmsalim,{}
FaizalPeraje,StayingReal0511,{}
FaizalPeraje,SinanCh19050001,{}
FaizalPeraje,1953_rosy,{}
FaizalPeraje,ranjona,{}
FaizalPeraje,mrsinghCricUmp,{}
FaizalPeraje,JackSpa56153082,{}
FaizalPeraje,CBhoomia,{}
FaizalPeraje,yoursurajnaik,{}
FaizalPeraje,Dsouzaclyde,{}
FaizalPeraje,JeevanKuttappa,{}
FaizalPeraje,DivyaDipa,{}
FaizalPeraje,ShwethaKiru,{}
FaizalPeraje,MdToush00786,{}
FaizalPeraje,shahidsheik03,{}
FaizalPeraje,hatefreeworldX,{}
FaizalPeraje,manzurali,{}
wheresisaiah,charlyiguess,{}
wheresisaiah,takazens,{}
wheresisaiah,beomkaiis,{}
wheresisaiah,Dinglemungus,{}
wheresisaiah,heysk00tt,{}
wheresisaiah,mcnuggies01,{}
wheresisaiah,Pikurino_,{}
wheresisaiah,taysom_time7,{}
wheresisaiah,Demois_,{}
angshuman_ch,IVXXIIMCMXCVI,{}
angshuman_ch,roy_eat,{}
angshuman_ch,ConradkBarwa,{}
angshuman_ch,i_am_mumtaz,{}
angshuman_ch,fragnipanicked,{}
angshuman_ch,BhargabSarmah,{}
Aliyah_Artist,Anthonycsimpson,{}
Aliyah_Artist,ThiccTummyTia,{}
Aliyah_Artist,DivaTequila_,{}
Aliyah_Artist,ItsaDandyGuy,{}
Aliyah_Artist,TheGentYYC,{}
Aliyah_Artist,ba3llo,{}
Aliyah_Artist,mustaphaasallah,{}
Aliyah_Artist,HDiriyeanims,{}
Aliyah_Artist,kixgYonez,{}
Aliyah_Artist,NoHer0esHere,{}
Aliyah_Artist,akeemellishyman,{}
Aliyah_Artist,adxmmirza,{}
Aliyah_Artist,saintkxnz,{}
Aliyah_Artist,omie_dale,{}
Matt_VanDyke,NZPapinz,{}
Matt_VanDyke,outside_time,{}
Matt_VanDyke,TypicalTweets21,{}
Matt_VanDyke,derrycanvasser,{}
Matt_VanDyke,drkarajan,{}
Matt_VanDyke,SWasabi54,{}
Matt_VanDyke,DonnaJoWilliams,{}
Matt_VanDyke,KyaeGunn,{}
Matt_VanDyke,johnsonn_olan,{}
Matt_VanDyke,Mondakwe,{}
Matt_VanDyke,HimHopenot,{}
Matt_VanDyke,TouchedYouLast,{}
Matt_VanDyke,sarahbeth0404,{}
Matt_VanDyke,wickedshotspro,{}
Matt_VanDyke,BugPeanut2Funny,{}
Matt_VanDyke,TLangley99,{}
Matt_VanDyke,Trumpsucksducks,{}
Matt_VanDyke,revraygreen,{}
schizocetacean,megafunobby,{}
schizocetacean,clerksanimated,{}
schizocetacean,prismanticore,{}
schizocetacean,schizocetacean,{}
schizocetacean,WEREFEMME,{}
schizocetacean,plasmadawn,{}
schizocetacean,imbluejaaay,{}
schizocetacean,klayfruit,{}
schizocetacean,moth_collins,{}
schizocetacean,harpycall,{}
schizocetacean,morrysillusion,{}
schizocetacean,15charlong,{}
schizocetacean,cyclopscombo,{}
schizocetacean,leiopythonidae,{}
schizocetacean,archaeocete,{}
schizocetacean,butchbearking,{}
schizocetacean,afxmeal,{}
schizocetacean,realitynrebirth,{}
Teestimonybrand,idek3339,{}
idek3339,OldMainBell,{}
idek3339,DavyV_TV,{}
idek3339,Quijote_bcn,{}
idek3339,inartfairNYK,{}
idek3339,LawDoctorWise,{}
idek3339,chasbottom,{}
idek3339,megan_gfx,{}
idek3339,MaLanterne,{}
idek3339,cpggtp,{}
idek3339,JusticeMakerAH,{}
idek3339,iamlorenzorulli,{}
idek3339,DegrassiHigh2,{}
idek3339,Manishh_210,{}
idek3339,LaraOyedele,{}
idek3339,TheLivesThatMtr,{}
idek3339,MkImaan,{}
idek3339,shawntoofitted,{}
idek3339,DWilliamHorner,{}
idek3339,yandiswa1632,{}
idek3339,RealRichLawley,{}
idek3339,cricexec,{}
idek3339,iCarlyFan2009,{}
idek3339,AkiHabte,{}
idek3339,YOUNGFRESHHH,{}
idek3339,KhaOmm,{}
idek3339,MendacityAbout,{}
idek3339,TheAlliesApp,{}
idek3339,manthonyhunter,{}
idek3339,BeyCarter5Love,{}
idek3339,IUICROCHESTER,{}
idek3339,IUIC_Portland,{}
idek3339,TexasMoran,{}
idek3339,LarrySGibson,{}
idek3339,spreadsometruth,{}
idek3339,parotsabot,{}
idek3339,miriamcosic,{}
idek3339,aura_rosetree,{}
Lorna_TVeditor,reenashukla25,{}
Lorna_TVeditor,TeamSussex,{}
Lorna_TVeditor,JessycaMccargo,{}
Lorna_TVeditor,hyppys53,{}
Lorna_TVeditor,Tha_Phoenix,{}
Lorna_TVeditor,ms_opinion,{}
Lorna_TVeditor,Blessgrace5,{}
Lorna_TVeditor,chevy446,{}
Lorna_TVeditor,brenbrenchie,{}
Lorna_TVeditor,EvieThats,{}
portman_vanessa,portman_vanessa,{}
portman_vanessa,Minurvu,{}
portman_vanessa,MrCharlieHTown,{}
portman_vanessa,softmossdog,{}
portman_vanessa,tripleAqueer,{}
portman_vanessa,xakana,{}
portman_vanessa,muhammad_aili,{}
portman_vanessa,_H_DeMers_,{}
portman_vanessa,jenhobson67,{}
portman_vanessa,lonasanchez70,{}
lonasanchez70,lonasanchez70,{}
jerrwinnn,severedaffect,{}
jerrwinnn,MightyCasey,{}
jerrwinnn,cassieugalde,{}
jerrwinnn,madisonhg_,{}
jerrwinnn,PUMPKIN_MANI,{}
jerrwinnn,chafnxs,{}
jerrwinnn,revjospa,{}
jerrwinnn,WanPilgrimm,{}
jerrwinnn,uhhm__okay,{}
jerrwinnn,thatonequeen,{}
Eseri14,KatrinaUGAN,{}
Eseri14,TeddyLubega,{}
Eseri14,phiona_ug,{}
Eseri14,pnalukanga,{}
Eseri14,Eseri14,{}
Eseri14,TonnyNsubuga3,{}
Eseri14,FatuKoroma6,{}
liataghva,cheryl15799416,{}
liataghva,meriked,{}
liataghva,amnosjump92,{}
liataghva,AnanyaShree9,{}
liataghva,kiwimoh,{}
DizZzyMissLizzy,MesereauTom,{}
EthiopianOnion,EBelay,{}
JaaziahIsrael,IUICARKANSAS,{}
EBelay,ghanaleaksblog,{}
judahoudshoorn,JodiKoberinski,{}
chasbottom,tperronne,{}
amanda_gfx,ElizabethMcQ94,{}
amanda_gfx,RealDrCollision,{}
amanda_gfx,wwwanpaus,{}
amanda_gfx,rtsmallstreams,{}
amanda_gfx,sme_rt,{}
amanda_gfx,SGH_RTs,{}
amanda_gfx,Streamer_Boost,{}
amanda_gfx,StreamerWall,{}
amanda_gfx,DripRT,{}
amanda_gfx,ScrimFinder,{}
amanda_gfx,BlazedRTs,{}
RealDrCollision,ellyse_perrygfx,{}
wwwanpaus,rachael_gfx,{}
rtsmallstreams,megan_gfx,{}
rtsmallstreams,rachael_gfx,{}
rtsmallstreams,ellyse_perrygfx,{}
sme_rt,rachael_gfx,{}
SGH_RTs,rachael_gfx,{}
Streamer_Boost,megan_gfx,{}
Streamer_Boost,ellyse_perrygfx,{}
StreamerWall,megan_gfx,{}
StreamerWall,ellyse_perrygfx,{}
ScrimFinder,megan_gfx,{}
ScrimFinder,ellyse_perrygfx,{}
BlazedRTs,megan_gfx,{}
BlazedRTs,rachael_gfx,{}
BlazedRTs,ellyse_perrygfx,{}
RodneyC18186863,ScorpioPisces9,{}
RodneyC18186863,Bea97513471,{}
megan_gfx,DayneDaRonin,{}
megan_gfx,safiroanejo,{}
megan_gfx,EsportsTweeter,{}
megan_gfx,GamingRTweeters,{}
EsportsTweeter,ellyse_perrygfx,{}
GamingRTweeters,rachael_gfx,{}
GamingRTweeters,ellyse_perrygfx,{}
think_dyslexia,teachmykidtorea,{}
think_dyslexia,sandiestone9,{}
think_dyslexia,ckmyers4,{}
think_dyslexia,MrsMmuses,{}
think_dyslexia,SoulfulTeachin,{}
think_dyslexia,karolina6497,{}
think_dyslexia,h83540834,{}
think_dyslexia,onlyonemaryana,{}
think_dyslexia,DayCatherineM,{}
think_dyslexia,Tiffscribes,{}
think_dyslexia,areesakanji,{}
think_dyslexia,LuvonRwriter,{}
think_dyslexia,MsLesliesBooks,{}
think_dyslexia,drlucymichael,{}
think_dyslexia,whoshaq,{}
think_dyslexia,AdultingADHD,{}
Knightinkarma,jaiazee,{}
Delhiite_,Ye_bhi_sai_hai,{}
Delhiite_,attitudemeister,{}
Delhiite_,5TrillionOnions,{}
Delhiite_,razinaparvin687,{}
Delhiite_,jd32768519,{}
Delhiite_,khan__Alig,{}
Delhiite_,IamKarwan,{}
Delhiite_,An_Observer1947,{}
Delhiite_,ZaidSahood256,{}
Delhiite_,DanyaalT17,{}
Delhiite_,Being_Saiyaara,{}
Delhiite_,habib_faridy,{}
Delhiite_,Ansari_Mohtaram,{}
MarcHarrLawyer,CapesJoy,{}
MarcHarrLawyer,AnimaeOK,{}
MarcHarrLawyer,Watershedd,{}
MarcHarrLawyer,MahmudAhsan8,{}
MarcHarrLawyer,timOKeefe8,{}
MarcHarrLawyer,kellyconrad101,{}
MarcHarrLawyer,BillWheatley19,{}
MarcHarrLawyer,BiancaJoyner13,{}
MarcHarrLawyer,blakandblack,{}
cult_stitch,BlackZorro07,{}
cult_stitch,angelaclinton14,{}
james59975431,james59975431,{}
Sioned_W,robevansgdn,{}
Sioned_W,PrettyHatMech,{}
Sioned_W,storm_3113,{}
Sioned_W,MorganGWMedia,{}
Sioned_W,XR_Newport,{}
Sioned_W,roblwilson,{}
Sioned_W,Sarah_May1,{}
Sioned_W,natationist,{}
Sioned_W,SarahRoseCrook,{}
Sioned_W,4_humans,{}
Sioned_W,netpol,{}
Sioned_W,NelsonGirl1,{}
Sioned_W,val_aston,{}
Sioned_W,CalamityChlo3,{}
Sioned_W,mierakarshall,{}
Sioned_W,TwmWillias,{}
Sioned_W,DanielGwydion,{}
Sioned_W,sharonhafmorgan,{}
Sioned_W,CBuddug,{}
kk131066,kk131066,{}
kk131066,digifellaCO,{}
kk131066,stargal46,{}
kk131066,BeverlyFolkers,{}
kk131066,jewel444,{}
kk131066,VickieBluewave,{}
kk131066,Kat_hy2019,{}
kk131066,chbrkr,{}
kk131066,KeepCalmPersist,{}
kk131066,humptytrumpety,{}
kk131066,solusnan1,{}
kk131066,DiaDarren,{}
kk131066,nastywomannow,{}
kk131066,MaryMary0414,{}
kk131066,PSkopow,{}
Iamyourmylove1,rtItBot,{}
SheffSocScience,Kat_a_Easton,{}
SheffSocScience,kitechy,{}
SheffSocScience,NigelFischer3,{}
SheffSocScience,UniShefEngage,{}
SheffSocScience,k_runswick_cole,{}
SheffSocScience,KirstyLiddiard1,{}
paddydocherty,paddydocherty,{}
paddydocherty,DjSanch21191667,{}
paddydocherty,AngelaEglin,{}
paddydocherty,Freecitizen864,{}
paddydocherty,wildwalkerwoman,{}
paddydocherty,xpatjock,{}
DjSanch21191667,SaraVenard,{}
CroakeyNews,LynoreGeia,{}
CroakeyNews,MelissaSweetDr,{}
CroakeyNews,HollyNortham,{}
CroakeyNews,KirrinaBarry,{}
CroakeyNews,RhondaWilsonMHN,{}
CroakeyNews,noisycupboard,{}
MaLanterne,EventsTbd,{}
BeckyParry68,EducationSheff,{}
Star_BLM,saloume11,{}
Star_BLM,PsychangeCymru,{}
Star_BLM,PsychSocChange,{}
Star_BLM,lindamtsn,{}
Star_BLM,worrier_warrior,{}
Star_BLM,outerglobe,{}
Star_BLM,StayHuman2013,{}
Star_BLM,raparuk,{}
Star_BLM,TheQueeryBTN,{}
Star_BLM,SiouxWorsfold,{}
Star_BLM,Barneyhen,{}
Star_BLM,AWumman,{}
Star_BLM,Damian0706,{}
Star_BLM,mybrownmac,{}
Star_BLM,NorSCARF,{}
Star_BLM,pathudson48,{}
Star_BLM,Kadeena8,{}
Star_BLM,scot_tigger,{}
Star_BLM,DarkRedshift,{}
Star_BLM,TreesPayne,{}
Star_BLM,billiuk,{}
Star_BLM,MartinSheedy,{}
Star_BLM,MaryTracy,{}
Star_BLM,MelWhittaker5,{}
Star_BLM,ThosAvery,{}
Star_BLM,lizmcateer,{}
Star_BLM,kim466977jones,{}
Star_BLM,DaviesGina,{}
Star_BLM,JENGbA,{}
Star_BLM,RhodriDougHug,{}
Star_BLM,kcavindam,{}
Star_BLM,spike_humphrey,{}
Star_BLM,onyxkendyl,{}
SurajKrBauddh,Hardik_2605,{}
SurajKrBauddh,bheemarmyAmethi,{}
SurajKrBauddh,RahulDi43723533,{}
SurajKrBauddh,Rani__Boudh,{}
SurajKrBauddh,SwarnavaBose1,{}
SurajKrBauddh,dpk942,{}
SurajKrBauddh,hemraj_karuan,{}
SurajKrBauddh,SonaCBTS,{}
SurajKrBauddh,Rohan_Bodhawade,{}
SurajKrBauddh,gopalyadavvvv,{}
SurajKrBauddh,TribleYoddha,{}
SurajKrBauddh,kalipadhu,{}
SurajKrBauddh,satendra_1125,{}
SurajKrBauddh,Mulniwasidivya,{}
SurajKrBauddh,Dhananj73410573,{}
SurajKrBauddh,RanjanKAmbedkar,{}
SurajKrBauddh,Abcsince1999,{}
SurajKrBauddh,HPrabhat987,{}
SurajKrBauddh,DHIREND56385141,{}
GtownJamma,kinziemat,{}
GtownJamma,tolivari,{}
GtownJamma,Amy_K____,{}
SatanistSubtly,LindaMi14118735,{}
LindaMi14118735,Analillea,{}
LindaMi14118735,Essex_Fame,{}
ibeahussy,ThomasEBrown3,{}
ibeahussy,jeanmarh20,{}
ConLaw60654,RemoveGOPNOW,{}
ConLaw60654,gkhvd4,{}
ConLaw60654,KrisPaap,{}
ConLaw60654,sstockwe,{}
ConLaw60654,dimbiddy,{}
ConLaw60654,ForU2CSandy,{}
ConLaw60654,Jclaudia1,{}
ConLaw60654,pittsburghRN,{}
ConLaw60654,PsychicHealerC,{}
ConLaw60654,Mabbycrankyp,{}
ConLaw60654,Rain333Storm,{}
ConLaw60654,clararo61667738,{}
ConLaw60654,Mostlysunny12,{}
ConLaw60654,TeriRobins2,{}
ConLaw60654,Struthers72,{}
ConLaw60654,Ruppelkp,{}
ConLaw60654,yasminarmendari,{}
ConLaw60654,euchreman1022,{}
ConLaw60654,shawn_wineshark,{}
ConLaw60654,donnaJPortland,{}
Sumitchauhaan,AnilSaras5,{}
Sumitchauhaan,Suresh27274453,{}
Sumitchauhaan,nikhil_sehgal01,{}
Sumitchauhaan,NipunNanda,{}
Sumitchauhaan,BarshaBodra,{}
Sumitchauhaan,PRAMOD88INDIAN,{}
Sumitchauhaan,faashii,{}
Sumitchauhaan,PappuKu77019929,{}
Sumitchauhaan,sourabh41102907,{}
Sumitchauhaan,Maheshmp981,{}
Sumitchauhaan,MRamapithicus,{}
Sumitchauhaan,abhaylal2,{}
Sumitchauhaan,arun141891,{}
Sumitchauhaan,AnjaniKMaurya,{}
Sumitchauhaan,RajGaut89629946,{}
Sumitchauhaan,sujeetkmr33,{}
Sumitchauhaan,rajni6722,{}
iamlorenzorulli,NooMoney,{}
iamlorenzorulli,cadbiwest,{}
iamlorenzorulli,PghGreenLeft,{}
iamlorenzorulli,BethSchongar,{}
iamlorenzorulli,reads_long,{}
iamlorenzorulli,gothposer444,{}
iamlorenzorulli,David01Pgh,{}
iamlorenzorulli,mrpshropshire,{}
iamlorenzorulli,dick_masheter,{}
iamlorenzorulli,IWonder_21,{}
iamlorenzorulli,MattJNemeth,{}
iamlorenzorulli,thecabsareheere,{}
iamlorenzorulli,Zombie_Kissed,{}
iamlorenzorulli,PghProtests,{}
Blackking119,202029AKNM,{}
Blackking119,OohLookWine,{}
MickensLamar,MickensLamar,{}
sanosanele,SelloGood_Phala,{}
sanosanele,BhebheKing,{}
sanosanele,chiefmkhonto,{}
sanosanele,Azania_my_home,{}
sanosanele,abednego82,{}
sanosanele,ThandekaLo,{}
sanosanele,B81660932Boy,{}
sanosanele,ElMa_009,{}
sanosanele,Lungelo_Mageba_,{}
sanosanele,kgwamabena,{}
sanosanele,Hlaha8610241,{}
sanosanele,kgomotso_Kc,{}
sanosanele,thanda7,{}
sanosanele,tumelolove,{}
sanosanele,Phumula06421083,{}
sanosanele,NdabentleZulu,{}
sanosanele,stlacia2020,{}
tanyadmiranda,JhdJane,{}
tanyadmiranda,NPazderski,{}
tanyadmiranda,andrewmorrisuk,{}
tanyadmiranda,suki3hunna,{}
tanyadmiranda,melsm57,{}
tanyadmiranda,Baranduyn,{}
tanyadmiranda,JesusNarrowWay,{}
tanyadmiranda,DarrellPMWest,{}
tanyadmiranda,genecowan,{}
tanyadmiranda,SusanKHeflin,{}
tanyadmiranda,Cheryl25044450,{}
tanyadmiranda,kdusc,{}
tanyadmiranda,sayre_dorell,{}
tanyadmiranda,louise03962820,{}
tanyadmiranda,tinkerbelledc,{}
tanyadmiranda,KAS22_KaaRinn_S,{}
tanyadmiranda,GlennGriffin8,{}
tanyadmiranda,LoriBar64487217,{}
JesusNarrowWay,Sheila4Congress,{}
JesusNarrowWay,BrunoAmato_1,{}
Cheryl25044450,DerenicByrd,{}
IsStratkotter,MchCtp,{}
IsStratkotter,LlewelynPritch,{}
IsStratkotter,endelstamberg,{}
IsStratkotter,WildCat14804474,{}
IsStratkotter,WhoeverAussie,{}
IsStratkotter,carsinogenic,{}
IsStratkotter,MarkOls60595347,{}
IsStratkotter,KimberleyTighe,{}
IsStratkotter,notreallyruth,{}
IsStratkotter,stymstem,{}
IsStratkotter,JosephusLudwig,{}
IsStratkotter,vanessa_vash,{}
IsStratkotter,NoahsArkCrew,{}
IsStratkotter,kenjerakota2,{}
IsStratkotter,Remy_Zahiga,{}
IsStratkotter,Andrew88820142,{}
IsStratkotter,madlove_love,{}
IsStratkotter,ngonlain,{}
Essex_Fame,babajahawi,{}
Essex_Fame,PortableZozo,{}
Manishh_210,AayushK005,{}
LauraSetyo,TeachingBioche1,{}
MahaMos89655388,AshrinaGovender,{}
MahaMos89655388,Cc9999c,{}
MahaMos89655388,R97779777,{}
dadnme88,LoveDJT45POTUS,{}
dadnme88,DeSoto1960,{}
dadnme88,kang_kyundae,{}
dadnme88,KrisB005,{}
dadnme88,Fan4Cal,{}
dadnme88,JordView,{}
dadnme88,blaze0497,{}
dadnme88,60DDT,{}
dadnme88,JVER2ME,{}
dadnme88,SunshineArt7,{}
dadnme88,BettyAnn1014,{}
dadnme88,PurpleWolvy22,{}
dadnme88,shellyb30466232,{}
dadnme88,American_Alley2,{}
dadnme88,nancy41603,{}
dadnme88,kriketUSA,{}
dadnme88,freedragonfly17,{}
dadnme88,BlueKomand,{}
dadnme88,CrownSlew,{}
kang_kyundae,yandiswa1632,{}
paramesvaradeva,LaraOyedele,{}
Alima1000,Alima1000,{}
Alima1000,LEBOTSEK,{}
LaraOyedele,arlawrencewrite,{}
LaraOyedele,LaraOyedele,{}
LaraOyedele,JackieFearon1,{}
LaraOyedele,MecocoUK,{}
LaraOyedele,ImBotss,{}
LaraOyedele,LatifPatel14,{}
LaraOyedele,TheVoiceNews,{}
TheVoiceNews,empressahinei,{}
TheVoiceNews,kgbuckle,{}
TheVoiceNews,Den_Fabrizi,{}
TheVoiceNews,ChiOnwurah,{}
TheVoiceNews,hackneywick,{}
TheVoiceNews,kills1,{}
TheVoiceNews,rapeconception,{}
TheVoiceNews,AfrStudiesLib,{}
TheVoiceNews,VKaboha,{}
TheVoiceNews,Definitude88,{}
TheVoiceNews,Caribintelligen,{}
TheVoiceNews,michaelsiva63,{}
TheVoiceNews,kehinde_andrews,{}
TheVoiceNews,brolezholloway,{}
TheVoiceNews,jonnasta,{}
TheVoiceNews,allaccessdata,{}
TheVoiceNews,RobinaQureshi5,{}
spreadsometruth,SoulCharizard,{}
spreadsometruth,gforemanBCP,{}
WaleWinters,endsarsbot_,{}
endsarsbot_,HondaBerlin,{}
cozca503,tedwheeller,{}
cozca503,WatsonKim7,{}
cozca503,vlalros,{}
cozca503,jwhyrock,{}
cozca503,srart25,{}
cozca503,nephrite42o,{}
cozca503,SocialApoptosis,{}
cozca503,fassbinder91,{}
cozca503,__eidola__,{}
cozca503,brkily,{}
cozca503,ActivistHat_,{}
cozca503,DelacourRaven,{}
cozca503,janika_t4,{}
cozca503,VigilantVincent,{}
Sheila4Congress,ElizabethMulhe3,{}
Sheila4Congress,joceemox7,{}
Sheila4Congress,cryptonene_,{}
Sheila4Congress,Veritas1012,{}
Sheila4Congress,vicleolions,{}
Sheila4Congress,helencaddes,{}
Sheila4Congress,sooze555,{}
Sheila4Congress,djlane,{}
Sheila4Congress,JENFL23,{}
Sheila4Congress,StevenConnie70,{}
Sheila4Congress,BlackKn74938916,{}
Sheila4Congress,TLTownsend51,{}
Sheila4Congress,SheilaM1000,{}
Sheila4Congress,AwkwardddA,{}
Sheila4Congress,mozart9046_andy,{}
Sheila4Congress,k3micah,{}
Sheila4Congress,2ndchanceff,{}
TeddiesLibrary,IncExLtd,{}
TeddiesLibrary,sal2nd,{}
NancysEdNotes,JayeSingleton3,{}
angeliquezobitz,PeachDelphine,{}
MakeWPapuaSafe,OwitaOpa,{}
MakeWPapuaSafe,Jarfi777,{}
MakeWPapuaSafe,miriamtorzillo1,{}
MakeWPapuaSafe,aerami_stome,{}
MakeWPapuaSafe,MorningFlag,{}
FreedomFriesInc,karenfadus1,{}
GovEversPR,Lizzie_TheGreat,{}
milly_caspaces,AdsMontenegro,{}
milly_caspaces,LucyStokes1992,{}
milly_caspaces,MK17061,{}
milly_caspaces,feeldalove168,{}
MartinWilliam95,Allan26941776,{}
MartinWilliam95,kgothatso_kL,{}
MartinWilliam95,Nevaeh_Shiphrah,{}
MartinWilliam95,Tjbee5195,{}
Laikipia_Today,KiamaKaara,{}
ChrChristensen,BulliTH_,{}
ChrChristensen,ElkeU18,{}
ChrChristensen,verena_ramona,{}
ChrChristensen,lachs_nacken,{}
ChrChristensen,Maciek72506648,{}
ChrChristensen,BlackIppoX,{}
ChrChristensen,BmazariF,{}
ChrChristensen,TheBeigeBruva,{}
ChrChristensen,brodelsnazz,{}
ChrChristensen,Sofiano33,{}
ChrChristensen,drcronline,{}
ChrChristensen,SarahCo41167583,{}
ChrChristensen,realhommaa,{}
ChrChristensen,MorganC76943766,{}
ChrChristensen,itlollipop,{}
ChrChristensen,LolaDix85033680,{}
mrdjmtk,PeyoteRecords,{}
DerenicByrd,SASSYLUNAMOON,{}
DerenicByrd,ARTinNEEDLEeye,{}
DerenicByrd,judikenz,{}
DerenicByrd,MeidasActivist,{}
DerenicByrd,LouieJimenez18,{}
DerenicByrd,diva_fr_dallas,{}
DerenicByrd,Lori38911623,{}
DerenicByrd,Margari00581551,{}
DerenicByrd,mimi_phoenix,{}
DerenicByrd,sohart_78,{}
DerenicByrd,CamperCarol2,{}
DerenicByrd,RogWickham,{}
DerenicByrd,FairMountain,{}
DerenicByrd,alaskarebel,{}
DerenicByrd,christopherhnl,{}
DerenicByrd,frankdugan,{}
advocate_alakh,AkhandP46683395,{}
advocate_alakh,asrivastva07,{}
advocate_alakh,Amarsinghnatio2,{}
advocate_alakh,PuneetS74337132,{}
advocate_alakh,bewithnation,{}
advocate_alakh,JashvantTailor,{}
advocate_alakh,NiranjanChavan_,{}
advocate_alakh,DherajKathuria1,{}
advocate_alakh,Nissjenni,{}
advocate_alakh,deep221187,{}
advocate_alakh,NikhilW66885189,{}
advocate_alakh,amitkc2001,{}
advocate_alakh,SatishKalkal,{}
advocate_alakh,ChotaBaccha5,{}
advocate_alakh,TaqiyaAl,{}
advocate_alakh,Kushith4,{}
advocate_alakh,Abhishek1405,{}
myloveourunity,Davidboikanyo1,{}
myloveourunity,RulzKay1_,{}
HondaBerlin,meiklwagner,{}
HondaBerlin,HondaBerlin,{}
BLMNorthPreston,BLMNorthPreston,{}
calypsoreno,RedPillDetox,{}
CBR,DeadAheadRA,{}
CBR,Dantromp_,{}
CBR,AtlBlerd,{}
CBR,earpin_it_up,{}
CBR,smaragduss,{}
CBR,Costume_Bitch,{}
CBR,RandomMnky,{}
CBR,vautrin,{}
CBR,zephaniahfoxley,{}
CBR,maariyahbuchani,{}
CBR,DakotaUniverse,{}
CBR,ayanleymorgan,{}
CBR,marisaleyeve,{}
CBR,EXGymOtakuTop,{}
CBR,joannahuertaney,{}
boogiemayu,boogiemayu,{}
boogiemayu,Blackbiz2020,{}
Blackbiz2020,lllDreadChiclll,{}
AkiHabte,kari_kara15,{}
AkiHabte,KymBrown67,{}
KymBrown67,YOUNGFRESHHH,{}
KymBrown67,KhaOmm,{}
KymBrown67,SandraDirkson,{}
KymBrown67,SaraVenard,{}
KhaOmm,Leila_Price,{}
gqlewis,IsaiahTalton,{}
gqlewis,JimBryant01,{}
ashakiiii,doremifag1,{}
ashakiiii,jidejimi,{}
ashakiiii,beenchasinmoney,{}
ashakiiii,allouise14,{}
ashakiiii,kelli_aliyah042,{}
ashakiiii,kenziegreer0,{}
ashakiiii,stanmissjaida,{}
ashakiiii,_BUSYXBOY,{}
ashakiiii,yonces_siren,{}
ashakiiii,letherosietoo,{}
ashakiiii,LIVtheVIRGO,{}
ashakiiii,werewolfbountyh,{}
ashakiiii,lavenderxx13,{}
ashakiiii,msquadshegotit,{}
ashakiiii,jaileen_almonte,{}
gulabanshul,gulabanshul,{}
uNonhlanhla1,tyutu_unam,{}
uNonhlanhla1,TumiKeBoss_,{}
uNonhlanhla1,RelebogileAmos1,{}
uNonhlanhla1,makhathinit,{}
uNonhlanhla1,iiBhudda,{}
uNonhlanhla1,Regoworldwide,{}
albradley416,ChngJst1FknThng,{}
Muslims4USA,Incorrigible37,{}
saltfatacidyeet,MAMelby,{}
BhattiFouzia,JacobAlvaradoG1,{}
BhattiFouzia,Saqlain90364990,{}
BhattiFouzia,Yousaf1172,{}
BhattiFouzia,jafrimj92,{}
BhattiFouzia,arlatif,{}
BhattiFouzia,mrazaharoon,{}
BhattiFouzia,HafeezPirzad,{}
BhattiFouzia,drJaveriaAhmad,{}
BhattiFouzia,94_athar,{}
manzoorsohail,sohailanwer61,{}
manzoorsohail,kh02149094,{}
GaryRayBetz,ViewFromWise,{}
GaryRayBetz,DawnBlueberry,{}
GaryRayBetz,NancyChadbourne,{}
GaryRayBetz,ArborFelice,{}
GaryRayBetz,CynicalVision50,{}
GaryRayBetz,GaryRayBetz,{}
GaryRayBetz,tadrow,{}
GaryRayBetz,Thooleramawn,{}
GaryRayBetz,ColbertBigb,{}
GaryRayBetz,michael71massey,{}
GaryRayBetz,myweirdmom1,{}
GaryRayBetz,Gray_is_good,{}
GaryRayBetz,LaurieSpoon,{}
GaryRayBetz,cheetah1961,{}
GaryRayBetz,helnfitz,{}
GaryRayBetz,LeoLeojgl,{}
GaryRayBetz,1waytofindout,{}
GaryRayBetz,Maarifa18,{}
AnneTheWriter1,AnneTheWriter1,{}
YoungMovesMedia,sourabhjain1996,{}
YoungMovesMedia,ushasharma1947,{}
YoungMovesMedia,punam_rajpoot,{}
YoungMovesMedia,pradeep_unny,{}
YoungMovesMedia,suhanipratap139,{}
YoungMovesMedia,Himanshi2397,{}
YoungMovesMedia,vikram_krj,{}
YoungMovesMedia,moniverma2005,{}
YoungMovesMedia,sheetalm_b,{}
YoungMovesMedia,sajalgarg024,{}
YoungMovesMedia,Yb81263621,{}
YoungMovesMedia,Akankshash0108,{}
YoungMovesMedia,AutoVega,{}
YoungMovesMedia,RAJanimalLover,{}
YoungMovesMedia,SanatanWomen,{}
YoungMovesMedia,Hindustanigame6,{}
YoungMovesMedia,Piyush25092203,{}
TheAlliesApp,Alliesofjustice,{}
SaveOwlsHead,zapperthecat,{}
SaveOwlsHead,ArnallLabrador,{}
SaveOwlsHead,AncientActivist,{}
SaveOwlsHead,joan_baxter,{}
SaveOwlsHead,Brian_I_Gillis,{}
SaveOwlsHead,jodieturner_ns,{}
DanielNewman,uhurunyaga,{}
DanielNewman,Jim22027951,{}
DanielNewman,sergioracio1808,{}
DanielNewman,LByrdiebby,{}
DanielNewman,sailorstrawberi,{}
DanielNewman,dinglechair,{}
DanielNewman,Chris_Hoare,{}
DanielNewman,Miguel_8375,{}
DanielNewman,_Ayeshax,{}
DanielNewman,HumansMakeMeSad,{}
DanielNewman,CzTC7ksGQ71yevu,{}
DanielNewman,jillian_wendy,{}
DanielNewman,BabaHafusa__,{}
DanielNewman,ShiningSeaUSA,{}
DanielNewman,klara_rose16,{}
DanielNewman,vamphelsing,{}
DanielNewman,j_cervantes_80,{}
DanielNewman,Clara19946,{}
cnavib,AmericaFightHim,{}
cnavib,MartineSulc,{}
cnavib,PrezLives2022,{}
cnavib,PlagueDocIsIn,{}
cnavib,daisytobey,{}
cnavib,angie_keathly,{}
cnavib,OccupyOneLove,{}
cnavib,JewishResister,{}
cnavib,1ChiefsDan2020,{}
cnavib,BlueWaveSaveUs,{}
cnavib,1stosteenjr,{}
cnavib,Sbh08Mae,{}
cnavib,BellaRisttaa,{}
cnavib,DickHorn16,{}
cnavib,Catheri36455257,{}
cnavib,JDeliet,{}
cnavib,andy4democracy,{}
cnavib,CynBlogger,{}
cnavib,andreafed,{}
OccupyOneLove,BrunoAmato_1,{}
DrKarlynB,peripatetics,{}
DrKarlynB,SotoCyn1,{}
DrKarlynB,LICondosHomes,{}
DrKarlynB,Steve1r09,{}
DrKarlynB,janon1234,{}
DrKarlynB,StonewallSenior,{}
DrKarlynB,SALTGERL,{}
DrKarlynB,Jaegerhunter00,{}
DrKarlynB,platoots,{}
DrKarlynB,Gun_Sang_OAH,{}
DrKarlynB,ShepardRahl,{}
DrKarlynB,Gu_Liel,{}
DrKarlynB,IIdentifyAs2,{}
DrKarlynB,MT_Kitsune,{}
DrKarlynB,JurassicOtaku,{}
DrKarlynB,kerberospanzer,{}
DrKarlynB,MGWolf2020,{}
DrKarlynB,LunarArchivist,{}
RightingWrong,Tspoon15,{}
RightingWrong,A_JustCause,{}
SmokeAndAshAnim,KenyaTajae,{}
marktsneed,Reveal_House,{}
shahid1naqvi,Mick_Finnegan,{}
shahid1naqvi,turner_research,{}
shahid1naqvi,DebGreaves2,{}
shahid1naqvi,Patrici96820345,{}
shahid1naqvi,nafeestorwali,{}
shahid1naqvi,ARTofHope,{}
shahid1naqvi,ProsperaTedam,{}
shahid1naqvi,schoolofshabs,{}
shahid1naqvi,SE_London,{}
shahid1naqvi,familygroupmeet,{}
shahid1naqvi,RRJBF,{}
shahid1naqvi,Coumilah01,{}
SandraDirkson,SandraDirkson,{}
SandraDirkson,sandee_lady,{}
SandraDirkson,ChloeKn63889141,{}
SandraDirkson,superteamcode,{}
SandraDirkson,Nokatir1,{}
SandraDirkson,PapyriScribe,{}
MaryLTrump,HillmerAlice,{}
MaryLTrump,csalender,{}
MaryLTrump,Veronik_Mouhat,{}
MaryLTrump,simp4alexzedra,{}
MaryLTrump,FierceCharm,{}
MaryLTrump,ChesneyWilliam9,{}
MaryLTrump,tyronerules2013,{}
MaryLTrump,CurleyHoward5,{}
MaryLTrump,cctish,{}
MaryLTrump,mandrishop,{}
MaryLTrump,wedeservebett14,{}
MaryLTrump,catferguson3,{}
MaryLTrump,KennyDe151,{}
MaryLTrump,jcmarbury,{}
MaryLTrump,mb_farquhar,{}
MaryLTrump,DanielFHart,{}
IUICROCHESTER,Jew_JewBean,{}
Jew_JewBean,IUIC_Portland,{}
Malcolm_X_Files,ChangezKhan69,{}
Malcolm_X_Files,1972_lovelife,{}
Malcolm_X_Files,HUSTLERSDEPOT,{}
Malcolm_X_Files,Scaarz_Fodder,{}
Malcolm_X_Files,504_dr,{}
Malcolm_X_Files,jay_greathouse,{}
Malcolm_X_Files,MaggottyBread,{}
Malcolm_X_Files,iSeekTruth007,{}
Malcolm_X_Files,Subaru_Chan,{}
Malcolm_X_Files,Red1988Deep,{}
blackpeopledata,ellyse_perrygfx,{}
SaraVenard,SaraVenard,{}
SaraVenard,nadafoda13,{}
SaraVenard,nouman_ibn,{}
SaraVenard,damomerch1,{}
BrunoAmato_1,afraidformyus1,{}
BrunoAmato_1,PactFaustian,{}
BrunoAmato_1,Jonnyrocket70,{}
BrunoAmato_1,SandiDeMita,{}
BrunoAmato_1,TwitnSnoop,{}
BrunoAmato_1,gpcnz3,{}
BrunoAmato_1,DavesMdAgeMdnss,{}
BrunoAmato_1,Wings22969704,{}
BrunoAmato_1,Bolinda7,{}
BrunoAmato_1,oomfiesgood,{}
BrunoAmato_1,JGuy30,{}
BrunoAmato_1,CCGevirtz,{}
BrunoAmato_1,fornow35,{}
BrunoAmato_1,SElsworth4,{}
XKlips,shottaboibinx9,{}
XKlips,Brazzy254native,{}
XKlips,DAYOUNG02637789,{}
XKlips,SAUCY_F8,{}
XKlips,Bob77774621245,{}
XKlips,AshleyTreyy,{}
XKlips,monduie,{}
XKlips,PieShigaraki,{}
XKlips,Charmai10545703,{}
XKlips,IsmaelG99464011,{}
XKlips,JAOjr15,{}
XKlips,CATCHnSHOOT,{}
XKlips,larrybdu1,{}
XKlips,lilman262020,{}
XKlips,RetweetDc,{}
XKlips,ImOneTap,{}
XKlips,Nickola39308938,{}
XKlips,mcoca3000,{}
XKlips,Signupman3,{}
XKlips,edu_aa1210,{}
XKlips,RtAppleEvent,{}
iamabhish3k_,dukarehemant,{}
iamabhish3k_,khan12132623,{}
lovenfuqeree,MarijuanaName,{}
bpsycho1,thedemonicalien,{}
bpsycho1,bpsycho1,{}
bpsycho1,moodybeth12,{}
bpsycho1,octobercryptid,{}
bpsycho1,Jud0_Ch0p,{}
bpsycho1,ooomeboshi,{}
bpsycho1,comradebirb,{}
bpsycho1,IronProle,{}
bpsycho1,literalshipley,{}
bpsycho1,magikarp424,{}
bpsycho1,CPostcapitalism,{}
bpsycho1,thesyc66,{}
bpsycho1,JenYetAgain,{}
bpsycho1,_Anunnery,{}
bpsycho1,SaintSluggo,{}
bpsycho1,botmutual,{}
_kalxy_,Tester96664747,{}
rachael_gfx,HelperStream,{}
rachael_gfx,Retweelgend,{}
saraharrisons,jhilyz91,{}
saraharrisons,bayangkopi,{}
saraharrisons,shi_yijin,{}
saraharrisons,Nfttown1,{}
saraharrisons,spooktobercityx,{}
saraharrisons,noobxxiv_,{}
saraharrisons,tammy_marchand,{}
saraharrisons,akhilleawin,{}
saraharrisons,kjkyti,{}
saraharrisons,najaemscityx,{}
saraharrisons,Rskadwii,{}
saraharrisons,kopipatahhati,{}
saraharrisons,tyongfcityx,{}
saraharrisons,nochurnal,{}
saraharrisons,onelhariyanto,{}
saraharrisons,bigwingaes,{}
saraharrisons,addicted0712,{}
saraharrisons,hirraai,{}
saraharrisons,jaeemmciityx,{}
saraharrisons,bigwinwinwin_,{}
ProphetMoses420,ProphetMoses420,{}
daniellestern,genderedcass,{}
daniellestern,bigmagshesmad,{}
Peyotie_Fandomz,BetaStimmity,{}
Peyotie_Fandomz,calamity_marmar,{}
Peyotie_Fandomz,dellirious_,{}
Soumyadipta,ghanashyam591,{}
Soumyadipta,prodsreehari,{}
Soumyadipta,_com_1_,{}
Soumyadipta,greenraspberry,{}
Soumyadipta,TheNonWoke1,{}
Soumyadipta,baug_saikat,{}
Soumyadipta,MarkKumar3,{}
Soumyadipta,bhaktofindia,{}
Soumyadipta,bubblesmoney,{}
Soumyadipta,Taurus_222,{}
Soumyadipta,lifeistrangest,{}
Soumyadipta,AyushJh65029493,{}
Soumyadipta,AnuragChoudhar1,{}
Soumyadipta,Chandan47271738,{}
Soumyadipta,toeuHSVnZJRP4bX,{}
Soumyadipta,KushalSingh6196,{}
Soumyadipta,aquarius_soul15,{}
Soumyadipta,vaguewarrior,{}
LarrySGibson,dinahcreates,{}
LarrySGibson,T7Mpodcast,{}
kthugggs,redstainedcloud,{}
kthugggs,JellybeanHeaven,{}
kthugggs,belliekerg,{}
kthugggs,annifrick,{}
kthugggs,AngelRod225,{}
kthugggs,hunna__stacks,{}
kthugggs,MikeRearick,{}
JackieLittle,Aye_Yo_Jo33,{}
JackieLittle,MORBIDLYKINKY,{}
JackieLittle,coupegobeepbeep,{}
ellyse_perrygfx,StreamShareBot,{}
KariJoys,Inspirepost_ip,{}
KariJoys,PennyJTH,{}
KariJoys,clareappleyard,{}
KariJoys,RockChristopher,{}
KariJoys,Lost_Soul71,{}
Hiruy4HoCo,ChubbyCommie,{}
AnonymousVideo,Ocean_XII,{}
AnonymousVideo,RecognizesReal,{}
AnonymousVideo,piapaulette,{}
AnonymousVideo,juancatovar,{}
AnonymousVideo,YourAnonRiots,{}
AnonymousVideo,CitoyenDuMonde5,{}
AnonymousVideo,RdgLvsandFsh,{}
AnonymousVideo,UnOccupyAmerica,{}
AnonymousVideo,House7Cherries,{}
AnonymousVideo,BethelCult,{}
AnonymousVideo,CannabisRedding,{}
AnonymousVideo,n3tr4mbl3r1,{}
AnonymousVideo,ReddingHomeless,{}
AnonymousVideo,MValkoinnen,{}
AnonymousVideo,OccupyRedding,{}
ShadyRecords,kamlovesshady_,{}
ShadyRecords,LhilaStephanie,{}
ShadyRecords,BRlANRAY,{}
ShadyRecords,iAMFREELANZ,{}
ShadyRecords,NickSarfaty500,{}
ShadyRecords,DexFTW_,{}
ShadyRecords,RinkuSinghPar12,{}
ShadyRecords,GODSWHEBB,{}
ShadyRecords,infinitelyshady,{}
ShadyRecords,DFarstveet,{}
ShadyRecords,MichelaAllison,{}
ShadyRecords,AnnaRose1684,{}
ShadyRecords,theofficial1209,{}
lllDreadChiclll,lllDreadChiclll,{}
lllDreadChiclll,KewtStudio,{}
TimDensonATH,HeidiSaid,{}
TimDensonATH,jacquelineelsn5,{}
abolishICE_nynj,NeverAgainTN,{}
abolishICE_nynj,alexjzucker,{}
abolishICE_nynj,elsolsiregresa,{}
abolishICE_nynj,tonykchoi,{}
abolishICE_nynj,NorthNJDSA,{}
abolishICE_nynj,cxrlyxo,{}
abolishICE_nynj,rainyIuck,{}
abolishICE_nynj,EnvFreeFund,{}
abolishICE_nynj,mikedrewME,{}
abolishICE_nynj,Bronx2216,{}
abolishICE_nynj,RW4BL_,{}
abolishICE_nynj,KittleMalinda,{}
abolishICE_nynj,Fall__Lover,{}
abolishICE_nynj,jrm_math,{}
abolishICE_nynj,BOConnell53090,{}
abolishICE_nynj,dill_the_skinny,{}
abolishICE_nynj,georgebernhard,{}
abolishICE_nynj,danaMpatton,{}
Eyevorrie,miiridescence,{}
Eyevorrie,JJan199,{}
Eyevorrie,szasctrII,{}
Eyevorrie,000Jules000,{}
Eyevorrie,Payblktrnsppl,{}
Eyevorrie,wlwtama,{}
Eyevorrie,Kiyoisback,{}
Eyevorrie,poopopeepisspie,{}
Eyevorrie,kimflask,{}
Eyevorrie,inkmenace,{}
Eyevorrie,X1AX1A,{}
Eyevorrie,whoisjjcarr,{}
Eyevorrie,blkasuka,{}
Eyevorrie,BlueEyedMinion0,{}
Eyevorrie,dandelionskie,{}
Eyevorrie,JOOZCi,{}
happinessbccc,truth_n_fact,{}
aura_rosetree,fett1111,{}
simplysutter,simmonsbarb_,{}
simplysutter,stonepat_a,{}
simplysutter,barbaralay8,{}
simplysutter,Twink225,{}
simmonsbarb_,NotURSycophant,{}
NotURSycophant,blmmcoin,{}
NotURSycophant,char_lawyer,{}
NotURSycophant,terryx56h,{}
StopCopTerrorDC,SoniaPertor,{}
StopCopTerrorDC,BlackPo85988774,{}
StopCopTerrorDC,JFK_ALlivestill,{}
StopCopTerrorDC,cassondra_ni,{}
StopCopTerrorDC,flugennock,{}
StopCopTerrorDC,aeidinger,{}
StopCopTerrorDC,phelanm,{}
StopCopTerrorDC,BentleytheDog,{}
StopCopTerrorDC,Tony_Cleveland,{}
StopCopTerrorDC,EricVolat,{}
StopCopTerrorDC,imclaireschmitt,{}
StopCopTerrorDC,andresbirdland,{}
StopCopTerrorDC,StopCopTerrorDC,{}
sister_kristian,ALOVEFarmer,{}
sister_kristian,RamblinWillie,{}
sister_kristian,JenCages,{}
sister_kristian,HappyNanaX4,{}
sister_kristian,HushMoney2020,{}
sister_kristian,goodell2017,{}
sister_kristian,josfelines,{}
sister_kristian,LPlance,{}
sister_kristian,LizzaBe68997159,{}
sister_kristian,1Good_Trouble,{}
sister_kristian,Jeannie_Pach2_0,{}
sister_kristian,DianaPOMoon,{}
sister_kristian,Supertoaste,{}
sister_kristian,uSSofAmeriKKKa,{}
sister_kristian,blanchard_fr,{}
sister_kristian,TraceeTlc2u2,{}
sister_kristian,DianaFuller12,{}
sister_kristian,GarnetLynne,{}
sister_kristian,LGBTQPlusBot,{}
sister_kristian,Vienna_Eren,{}
