suniketroy,nishant_SSR,{}
suniketroy,Justice4SSR_,{}
suniketroy,matrixpreety,{}
suniketroy,sushdishaTer,{}
suniketroy,SandySR64457040,{}
suniketroy,RajeshK49676278,{}
suniketroy,Pratixa43236067,{}
suniketroy,ritapanthi22,{}
suniketroy,hema92163376,{}
suniketroy,PreetiMehlawat2,{}
suniketroy,SaffiyahKhan2,{}
suniketroy,regalla2,{}
suniketroy,imrudrabha,{}
suniketroy,jackkate4ever,{}
suniketroy,EnterManny,{}
suniketroy,ManishK91071785,{}
suniketroy,shivani17615311,{}
suniketroy,monu_m85,{}
suniketroy,dineshkum123,{}
suniketroy,SanjayP82830944,{}
suniketroy,Teja0330,{}
suniketroy,khushirupa,{}
suniketroy,Bhavna080808,{}
suniketroy,BotSamairav3,{}
suniketroy,S04747shinny,{}
suniketroy,singhalbee,{}
suniketroy,Namita67793491,{}
suniketroy,kvi10981098,{}
suniketroy,HarshaAshram,{}
suniketroy,PragtiSharma13,{}
suniketroy,ManishVish23,{}
suniketroy,army4SSR,{}
nishant_SSR,Abhishe50965999,{}
matrixpreety,Sushantify,{}
matrixpreety,CoronaKuti,{}
matrixpreety,TomBhaiSSRian,{}
sushdishaTer,keesain99,{}
sushdishaTer,warrior_of_SSR,{}
sushdishaTer,itsiram_02,{}
sushdishaTer,SatyaWarrior27,{}
sushdishaTer,AdityaC20727886,{}
sushdishaTer,TomBhaiSSRian,{}
sushdishaTer,Saavi4SSR,{}
sushdishaTer,Sushant76121260,{}
sushdishaTer,nuthan_ch,{}
sushdishaTer,SelfmusingSSR7,{}
sushdishaTer,Lawangeenzwanan,{}
sushdishaTer,PreciseNature,{}
sushdishaTer,Bakshi4ever,{}
sushdishaTer,DIPIKA76375797,{}
sushdishaTer,Satya91539128,{}
sushdishaTer,Khushi4justice,{}
sushdishaTer,sumi53983155,{}
sushdishaTer,Abhishe85710311,{}
sushdishaTer,Anshu_AMU,{}
sushdishaTer,SushABelieber,{}
sushdishaTer,Abhishe50965999,{}
sushdishaTer,SsrHerefor,{}
sushdishaTer,Sushantify,{}
sushdishaTer,SowmyaAnanthan,{}
SandySR64457040,nandini051,{}
SandySR64457040,KachruRachna,{}
SandySR64457040,Sushantify,{}
RajeshK49676278,TomBhaiSSRian,{}
RajeshK49676278,PureLove4SSR,{}
RajeshK49676278,itsshilpasamai,{}
RajeshK49676278,RomanReigns_123,{}
RajeshK49676278,Mohinee14,{}
RajeshK49676278,NeetuPratab,{}
RajeshK49676278,Anshraj52038101,{}
RajeshK49676278,Poushalimukher7,{}
RajeshK49676278,ShuchitaMishra0,{}
RajeshK49676278,ssrians4ssr,{}
RajeshK49676278,its_ssrwarrior,{}
RajeshK49676278,manishavak,{}
RajeshK49676278,Q2L131rKHGGxcqt,{}
RajeshK49676278,Deenuboy,{}
RajeshK49676278,SonaraoSR,{}
RajeshK49676278,SushantMH4747,{}
RajeshK49676278,nona95903460,{}
RajeshK49676278,Neelkam89933898,{}
RajeshK49676278,Geet_205,{}
RajeshK49676278,TamilSe37444620,{}
RajeshK49676278,Devshre20256763,{}
ritapanthi22,TomBhaiSSRian,{}
hema92163376,itsNitikaSingh,{}
hema92163376,Abhishe50965999,{}
hema92163376,PureLove4SSR,{}
hema92163376,itsshilpasamai,{}
hema92163376,Sushantify,{}
hema92163376,PurnimaSengup11,{}
itsNitikaSingh,vinay8tiwari,{}
itsNitikaSingh,ShyamaV1,{}
itsNitikaSingh,975Muskaan,{}
itsNitikaSingh,ronee797,{}
itsNitikaSingh,ManishK91071785,{}
itsNitikaSingh,aviral_jha6,{}
itsNitikaSingh,Navami888,{}
itsNitikaSingh,shashis70135078,{}
itsNitikaSingh,GroverVishan,{}
itsNitikaSingh,ImVipVipSingh,{}
itsNitikaSingh,Sunny_Rajput87,{}
itsNitikaSingh,Saavi4SSR,{}
itsNitikaSingh,TheWand81518737,{}
itsNitikaSingh,peacock613,{}
itsNitikaSingh,Sudipta25154593,{}
itsNitikaSingh,Madhvi16522425,{}
itsNitikaSingh,LAWANASUR,{}
itsNitikaSingh,VISHALJ17021983,{}
itsNitikaSingh,kumarinamita17,{}
itsNitikaSingh,Dhanash48885320,{}
itsNitikaSingh,munishs01985749,{}
itsNitikaSingh,MMmass9,{}
itsNitikaSingh,SolaceBiersack,{}
itsNitikaSingh,Priya25712459,{}
itsNitikaSingh,Patriot22157072,{}
itsNitikaSingh,RomanReigns_123,{}
itsNitikaSingh,fighter_ssr,{}
itsNitikaSingh,RohitTh52901029,{}
itsNitikaSingh,TRufescent,{}
itsNitikaSingh,poojaAg08021806,{}
itsNitikaSingh,DrNMNahar,{}
itsNitikaSingh,KashmiriCreed,{}
itsNitikaSingh,Lambardar707,{}
itsNitikaSingh,Tweetsoni1,{}
itsNitikaSingh,BorkarSalil,{}
itsNitikaSingh,Indraji89166652,{}
itsNitikaSingh,Anonymo76620225,{}
itsNitikaSingh,kalicharanjan,{}
itsNitikaSingh,SSRawat33971220,{}
itsNitikaSingh,KarunaKesharwa2,{}
itsNitikaSingh,Shireen22337881,{}
itsNitikaSingh,Aaditya43078519,{}
itsNitikaSingh,Travel_Explore_,{}
itsNitikaSingh,WyoEV3ALqksUTuB,{}
itsNitikaSingh,Bigbossdddkkk,{}
itsNitikaSingh,Geetha55795096,{}
itsNitikaSingh,v_sreevani,{}
itsNitikaSingh,monu_m85,{}
itsNitikaSingh,NithishKandepi,{}
itsNitikaSingh,skyfalljames007,{}
itsNitikaSingh,Adityaluvish,{}
itsNitikaSingh,BhartiyaNaariii,{}
itsNitikaSingh,LenoAndro,{}
itsNitikaSingh,AjaySwamias420,{}
itsNitikaSingh,sarikas87189690,{}
itsNitikaSingh,iJaydipSolanki,{}
itsNitikaSingh,LPatwar,{}
itsNitikaSingh,anand766,{}
itsNitikaSingh,MohitPa91178604,{}
itsNitikaSingh,Surabhi54913533,{}
itsNitikaSingh,PoojaKu87419429,{}
itsNitikaSingh,bhatia_anand,{}
itsNitikaSingh,mainmayank,{}
itsNitikaSingh,SSSRRRR121,{}
itsNitikaSingh,Parul_TM,{}
itsNitikaSingh,capricornjan1,{}
itsNitikaSingh,jayashri_rane,{}
itsNitikaSingh,Mandeep01773171,{}
itsNitikaSingh,shikhapatiyal,{}
itsNitikaSingh,imKaranOBEROI,{}
itsNitikaSingh,Shimpoosuper,{}
itsNitikaSingh,nona95903460,{}
itsNitikaSingh,UKR89415360,{}
itsNitikaSingh,Kirti03464834,{}
itsNitikaSingh,A12323872072,{}
itsNitikaSingh,SSRisMyworld2,{}
itsNitikaSingh,Mg96725166,{}
itsNitikaSingh,Saha97401862,{}
itsNitikaSingh,prantiksarkar9,{}
itsNitikaSingh,chandar05508277,{}
itsNitikaSingh,MysticalIndia_,{}
itsNitikaSingh,Amour84900103,{}
itsNitikaSingh,San7155872322,{}
itsNitikaSingh,VibhaSi73920219,{}
itsNitikaSingh,Kushi4SSR,{}
itsNitikaSingh,Dishadivine,{}
itsNitikaSingh,TejVen,{}
itsNitikaSingh,always73476171,{}
itsNitikaSingh,beingrajpoot070,{}
itsNitikaSingh,Nikita_ox,{}
itsNitikaSingh,Rohaanii22,{}
itsNitikaSingh,amitgilotra,{}
itsNitikaSingh,Priyank74685077,{}
itsNitikaSingh,Pratima81717423,{}
itsNitikaSingh,Pammi37293516,{}
itsNitikaSingh,Meenaks40463699,{}
itsNitikaSingh,AdityaBijan,{}
itsNitikaSingh,ShriShashi22,{}
itsNitikaSingh,Aradha8206,{}
itsNitikaSingh,deepakb14,{}
itsNitikaSingh,Sachin48626657,{}
itsNitikaSingh,PushpanandV,{}
itsNitikaSingh,Real_Hemlata,{}
itsNitikaSingh,Jaya55757051,{}
itsNitikaSingh,robot_sachin,{}
itsNitikaSingh,Yogi68340740,{}
itsNitikaSingh,im___SSRian,{}
itsNitikaSingh,RangeRoverHR51,{}
itsNitikaSingh,Hiral_6_12,{}
itsNitikaSingh,NipunNanda,{}
itsNitikaSingh,dineshkum123,{}
itsNitikaSingh,Shivangj42,{}
itsNitikaSingh,SanjayP82830944,{}
itsNitikaSingh,SelfmusingSSR7,{}
itsNitikaSingh,VISHYOU,{}
itsNitikaSingh,anonHaak,{}
itsNitikaSingh,TheEnigmatic_1,{}
itsNitikaSingh,Shelly47145525,{}
itsNitikaSingh,boycott_halaal,{}
itsNitikaSingh,Manisha63470447,{}
itsNitikaSingh,Abhishe28913791,{}
itsNitikaSingh,Remember8_13Jun,{}
itsNitikaSingh,spkumarsuni,{}
itsNitikaSingh,Aditya977027222,{}
itsNitikaSingh,NipaInamdar,{}
itsNitikaSingh,ashishpandey___,{}
itsNitikaSingh,Aaditya84657101,{}
itsNitikaSingh,Lakhwin90458679,{}
itsNitikaSingh,AdarshT15780635,{}
itsNitikaSingh,MiraSachan,{}
itsNitikaSingh,PRADEEP95372681,{}
itsNitikaSingh,Ravi_OO5,{}
itsNitikaSingh,Shefali04261994,{}
itsNitikaSingh,Shruti_SSR,{}
itsNitikaSingh,Zarina86260545,{}
itsNitikaSingh,RavinderVirdi26,{}
itsNitikaSingh,Rumi91992555,{}
itsNitikaSingh,Sanjana45722432,{}
itsNitikaSingh,Shri25012017,{}
itsNitikaSingh,ARP000115,{}
itsNitikaSingh,HimashieG,{}
itsNitikaSingh,AlluringPikachu,{}
itsNitikaSingh,AnjaliBodhanka1,{}
itsNitikaSingh,Bibhasmishra4,{}
itsNitikaSingh,Vandana05715030,{}
itsNitikaSingh,its_AkRaj,{}
itsNitikaSingh,Pari_574,{}
itsNitikaSingh,Sushantify,{}
itsNitikaSingh,IMS26780583,{}
itsNitikaSingh,MurderofSSR,{}
itsNitikaSingh,MissingSSR,{}
ShyamaV1,nandini051,{}
ShyamaV1,TomBhaiSSRian,{}
ShyamaV1,Sushantify,{}
ShyamaV1,MysticalIndia_,{}
ShyamaV1,Leema2706,{}
ShyamaV1,MamataP64733713,{}
ShyamaV1,SSRMUFOREVER86,{}
ShyamaV1,Mahadev_Gulshan,{}
ShyamaV1,Sushritu,{}
ShyamaV1,SsrHerefor,{}
ShyamaV1,Lawangeenzwanan,{}
975Muskaan,Sushantify,{}
975Muskaan,Saroja_Magaji,{}
975Muskaan,Adityachhapeka3,{}
975Muskaan,raj4_ssr,{}
975Muskaan,sumidas198,{}
975Muskaan,keesain99,{}
975Muskaan,I_Am_Roy18,{}
ronee797,Sushantify,{}
ManishK91071785,SsrHerefor,{}
ManishK91071785,ApurvaU21,{}
ManishK91071785,PureLove4SSR,{}
ManishK91071785,Saroja_Magaji,{}
ManishK91071785,Adityachhapeka3,{}
ManishK91071785,DareDevilAnk,{}
ManishK91071785,Sushantify,{}
ManishK91071785,its_AkRaj,{}
ManishK91071785,imrudrabha,{}
ManishK91071785,PurnimaSengup11,{}
ManishK91071785,sumidas198,{}
ManishK91071785,I_Am_Roy18,{}
ManishK91071785,Manoj10112016,{}
ManishK91071785,JusticeAndTrut9,{}
ManishK91071785,SmitaBuch2,{}
ManishK91071785,AjayAb28489674,{}
ManishK91071785,Anoop59643888,{}
ManishK91071785,DemonGod21,{}
ManishK91071785,raj4_ssr,{}
ManishK91071785,CoronaKuti,{}
ManishK91071785,Sandeep80847331,{}
ManishK91071785,Manju39674242,{}
aviral_jha6,Sushantify,{}
aviral_jha6,PurnimaSengup11,{}
aviral_jha6,Sandeep80847331,{}
aviral_jha6,MysticalIndia_,{}
Navami888,Sushantify,{}
Navami888,Leema2706,{}
Navami888,itsSSR_2186,{}
shashis70135078,Abhishe50965999,{}
shashis70135078,ApurvaU21,{}
shashis70135078,Saroja_Magaji,{}
shashis70135078,Adityachhapeka3,{}
shashis70135078,Sushantify,{}
GroverVishan,TomBhaiSSRian,{}
ImVipVipSingh,Sushantify,{}
Saavi4SSR,MeenaDasNarayan,{}
Saavi4SSR,raj4_ssr,{}
Saavi4SSR,Dishadivine,{}
Saavi4SSR,anandi1232,{}
Saavi4SSR,VivekVirtual,{}
peacock613,Sushantify,{}
kumarinamita17,itsshilpasamai,{}
kumarinamita17,its_AkRaj,{}
MMmass9,TomBhaiSSRian,{}
SolaceBiersack,TomBhaiSSRian,{}
Priya25712459,Sushantify,{}
Priya25712459,raj4_ssr,{}
Priya25712459,keesain99,{}
Priya25712459,KetanJoshi1,{}
Priya25712459,shakir4804,{}
Priya25712459,Novely_kumar,{}
Patriot22157072,PureLove4SSR,{}
Patriot22157072,sulakshana9711,{}
Patriot22157072,Sushantify,{}
Patriot22157072,Saroja_Magaji,{}
Patriot22157072,Adityachhapeka3,{}
Patriot22157072,itsSSRvibes,{}
Patriot22157072,Priya80167535,{}
Patriot22157072,TomBhaiSSRian,{}
Patriot22157072,DareDevilAnk,{}
Patriot22157072,barkhatrehan16,{}
Patriot22157072,its_AkRaj,{}
Patriot22157072,raj4_ssr,{}
Patriot22157072,imrudrabha,{}
Patriot22157072,PurnimaSengup11,{}
Patriot22157072,sumidas198,{}
Patriot22157072,keesain99,{}
Patriot22157072,I_Am_Roy18,{}
Patriot22157072,Leema2706,{}
Patriot22157072,JusticeAndTrut9,{}
Patriot22157072,DemonGod21,{}
Patriot22157072,CoronaKuti,{}
Patriot22157072,Sandeep80847331,{}
Patriot22157072,Manju39674242,{}
Patriot22157072,itsshilpasamai,{}
Patriot22157072,MysticalIndia_,{}
Patriot22157072,Sanatani_Durga,{}
Patriot22157072,Bakshi4ever,{}
Patriot22157072,smitaparikh2,{}
Patriot22157072,aliensparadox,{}
Patriot22157072,SSRMUFOREVER86,{}
Patriot22157072,Lawangeenzwanan,{}
Patriot22157072,MB196_,{}
Patriot22157072,MadhumitaroyC,{}
Patriot22157072,diksha24431935,{}
Patriot22157072,SowmyaAnanthan,{}
Patriot22157072,nandini051,{}
Patriot22157072,Angry_Bot14,{}
Patriot22157072,SsrHerefor,{}
Patriot22157072,NYTraveler2,{}
Patriot22157072,SelfMusing_Sush,{}
Patriot22157072,ModakEsha,{}
Patriot22157072,Mahadev_Gulshan,{}
Patriot22157072,GemsOfBollywood,{}
Patriot22157072,MEENU82433774,{}
Patriot22157072,SupriyaSSR3007,{}
Patriot22157072,Ishu_1611,{}
Patriot22157072,im___SSRian,{}
Patriot22157072,RaySujata2020,{}
Patriot22157072,shrawan20104132,{}
Patriot22157072,__abhi09,{}
Patriot22157072,weathercover,{}
Patriot22157072,imdeb_s,{}
Patriot22157072,robot_sachin,{}
RomanReigns_123,Sushantify,{}
RomanReigns_123,SsrHerefor,{}
RomanReigns_123,PureLove4SSR,{}
RomanReigns_123,Bakshi4ever,{}
RomanReigns_123,sulakshana9711,{}
RomanReigns_123,Saroja_Magaji,{}
RomanReigns_123,Adityachhapeka3,{}
RomanReigns_123,itsSSRvibes,{}
RomanReigns_123,Priya80167535,{}
RomanReigns_123,imrudrabha,{}
RomanReigns_123,PurnimaSengup11,{}
RomanReigns_123,I_Am_Roy18,{}
RomanReigns_123,Leema2706,{}
RomanReigns_123,JusticeAndTrut9,{}
RomanReigns_123,DemonGod21,{}
RomanReigns_123,Sandeep80847331,{}
RomanReigns_123,Manju39674242,{}
RomanReigns_123,MysticalIndia_,{}
RomanReigns_123,smitaparikh2,{}
RomanReigns_123,aliensparadox,{}
RomanReigns_123,SSRMUFOREVER86,{}
RomanReigns_123,Lawangeenzwanan,{}
RomanReigns_123,MadhumitaroyC,{}
RomanReigns_123,diksha24431935,{}
RomanReigns_123,Novely_kumar,{}
RomanReigns_123,TomBhaiSSRian,{}
RomanReigns_123,SupriyaSSR3007,{}
RomanReigns_123,Ishu_1611,{}
RomanReigns_123,im___SSRian,{}
RomanReigns_123,RaySujata2020,{}
RomanReigns_123,shrawan20104132,{}
RomanReigns_123,__abhi09,{}
RomanReigns_123,imdeb_s,{}
RomanReigns_123,robot_sachin,{}
RomanReigns_123,DareDevilAnk,{}
RomanReigns_123,itsshilpasamai,{}
RomanReigns_123,chandump,{}
RomanReigns_123,Pramilajoshi20,{}
RomanReigns_123,ItsSHR21,{}
RomanReigns_123,PratikJ93698881,{}
RomanReigns_123,SeemaR001,{}
RomanReigns_123,PhoenixPRIYA25,{}
RomanReigns_123,desh_neel,{}
RomanReigns_123,Rash28101,{}
RohitTh52901029,TomBhaiSSRian,{}
RohitTh52901029,Iron4Dome,{}
TRufescent,Sushantify,{}
TRufescent,TomBhaiSSRian,{}
poojaAg08021806,Sushantify,{}
poojaAg08021806,Adityachhapeka3,{}
poojaAg08021806,itsSSRvibes,{}
poojaAg08021806,Priya80167535,{}
poojaAg08021806,barkhatrehan16,{}
poojaAg08021806,ManozKumarTalks,{}
poojaAg08021806,keesain99,{}
poojaAg08021806,SSRMUFOREVER86,{}
poojaAg08021806,Manju39674242,{}
poojaAg08021806,MysticalIndia_,{}
poojaAg08021806,its_AkRaj,{}
poojaAg08021806,SelfMusing_Sush,{}
poojaAg08021806,ModakEsha,{}
poojaAg08021806,GemsOfBollywood,{}
poojaAg08021806,RICKI75268441,{}
DrNMNahar,SsrHerefor,{}
DrNMNahar,Sushantify,{}
DrNMNahar,itsSSRvibes,{}
DrNMNahar,Priya80167535,{}
DrNMNahar,DareDevilAnk,{}
DrNMNahar,sumidas198,{}
DrNMNahar,I_Am_Roy18,{}
DrNMNahar,CoronaKuti,{}
DrNMNahar,Sandeep80847331,{}
DrNMNahar,itsshilpasamai,{}
DrNMNahar,Sanatani_Durga,{}
DrNMNahar,MadhumitaroyC,{}
DrNMNahar,Novely_kumar,{}
DrNMNahar,SowmyaAnanthan,{}
DrNMNahar,SelfMusing_Sush,{}
DrNMNahar,GemsOfBollywood,{}
DrNMNahar,DemonGod21,{}
nandini051,AdnanMa47574375,{}
nandini051,GauriSh00526155,{}
nandini051,politicperfect,{}
nandini051,shivani17615311,{}
nandini051,RightToVoicee,{}
nandini051,Sushantify,{}
nandini051,SowmyaAnanthan,{}
nandini051,Healing_Angel33,{}
nandini051,RRS_InnerVoice,{}
nandini051,SSRMUFOREVER86,{}
nandini051,Ashwini797975,{}
nandini051,Remember8_13Jun,{}
nandini051,lokitty2001,{}
nandini051,Bharati80405396,{}
nandini051,SSRaliveinme,{}
nandini051,Tista1819001,{}
nandini051,k_ttam,{}
nandini051,kvi10981098,{}
nandini051,Rose4SSR,{}
nandini051,Fightersushant1,{}
nandini051,BappaManab,{}
nandini051,iki1504,{}
nandini051,Santosh61536729,{}
AdnanMa47574375,DareDevilAnk,{}
AdnanMa47574375,seemuy_93,{}
GauriSh00526155,Sushantify,{}
GauriSh00526155,DemonGod21,{}
GauriSh00526155,Atlanta4S,{}
GauriSh00526155,DareDevilAnk,{}
keesain99,Abhishe50965999,{}
keesain99,ApurvaU21,{}
keesain99,sulakshana9711,{}
keesain99,Princes75353806,{}
keesain99,Adityaluvish,{}
keesain99,Womaniyya,{}
keesain99,TheRealKapoor,{}
keesain99,Seri72456012,{}
keesain99,BorkarSalil,{}
keesain99,Anonymo76620225,{}
keesain99,VIKASK88090113,{}
keesain99,hariomsingh1071,{}
keesain99,SSRawat33971220,{}
keesain99,KarunaKesharwa2,{}
keesain99,anand_bandaru,{}
keesain99,human2209,{}
keesain99,shikhapatiyal,{}
keesain99,ImVrizes,{}
warrior_of_SSR,SsrHerefor,{}
warrior_of_SSR,PureLove4SSR,{}
warrior_of_SSR,Bakshi4ever,{}
warrior_of_SSR,Hiroshi64788628,{}
SatyaWarrior27,Abhishe50965999,{}
SatyaWarrior27,Bakshi4ever,{}
AdityaC20727886,PureLove4SSR,{}
AdityaC20727886,iamshraddhapanj,{}
AdityaC20727886,Rajeshs09315524,{}
TomBhaiSSRian,Sushantify,{}
TomBhaiSSRian,MysticalIndia_,{}
TomBhaiSSRian,SushantLeague,{}
TomBhaiSSRian,its_sush_fan,{}
TomBhaiSSRian,Rajeshs09315524,{}
TomBhaiSSRian,SumitaBasuRoy2,{}
TomBhaiSSRian,Pramilajoshi20,{}
TomBhaiSSRian,nuthan_ch,{}
TomBhaiSSRian,nona95903460,{}
TomBhaiSSRian,VRahogati,{}
TomBhaiSSRian,PureLove4SSR,{}
TomBhaiSSRian,Sushant67444910,{}
TomBhaiSSRian,MadhuRay_06,{}
TomBhaiSSRian,Vandana05715030,{}
TomBhaiSSRian,Mg96725166,{}
TomBhaiSSRian,ShinyDam,{}
TomBhaiSSRian,its_ssrwarrior,{}
TomBhaiSSRian,ApurvaU21,{}
TomBhaiSSRian,nennie1456789,{}
TomBhaiSSRian,AjaySwamias420,{}
TomBhaiSSRian,sushmaY37976032,{}
TomBhaiSSRian,SaketKu60095102,{}
TomBhaiSSRian,AmmannaSantosh,{}
TomBhaiSSRian,Anonymo85632208,{}
TomBhaiSSRian,AdityaRJagtap1,{}
TomBhaiSSRian,lovgill,{}
TomBhaiSSRian,hariomsingh1071,{}
TomBhaiSSRian,kalicharanjan,{}
TomBhaiSSRian,iJaydipSolanki,{}
TomBhaiSSRian,vishalpandit052,{}
TomBhaiSSRian,KiHoya2,{}
TomBhaiSSRian,RRS_InnerVoice,{}
TomBhaiSSRian,Remember8_13Jun,{}
TomBhaiSSRian,dineshkum123,{}
TomBhaiSSRian,BhawnaBatra20,{}
TomBhaiSSRian,Ansh27512749,{}
TomBhaiSSRian,SSS_Ashu,{}
TomBhaiSSRian,Nyay4SSR,{}
TomBhaiSSRian,nishac12300,{}
TomBhaiSSRian,Abhishe50965999,{}
TomBhaiSSRian,TapasyaShiva,{}
TomBhaiSSRian,IamChaitali321,{}
TomBhaiSSRian,Aaditya84657101,{}
TomBhaiSSRian,its_NixN,{}
TomBhaiSSRian,DivkerSarita,{}
TomBhaiSSRian,Candid_Nature,{}
TomBhaiSSRian,manishavak,{}
TomBhaiSSRian,Cyia4SSR,{}
TomBhaiSSRian,AnjaliBodhanka1,{}
TomBhaiSSRian,IAMAANSH,{}
TomBhaiSSRian,itnikhushi,{}
TomBhaiSSRian,Manny_Arpita,{}
TomBhaiSSRian,SSR14Jun20,{}
TomBhaiSSRian,RockstarSSR98,{}
TomBhaiSSRian,jackkate4ever,{}
TomBhaiSSRian,L_O_S_E_R_BOY,{}
TomBhaiSSRian,Sourabh04306714,{}
TomBhaiSSRian,tinassrian,{}
TomBhaiSSRian,HeliPandya8,{}
TomBhaiSSRian,VishwambharWad,{}
TomBhaiSSRian,Justice78602373,{}
TomBhaiSSRian,MannyNotBoT1,{}
TomBhaiSSRian,cv148,{}
Sushant76121260,PureLove4SSR,{}
Sushant76121260,MeenaDasNarayan,{}
nuthan_ch,Abhishe50965999,{}
nuthan_ch,Bakshi4ever,{}
nuthan_ch,itsshilpasamai,{}
SelfmusingSSR7,RaniYogisha,{}
SelfmusingSSR7,DareDevilAnk,{}
SelfmusingSSR7,BananiD86287494,{}
Lawangeenzwanan,ajay_kusekar,{}
Lawangeenzwanan,sairam_murahari,{}
Lawangeenzwanan,iJaydipSolanki,{}
Lawangeenzwanan,KarunaKesharwa2,{}
Lawangeenzwanan,sjhf777,{}
Lawangeenzwanan,Vandana05715030,{}
Lawangeenzwanan,ravipatel72224,{}
Lawangeenzwanan,TheEnigmatic_1,{}
Lawangeenzwanan,MEENU82433774,{}
Lawangeenzwanan,Sushantify,{}
Lawangeenzwanan,NipunNanda,{}
Lawangeenzwanan,Geetha55795096,{}
Lawangeenzwanan,monu_m85,{}
Lawangeenzwanan,dineshkum123,{}
Lawangeenzwanan,nona95903460,{}
Lawangeenzwanan,needofanhour201,{}
Lawangeenzwanan,believerig83,{}
Lawangeenzwanan,justice_sushant,{}
Lawangeenzwanan,VishwambharWad,{}
Lawangeenzwanan,Remember8_13Jun,{}
Lawangeenzwanan,anandi1232,{}
Lawangeenzwanan,boycott_halaal,{}
Lawangeenzwanan,bhavika58621907,{}
Lawangeenzwanan,Rohaanii22,{}
Lawangeenzwanan,TweetyTweeetz,{}
PreciseNature,ApurvaU21,{}
PreciseNature,PurnimaSengup11,{}
Bakshi4ever,Abhishe50965999,{}
Bakshi4ever,KachruRachna,{}
Bakshi4ever,PureLove4SSR,{}
Bakshi4ever,itssSSR___,{}
Bakshi4ever,Fightersushant1,{}
Bakshi4ever,Anshu_AMU,{}
Bakshi4ever,NidhiSi46637635,{}
Bakshi4ever,itsshilpasamai,{}
Bakshi4ever,KiHoya2,{}
Bakshi4ever,Sushantify,{}
Bakshi4ever,SsrHerefor,{}
Bakshi4ever,Candid_Nature,{}
Bakshi4ever,Sanra05,{}
Bakshi4ever,PhoenixPRIYA25,{}
Bakshi4ever,Anku_hihu,{}
Bakshi4ever,SonaraoSR,{}
Bakshi4ever,sairam_murahari,{}
Bakshi4ever,SulataMukherje1,{}
Bakshi4ever,capricornjan1,{}
Bakshi4ever,SaffiyahKhan2,{}
Bakshi4ever,Parimal39796368,{}
Bakshi4ever,imKaranOBEROI,{}
Bakshi4ever,Disha_SSR_,{}
Bakshi4ever,Pammi37293516,{}
Bakshi4ever,MinarvaPanda4,{}
Bakshi4ever,SeriInfiniteSSR,{}
Bakshi4ever,SushantLeague,{}
Bakshi4ever,SSR_DISHA_JIAH1,{}
Bakshi4ever,sumi53983155,{}
Bakshi4ever,Shruti179099660,{}
Bakshi4ever,SsriansUnited,{}
Bakshi4ever,awaazzz,{}
Bakshi4ever,Manisha63470447,{}
Bakshi4ever,kiran_shunya,{}
Bakshi4ever,EurydiceSsr,{}
Bakshi4ever,910Alkesh,{}
Bakshi4ever,mickeyssrian,{}
Bakshi4ever,SushABelieber,{}
Bakshi4ever,HashiTammy,{}
Bakshi4ever,babubhatura,{}
Bakshi4ever,HashiSushant,{}
Bakshi4ever,its_Rishika_,{}
DIPIKA76375797,SupriyaSSR3007,{}
DIPIKA76375797,__abhi09,{}
DIPIKA76375797,Sushantify,{}
DIPIKA76375797,SeemaR001,{}
DIPIKA76375797,Bhavna080808,{}
Satya91539128,Abhishe50965999,{}
Satya91539128,PurnimaSengup11,{}
Satya91539128,RRS_InnerVoice,{}
Satya91539128,itsshilpasamai,{}
Khushi4justice,PureLove4SSR,{}
Khushi4justice,PhoenixPRIYA25,{}
Khushi4justice,Rajeshs09315524,{}
sumi53983155,sulakshana9711,{}
sumi53983155,SSRMUFOREVER86,{}
sumi53983155,Boss26232513,{}
Abhishe85710311,SsrHerefor,{}
Abhishe85710311,PureLove4SSR,{}
Abhishe85710311,sulakshana9711,{}
Abhishe85710311,PurnimaSengup11,{}
Anshu_AMU,Abhishe50965999,{}
Anshu_AMU,PhoenixPRIYA25,{}
Anshu_AMU,iamshraddhapanj,{}
Anshu_AMU,SsrHerefor,{}
Anshu_AMU,Angry_Bot14,{}
SushABelieber,sulakshana9711,{}
SushABelieber,PurnimaSengup11,{}
RajeshKumar_TT,Sushantify,{}
RajeshKumar_TT,smitaparikh2,{}
RajeshKumar_TT,Mahadev_Gulshan,{}
Abhishe50965999,ch_nuthan,{}
Abhishe50965999,SaffiyahKhan2,{}
Abhishe50965999,nennie1456789,{}
Abhishe50965999,BELLA4SSR,{}
Abhishe50965999,prantiksarkar9,{}
Abhishe50965999,Amrita_W_S,{}
Abhishe50965999,BhartiyaNaariii,{}
Abhishe50965999,avinoddd,{}
Abhishe50965999,its_sush_fan,{}
Abhishe50965999,its_ssrwarrior,{}
Abhishe50965999,Sush_2020,{}
Abhishe50965999,sulakshana9711,{}
Abhishe50965999,itssSSR___,{}
ch_nuthan,itsshilpasamai,{}
SaffiyahKhan2,imrudrabha,{}
nennie1456789,Saroja_Magaji,{}
nennie1456789,Thatguyuknow__,{}
nennie1456789,Adityachhapeka3,{}
nennie1456789,Sushantify,{}
nennie1456789,itsSSRvibes,{}
nennie1456789,Priya80167535,{}
BELLA4SSR,SsrHerefor,{}
prantiksarkar9,ApurvaU21,{}
prantiksarkar9,Sushantify,{}
prantiksarkar9,Priya80167535,{}
prantiksarkar9,barkhatrehan16,{}
prantiksarkar9,Sandeep80847331,{}
prantiksarkar9,GemsOfBollywood,{}
prantiksarkar9,nobuddy772100,{}
Amrita_W_S,Sushantify,{}
Amrita_W_S,SsrHerefor,{}
Amrita_W_S,PurnimaSengup11,{}
Amrita_W_S,RRS_InnerVoice,{}
BhartiyaNaariii,Sushantify,{}
BhartiyaNaariii,itsSSRvibes,{}
its_sush_fan,Sushantify,{}
its_sush_fan,RRS_InnerVoice,{}
its_sush_fan,RaniYogisha,{}
its_sush_fan,Healing_Angel33,{}
its_sush_fan,nona95903460,{}
its_sush_fan,Hiroshi64788628,{}
its_sush_fan,THEDARK75592989,{}
its_sush_fan,SsrHerefor,{}
its_ssrwarrior,PureLove4SSR,{}
its_ssrwarrior,PurnimaSengup11,{}
its_ssrwarrior,RaniYogisha,{}
Sushantify,saloni202020,{}
Sushantify,SwatiRa99010741,{}
Sushantify,12naturebeauty,{}
Sushantify,Intesar05661425,{}
Sushantify,EnterManny,{}
Sushantify,LenoAndro,{}
Sushantify,nehasondhi,{}
Sushantify,indian_data,{}
Sushantify,Kinjalll3,{}
Sushantify,SelfMusing_Sush,{}
Sushantify,mayavi66,{}
Sushantify,Dolly18879655,{}
Sushantify,chandu532,{}
Sushantify,anuinc2010,{}
Sushantify,arun_tweeter_,{}
Sushantify,NithishKandepi,{}
Sushantify,Apurb_K,{}
Sushantify,RIDDHI56987171,{}
Sushantify,prabhupp01,{}
Sushantify,SumanCh25649817,{}
Sushantify,manoj_p_thakur,{}
Sushantify,KhushiBakshi24,{}
Sushantify,AroraHota,{}
Sushantify,Devansh50835761,{}
Sushantify,skyfalljames007,{}
Sushantify,SushantMylove1,{}
Sushantify,Namita67793491,{}
Sushantify,sairam_murahari,{}
Sushantify,SSRian2111,{}
Sushantify,KarunaKesharwa2,{}
Sushantify,DevajiSanjot,{}
Sushantify,Shubham50064360,{}
Sushantify,conscientious03,{}
Sushantify,AjaySwamias420,{}
Sushantify,ruchityagi2108,{}
Sushantify,Nkallur2,{}
Sushantify,Librand5,{}
Sushantify,BorkarSalil,{}
Sushantify,PriaDesh,{}
Sushantify,m_Chandrani_,{}
Sushantify,i_desi_surya,{}
Sushantify,Princes75353806,{}
Sushantify,manishk160490,{}
Sushantify,Ujjwal06481627,{}
Sushantify,tilak__vyas,{}
Sushantify,vibgyorinrain,{}
Sushantify,Arnavsingh12341,{}
Sushantify,PragtiSharma13,{}
Sushantify,Justice40851704,{}
Sushantify,anadi1984,{}
Sushantify,Shefali04261994,{}
Sushantify,Justice36673697,{}
Sushantify,Harshil109824,{}
Sushantify,ssrthe_legend,{}
Sushantify,ktrups79,{}
Sushantify,NehaGup27320616,{}
Sushantify,SowmyaAnanthan,{}
Sushantify,07SouraDip_,{}
Sushantify,avengersrise,{}
Sushantify,its_ksaini,{}
Sushantify,AdnanMa15467407,{}
Sushantify,privin07,{}
Sushantify,Crusader4Justi1,{}
Sushantify,SwimGameing,{}
Sushantify,iampcforpeace,{}
Sushantify,Nomad2210,{}
Sushantify,FabulousRaviRaj,{}
Sushantify,hopegiver4747,{}
Sushantify,MysticalIndia_,{}
Sushantify,RRS_InnerVoice,{}
Sushantify,Anshraj52038101,{}
Sushantify,MamataP64733713,{}
Sushantify,SuchismitaHota,{}
Sushantify,Name47808941,{}
Sushantify,arayman22,{}
Sushantify,Raks2627,{}
Sushantify,jayyluharr,{}
Sushantify,Adityaluvish,{}
Sushantify,VineetK70435721,{}
Sushantify,ilovesanju,{}
Sushantify,Shimpoosuper,{}
Sushantify,swatidash,{}
Sushantify,AS32675605,{}
Sushantify,imrudrabha,{}
Sushantify,ShiviAwasthi10,{}
Sushantify,rajeeh,{}
Sushantify,NehaJai40606402,{}
Sushantify,UdayRaj76333915,{}
Sushantify,Hiral_6_12,{}
Sushantify,Ruchitadhimar1,{}
Sushantify,P_Sahoo27,{}
Sushantify,Harvi87604424,{}
Sushantify,Aditya24legend,{}
Sushantify,itssudha2,{}
Sushantify,capricornjan1,{}
Sushantify,ArvindSingh_JHC,{}
Sushantify,Thinkingaboutpe,{}
Sushantify,7ImSushantAgain,{}
Sushantify,Rohaanii22,{}
Sushantify,msshailjasharma,{}
Sushantify,PRASHAN08682037,{}
Sushantify,ChowkidarHinduu,{}
Sushantify,VishwambharWad,{}
Sushantify,SonOfBharat2020,{}
Sushantify,Bhavna080808,{}
Sushantify,srikkanth_a,{}
Sushantify,SubhamS50729434,{}
Sushantify,truth_wl_win,{}
Sushantify,Pink_istan,{}
Sushantify,Nishi59696719,{}
Sushantify,anshoo_c,{}
Sushantify,cv148,{}
Sushantify,TheoDia07928816,{}
Sushantify,Deveshk23329357,{}
Sushantify,DrSanjibani,{}
Sushantify,prahlad70716135,{}
Sushantify,Avinash30771869,{}
Sushantify,ManishK12780980,{}
Sushantify,Prashan61607181,{}
Sushantify,_justice_ssr_,{}
Sushantify,Kamalbnty,{}
Sushantify,Lambardar707,{}
Sushantify,TheRealKapoor,{}
Sushantify,Seri72456012,{}
Sushantify,ShyamRa72439066,{}
Sushantify,Saumya_Mishra2,{}
Sushantify,AmitAmttyy,{}
Sushantify,Swastika_Di,{}
Sushantify,AmritaD15,{}
Sushantify,DJFury48,{}
Sushantify,JMangalampall,{}
Sushantify,V5336Nand,{}
Sushantify,JyotirmoySaman3,{}
Sushantify,tripathijianil,{}
Sushantify,jayashri_rane,{}
Sushantify,MaztazD,{}
Sushantify,DemonGod21,{}
Sushantify,Ban_Evil_Book,{}
Sushantify,MrAnay99,{}
Sushantify,Indraji89166652,{}
Sushantify,sdcssunlite7685,{}
Sushantify,twi_vinni,{}
Sushantify,VIKASK88090113,{}
Sushantify,kalicharanjan,{}
Sushantify,devansh4665,{}
Sushantify,AMITBAURI_420,{}
Sushantify,Jamadag05646686,{}
Sushantify,Sanatani_Durga,{}
Sushantify,aliensparadox,{}
Sushantify,SsrHerefor,{}
Sushantify,swarnanayak,{}
Sushantify,SSRMUFOREVER86,{}
Sushantify,HailHinduism,{}
Sushantify,iJaydipSolanki,{}
Sushantify,San7155872322,{}
Sushantify,shikhapatiyal,{}
Sushantify,Farfalla131,{}
Sushantify,PriyankaJ2021,{}
Sushantify,love0000000004,{}
Sushantify,surinder_bassi,{}
Sushantify,NidhiAr56074906,{}
Sushantify,SmyCraze,{}
Sushantify,AnjaliBodhanka1,{}
Sushantify,imdeb_s,{}
Sushantify,monu_m85,{}
Sushantify,DebdulalSunita,{}
Sushantify,Parul_TM,{}
Sushantify,nona95903460,{}
Sushantify,A12323872072,{}
Sushantify,RASHSSRIAN,{}
Sushantify,Ansh27512749,{}
Sushantify,Vandanaoz,{}
Sushantify,madzS,{}
Sushantify,patel310,{}
Sushantify,SSRisMyworld2,{}
Sushantify,Mg96725166,{}
Sushantify,PRADEEP95372681,{}
Sushantify,TapasyaShiva,{}
Sushantify,Aaditya84657101,{}
Sushantify,Ninjaroulette1,{}
Sushantify,VISHYOU,{}
Sushantify,SanjayP82830944,{}
Sushantify,AdityaP44094595,{}
Sushantify,imKaranOBEROI,{}
Sushantify,dineshkum123,{}
Sushantify,SRajput84903464,{}
Sushantify,amitbaitha94,{}
Sushantify,Ravindr83739277,{}
Sushantify,RushabhRao13,{}
Sushantify,Shumi1107,{}
Sushantify,yamini1991110,{}
Sushantify,Rajeshs09315524,{}
Sushantify,Anuja70285,{}
Sushantify,Jayashr74299878,{}
Sushantify,pkjain4620011,{}
Sushantify,BabyPink1803,{}
Sushantify,WyoEV3ALqksUTuB,{}
Sushantify,AnkitD140195,{}
Sushantify,Atul__Kaulgud,{}
Sushantify,ok97095868,{}
Sushantify,Amitsalwan2,{}
Sushantify,MegaFon86018955,{}
Sushantify,RituPar61044376,{}
Sushantify,PS32887341,{}
Sushantify,napolo059,{}
Sushantify,TYAGI89220575,{}
Sushantify,i_akshith_,{}
Sushantify,Addictedtosush2,{}
Sushantify,midhunroy26281,{}
Sushantify,gitaprian,{}
Sushantify,cxrize_joy,{}
Sushantify,Omprakash2321,{}
Sushantify,AjaySakala,{}
Sushantify,anki_ank,{}
Sushantify,singhalbee,{}
Sushantify,sumedhaarya16,{}
Sushantify,AkhandP46683395,{}
Sushantify,08Akki21,{}
Sushantify,anuragjha17,{}
Sushantify,Ghanshy89197647,{}
Sushantify,Taani_1234,{}
Sushantify,Ahirhiren999,{}
Sushantify,Jain_payall,{}
Sushantify,Ravi_Bugade,{}
Sushantify,Mahadev_Gulshan,{}
Sushantify,RiTuJai45633728,{}
Sushantify,Bhavika75786989,{}
Sushantify,PriyaSingh169,{}
Sushantify,Sachin48626657,{}
Sushantify,UKR89415360,{}
Sushantify,Ankur_Justice,{}
Sushantify,tripathi2502,{}
Sushantify,SushantOnly,{}
Sushantify,bhagatsingh04,{}
Sushantify,TrueManbharat,{}
Sushantify,Arihunt26,{}
Sushantify,BVNarayana7,{}
Sushantify,Geetha55795096,{}
Sushantify,ichiragks,{}
Sushantify,PiyushK48651786,{}
Sushantify,MEENU82433774,{}
Sushantify,SupriyaSSR3007,{}
Sushantify,shrawan20104132,{}
Sushantify,__abhi09,{}
Sushantify,weathercover,{}
Sushantify,SanjuIsmart,{}
Sushantify,vikashk91446461,{}
Sushantify,unnati_ashley,{}
Sushantify,SonuYad75167322,{}
Sushantify,SinghAashu26,{}
Sushantify,Bradverso,{}
Sushantify,GM18130994,{}
Sushantify,Mumbai28071986,{}
Sushantify,DareDevilAnk,{}
Sushantify,ItsSHR21,{}
Sushantify,itsSSRvibes,{}
Sushantify,RitwijSasmal,{}
Sushantify,Sushant67444910,{}
Sushantify,jkpanda1234,{}
Sushantify,pari_575,{}
Sushantify,SeemaR001,{}
Sushantify,Ishu_1611,{}
Sushantify,SumitKu65881583,{}
Sushantify,BJPVikasMishra,{}
Sushantify,skumar74505819,{}
Sushantify,PERMANL07671043,{}
Sushantify,Vaibhav61886723,{}
Sushantify,Kaur0Kuljit,{}
Sushantify,SagarDu28828693,{}
Sushantify,kun_fayaa_kun,{}
Sushantify,Jaya55757051,{}
Sushantify,tinassrian,{}
Sushantify,Rash28101,{}
Sushantify,Sushritu,{}
Sushantify,Archana63532688,{}
Sushantify,StarsRGood,{}
Sushantify,anonHaak,{}
Sushantify,DevghareSahil,{}
Sushantify,Leema2706,{}
Sushantify,ShivaniSinha26,{}
Sushantify,GoyalPradeepCA,{}
Sushantify,kvi10981098,{}
saloni202020,MurliMenon6,{}
Intesar05661425,anonHaak,{}
EnterManny,RaniYogisha,{}
EnterManny,Sanatani_Durga,{}
LenoAndro,ApurvaU21,{}
LenoAndro,Adityachhapeka3,{}
LenoAndro,itsSSRvibes,{}
LenoAndro,Priya80167535,{}
indian_data,Sanjeevni07,{}
indian_data,iamfre3d0m,{}
indian_data,SsrHerefor,{}
Kinjalll3,DemonGod21,{}
SelfMusing_Sush,smitaparikh2,{}
SelfMusing_Sush,Indraji89166652,{}
SelfMusing_Sush,BorkarSalil,{}
SelfMusing_Sush,VIKASK88090113,{}
SelfMusing_Sush,hariomsingh1071,{}
SelfMusing_Sush,pranit63,{}
SelfMusing_Sush,SSRawat33971220,{}
SelfMusing_Sush,iJaydipSolanki,{}
SelfMusing_Sush,KarunaKesharwa2,{}
SelfMusing_Sush,tripathijianil,{}
SelfMusing_Sush,Aditya24legend,{}
SelfMusing_Sush,shikhapatiyal,{}
SelfMusing_Sush,vikashk91446461,{}
SelfMusing_Sush,WyoEV3ALqksUTuB,{}
SelfMusing_Sush,YashiSi85005545,{}
SelfMusing_Sush,YashDhanuka14,{}
SelfMusing_Sush,Ro_hit77,{}
SelfMusing_Sush,monu_m85,{}
Dolly18879655,prabhupp01,{}
anuinc2010,Ishu_1611,{}
MysticalIndia_,SsrHerefor,{}
MysticalIndia_,CoronaKuti,{}
MysticalIndia_,imMUZIKA,{}
MysticalIndia_,Siya73158173,{}
MysticalIndia_,BorkarSalil,{}
MysticalIndia_,kalicharanjan,{}
MysticalIndia_,KarunaKesharwa2,{}
MysticalIndia_,Karthik87895464,{}
MysticalIndia_,Aditya24legend,{}
MysticalIndia_,blazewada1,{}
MysticalIndia_,zarabiNH,{}
MysticalIndia_,monu_m85,{}
MysticalIndia_,Neelima17734373,{}
MysticalIndia_,Ansh27512749,{}
MysticalIndia_,Garima77257554,{}
MysticalIndia_,djha736,{}
MysticalIndia_,NYTraveler2,{}
MysticalIndia_,__abhi09,{}
MysticalIndia_,tinassrian,{}
MysticalIndia_,Bhavna080808,{}
MysticalIndia_,BananiD86287494,{}
MysticalIndia_,seemuy_93,{}
MysticalIndia_,sparky33111,{}
MysticalIndia_,nona95903460,{}
SushantLeague,PureLove4SSR,{}
SushantLeague,nona95903460,{}
SushantLeague,Hiroshi64788628,{}
SushantLeague,THEDARK75592989,{}
SushantLeague,SsrHerefor,{}
Rajeshs09315524,CoronaKuti,{}
Rajeshs09315524,AdnanMa15467407,{}
Rajeshs09315524,Sanjay_SSRIANS,{}
Rajeshs09315524,Mohinee14,{}
Rajeshs09315524,Mou_Sush,{}
Rajeshs09315524,nona95903460,{}
Rajeshs09315524,NeetuPratab,{}
Rajeshs09315524,Anshraj52038101,{}
Rajeshs09315524,RajArya86609793,{}
Rajeshs09315524,Shireen22337881,{}
Rajeshs09315524,Vandana05715030,{}
Rajeshs09315524,Shumi1107,{}
Rajeshs09315524,SsrSona,{}
Rajeshs09315524,Poushalimukher7,{}
Rajeshs09315524,ShuchitaMishra0,{}
Rajeshs09315524,Im_NitinJ30,{}
Rajeshs09315524,ssrians4ssr,{}
Rajeshs09315524,manishavak,{}
Rajeshs09315524,pournima4747,{}
Rajeshs09315524,itsshilpasamai,{}
Rajeshs09315524,Reality08387397,{}
Pramilajoshi20,RRS_InnerVoice,{}
Pramilajoshi20,SSRMUFOREVER86,{}
Pramilajoshi20,Anoop59643888,{}
Pramilajoshi20,itsSSRvibes,{}
nona95903460,Saroja_Magaji,{}
nona95903460,SSRMUFOREVER86,{}
nona95903460,diksha24431935,{}
nona95903460,Novely_kumar,{}
nona95903460,DemonGod21,{}
nona95903460,Mahadev_Gulshan,{}
nona95903460,im___SSRian,{}
nona95903460,RaySujata2020,{}
nona95903460,imdeb_s,{}
nona95903460,robot_sachin,{}
nona95903460,DareDevilAnk,{}
nona95903460,PratikJ93698881,{}
nona95903460,Ishu_1611,{}
nona95903460,iamshraddhapanj,{}
nona95903460,tinassrian,{}
nona95903460,Dishadivine,{}
nona95903460,VishwambharWad,{}
nona95903460,NipunNanda,{}
nona95903460,harishkm_6,{}
nona95903460,VivekVirtual,{}
nona95903460,Berry34240133,{}
nona95903460,SauravS91139716,{}
nona95903460,imKaranOBEROI,{}
nona95903460,SRajput84903464,{}
nona95903460,Disha_SSR_,{}
nona95903460,Pammi37293516,{}
nona95903460,itsshilpasamai,{}
nona95903460,Faru4S,{}
nona95903460,manishavak,{}
nona95903460,cv148,{}
nona95903460,Anshraj52038101,{}
nona95903460,anandi1232,{}
nona95903460,PSoscovid,{}
PureLove4SSR,BappaManab,{}
PureLove4SSR,nishac12300,{}
PureLove4SSR,San7155872322,{}
PureLove4SSR,RAVIPAN59267102,{}
PureLove4SSR,MedhavixSush,{}
PureLove4SSR,N_speaks_truth,{}
PureLove4SSR,its_Rishika_,{}
Sushant67444910,Ishu_1611,{}
Sushant67444910,Mahadev_Gulshan,{}
Sushant67444910,Sushritu,{}
Vandana05715030,imrudrabha,{}
Vandana05715030,I_Am_Roy18,{}
Vandana05715030,DemonGod21,{}
Vandana05715030,Sanatani_Durga,{}
Vandana05715030,RRS_InnerVoice,{}
Vandana05715030,aliensparadox,{}
Vandana05715030,SsrHerefor,{}
Vandana05715030,swarnanayak,{}
Vandana05715030,shrawan20104132,{}
Vandana05715030,robot_sachin,{}
Vandana05715030,DareDevilAnk,{}
Vandana05715030,Ishu_1611,{}
Vandana05715030,tinassrian,{}
Vandana05715030,Bhavna080808,{}
Vandana05715030,harishkm_6,{}
Vandana05715030,StarsRGood,{}
Vandana05715030,anonHaak,{}
Vandana05715030,DevghareSahil,{}
Vandana05715030,ShivaniSinha26,{}
Vandana05715030,GoyalPradeepCA,{}
Vandana05715030,kvi10981098,{}
Mg96725166,DemonGod21,{}
Mg96725166,shrawan20104132,{}
Mg96725166,harishkm_6,{}
ShinyDam,RRS_InnerVoice,{}
SsrHerefor,HeliPandya8,{}
SsrHerefor,truth_wl_win,{}
SsrHerefor,DuttaPd85,{}
SsrHerefor,simmy65406472,{}
SsrHerefor,ItzAshmi,{}
SsrHerefor,Tan_Trums,{}
SsrHerefor,I_For_India_,{}
SsrHerefor,manishavak,{}
SsrHerefor,Anuja70285,{}
SsrHerefor,monu_m85,{}
SsrHerefor,itssSSR___,{}
SsrHerefor,BhagyavatiPand1,{}
SsrHerefor,Dishadivine,{}
SsrHerefor,VishwambharWad,{}
SsrHerefor,Sushant15880907,{}
SsrHerefor,shivajiname,{}
SsrHerefor,SanjayP82830944,{}
SsrHerefor,BJPVikasMishra,{}
SsrHerefor,skumar74505819,{}
SsrHerefor,Bhavna080808,{}
SsrHerefor,Ajitpatel93,{}
SsrHerefor,Prisha1211,{}
SsrHerefor,JeevanSukhi,{}
SsrHerefor,Its_Nistha,{}
SsrHerefor,Jain55Shikha,{}
SsrHerefor,Abhu_Code_001,{}
SsrHerefor,GitaS2020,{}
SsrHerefor,SiddhitaUdeg,{}
SsrHerefor,anshoo_c,{}
SsrHerefor,Nishi59696719,{}
SsrHerefor,TheoDia07928816,{}
SsrHerefor,kalicharanjan,{}
SsrHerefor,KarunaKesharwa2,{}
SsrHerefor,PushpanandV,{}
SsrHerefor,Raj77859883,{}
SsrHerefor,cxrize_joy,{}
SsrHerefor,RCkmkb,{}
SsrHerefor,singhalbee,{}
SsrHerefor,terabaaapkabap,{}
SsrHerefor,BikkiSatish,{}
SsrHerefor,HarshaAshram,{}
SsrHerefor,Yagnik53320919,{}
SsrHerefor,Balwind65030527,{}
SsrHerefor,RAVIPAN59267102,{}
SsrHerefor,PragtiSharma13,{}
SsrHerefor,FaktTruth,{}
SsrHerefor,MadhuPr40471327,{}
SsrHerefor,gaurav200203,{}
SsrHerefor,ItsRaushanRaj,{}
HeliPandya8,RRS_InnerVoice,{}
HeliPandya8,DemonGod21,{}
HeliPandya8,Hiroshi64788628,{}
truth_wl_win,SSRMUFOREVER86,{}
truth_wl_win,CoronaKuti,{}
truth_wl_win,Atlanta4S,{}
truth_wl_win,itsshilpasamai,{}
truth_wl_win,SupriyaSSR3007,{}
truth_wl_win,ManishPangotra5,{}
truth_wl_win,__abhi09,{}
truth_wl_win,SeemaR001,{}
truth_wl_win,Angry_Bot14,{}
simmy65406472,MeenaDasNarayan,{}
simmy65406472,raj4_ssr,{}
simmy65406472,PratikJ93698881,{}
simmy65406472,ajayiit_r,{}
simmy65406472,iamshraddhapanj,{}
simmy65406472,anuvashisth2016,{}
simmy65406472,shreyapataskar2,{}
simmy65406472,GoyalPradeepCA,{}
ItzAshmi,CoronaKuti,{}
Tan_Trums,PurnimaSengup11,{}
manishavak,PhoenixPRIYA25,{}
manishavak,itsshilpasamai,{}
Anuja70285,I_Am_Roy18,{}
Anuja70285,SowmyaAnanthan,{}
Anuja70285,PhoenixPRIYA25,{}
Anuja70285,VishwambharWad,{}
monu_m85,Saroja_Magaji,{}
monu_m85,DareDevilAnk,{}
monu_m85,its_AkRaj,{}
monu_m85,raj4_ssr,{}
monu_m85,imrudrabha,{}
monu_m85,sumidas198,{}
monu_m85,I_Am_Roy18,{}
monu_m85,JusticeAndTrut9,{}
monu_m85,Iron4Dome,{}
monu_m85,itsshilpasamai,{}
monu_m85,MB196_,{}
monu_m85,Novely_kumar,{}
monu_m85,DemonGod21,{}
monu_m85,SowmyaAnanthan,{}
monu_m85,Angry_Bot14,{}
monu_m85,ModakEsha,{}
monu_m85,GemsOfBollywood,{}
monu_m85,Ishu_1611,{}
monu_m85,im___SSRian,{}
monu_m85,imdeb_s,{}
monu_m85,RICKI75268441,{}
monu_m85,desh_neel,{}
monu_m85,Adityachhapeka3,{}
monu_m85,harishkm_6,{}
monu_m85,VivekVirtual,{}
monu_m85,jayshriram9660,{}
itssSSR___,DareDevilAnk,{}
itssSSR___,sweety_ghosh14,{}
itssSSR___,Swarna07628831,{}
BhagyavatiPand1,Faru4S,{}
RightToVoicee,KachruRachna,{}
RightToVoicee,ApurvaU21,{}
KachruRachna,KiHoya2,{}
KachruRachna,ApurvaU21,{}
KachruRachna,Judhajit4Photon,{}
KiHoya2,itsshilpasamai,{}
KiHoya2,sulakshana9711,{}
KiHoya2,TrueColoursOnly,{}
KiHoya2,RIDDHI56987171,{}
ApurvaU21,RamaR26981855,{}
ApurvaU21,anjutrainer44,{}
ApurvaU21,riiiiiiisee,{}
ApurvaU21,itsSSR_Fr,{}
ApurvaU21,ArvindSingh_JHC,{}
ApurvaU21,akash_in_sky,{}
ApurvaU21,Shireen22337881,{}
ApurvaU21,its_ssr_shahil,{}
ApurvaU21,INileshgupta,{}
ApurvaU21,pravinshelke89,{}
ApurvaU21,Singaporelah1,{}
ApurvaU21,NYTraveler2,{}
ApurvaU21,Angry_Bot14,{}
anjutrainer44,itsshilpasamai,{}
riiiiiiisee,PurnimaSengup11,{}
Shireen22337881,shrawan20104132,{}
Shireen22337881,Ishu_1611,{}
Shireen22337881,Angry_Bot14,{}
Shireen22337881,harishkm_6,{}
its_ssr_shahil,Boss26232513,{}
its_ssr_shahil,iamshraddhapanj,{}
its_ssr_shahil,Angry_Bot14,{}
its_ssr_shahil,itss_antara,{}
nishac12300,Judhajit4Photon,{}
nishac12300,DareDevilAnk,{}
nishac12300,RRS_InnerVoice,{}
nishac12300,Hiroshi64788628,{}
San7155872322,its_AkRaj,{}
San7155872322,raj4_ssr,{}
San7155872322,Sandeep80847331,{}
RAVIPAN59267102,sulakshana9711,{}
RAVIPAN59267102,JusticeAndTrut9,{}
RAVIPAN59267102,itsshilpasamai,{}
RAVIPAN59267102,im___SSRian,{}
RAVIPAN59267102,Abhishek_kk_,{}
RAVIPAN59267102,PreetiK2021,{}
MedhavixSush,RRS_InnerVoice,{}
MedhavixSush,DareDevilAnk,{}
MedhavixSush,Hiroshi64788628,{}
Fightersushant1,DemonGod21,{}
itsshilpasamai,sp84070,{}
itsshilpasamai,SowmyaAnanthan,{}
itsshilpasamai,khushirupa,{}
itsshilpasamai,swtsaroha,{}
itsshilpasamai,Parimal39796368,{}
itsshilpasamai,Anshraj52038101,{}
itsshilpasamai,Berry34240133,{}
itsshilpasamai,IamChaitali321,{}
itsshilpasamai,AgrawallaVicky,{}
itsshilpasamai,photonina2slit,{}
itsshilpasamai,TheEnigmatic_1,{}
itsshilpasamai,hariomsingh1071,{}
itsshilpasamai,KarunaKesharwa2,{}
itsshilpasamai,iVRP22,{}
itsshilpasamai,SanjayP82830944,{}
itsshilpasamai,sss01456,{}
itsshilpasamai,GM18130994,{}
itsshilpasamai,RamakrishnaJa19,{}
itsshilpasamai,karkalle_vishwa,{}
itsshilpasamai,Vishwajeetrebel,{}
itsshilpasamai,amitsingh14395,{}
itsshilpasamai,anshoo_c,{}
itsshilpasamai,NYTraveler2,{}
itsshilpasamai,BhaveshManani4,{}
itsshilpasamai,BorkarSalil,{}
itsshilpasamai,AbdulAzizAbdWa1,{}
itsshilpasamai,kamal_4518,{}
itsshilpasamai,SSRawat33971220,{}
itsshilpasamai,Rahul_Crasy143,{}
itsshilpasamai,Reethu95599634,{}
itsshilpasamai,Karthik87895464,{}
itsshilpasamai,tripathijianil,{}
itsshilpasamai,VivekMi75336640,{}
itsshilpasamai,capricornjan1,{}
itsshilpasamai,shikhapatiyal,{}
itsshilpasamai,AtanuSymbi,{}
itsshilpasamai,anand766,{}
itsshilpasamai,DEEPAK281293,{}
itsshilpasamai,rovidAlon,{}
itsshilpasamai,SonuYad75167322,{}
itsshilpasamai,findingUinDsky,{}
itsshilpasamai,Ichinen17,{}
itsshilpasamai,amazing43068152,{}
itsshilpasamai,Sunny74240064,{}
itsshilpasamai,Sanhita4SSR,{}
itsshilpasamai,Sanra05,{}
itsshilpasamai,Gurpree25265513,{}
itsshilpasamai,MCrustna,{}
itsshilpasamai,TrueColoursOnly,{}
itsshilpasamai,avengersrise,{}
itsshilpasamai,PhoenixPRIYA25,{}
itsshilpasamai,itsshilpasamai,{}
itsshilpasamai,I_Am_Roy18,{}
itsshilpasamai,Faru4S,{}
itsshilpasamai,VishwambharWad,{}
SowmyaAnanthan,swatidash,{}
SowmyaAnanthan,allmaaya,{}
SowmyaAnanthan,Manisha63470447,{}
SowmyaAnanthan,diksha24431935,{}
SowmyaAnanthan,UKR89415360,{}
SowmyaAnanthan,dineshkum123,{}
SowmyaAnanthan,SanjayP82830944,{}
SowmyaAnanthan,logical01801129,{}
SowmyaAnanthan,SaiManjusha96,{}
SowmyaAnanthan,BlueMoo98340726,{}
SowmyaAnanthan,Fi84ri8,{}
SowmyaAnanthan,NarayanKachgun2,{}
SowmyaAnanthan,Lovelyevening1,{}
SowmyaAnanthan,Bal_0212,{}
SowmyaAnanthan,HeenkendaUdeni,{}
sulakshana9711,RushabhRao13,{}
sulakshana9711,kundu_koushani,{}
sulakshana9711,SsrRishitshreya,{}
RushabhRao13,sumidas198,{}
RushabhRao13,Anoop59643888,{}
RushabhRao13,PhoenixPRIYA25,{}
RushabhRao13,SeemaR001,{}
RushabhRao13,desh_neel,{}
RushabhRao13,nobuddy772100,{}
kundu_koushani,PhoenixPRIYA25,{}
NithishKandepi,Adityachhapeka3,{}
NithishKandepi,itsSSRvibes,{}
NithishKandepi,Priya80167535,{}
NithishKandepi,barkhatrehan16,{}
RIDDHI56987171,RaniYogisha,{}
prabhupp01,RaniYogisha,{}
prabhupp01,DareDevilAnk,{}
prabhupp01,VishwambharWad,{}
SumanCh25649817,amazing43068152,{}
Devansh50835761,SSRMUFOREVER86,{}
Saroja_Magaji,capricornjan1,{}
Saroja_Magaji,Remember8_13Jun,{}
Saroja_Magaji,NipunNanda,{}
Saroja_Magaji,surinder_bassi,{}
Saroja_Magaji,TYAGI89220575,{}
Saroja_Magaji,Geetha55795096,{}
Saroja_Magaji,ShyamKr8789,{}
Saroja_Magaji,UKR89415360,{}
Saroja_Magaji,dineshkum123,{}
Saroja_Magaji,BhawnaBatra20,{}
Saroja_Magaji,Ansh27512749,{}
Saroja_Magaji,Garima77257554,{}
capricornjan1,raj4_ssr,{}
capricornjan1,I_Am_Roy18,{}
capricornjan1,Manju39674242,{}
capricornjan1,ModakEsha,{}
capricornjan1,imdeb_s,{}
capricornjan1,Angry_Bot14,{}
Remember8_13Jun,Adityachhapeka3,{}
Remember8_13Jun,JusticeAndTrut9,{}
Remember8_13Jun,Angry_Bot14,{}
Remember8_13Jun,Ishu_1611,{}
Remember8_13Jun,im___SSRian,{}
Remember8_13Jun,shrawan20104132,{}
Remember8_13Jun,imdeb_s,{}
Remember8_13Jun,robot_sachin,{}
Remember8_13Jun,DareDevilAnk,{}
Remember8_13Jun,desh_neel,{}
Remember8_13Jun,AdarshT15780635,{}
Remember8_13Jun,MaliniChatter11,{}
Remember8_13Jun,shivapooje123,{}
NipunNanda,sumidas198,{}
NipunNanda,JusticeAndTrut9,{}
NipunNanda,Sanjeevni07,{}
NipunNanda,MamataP64733713,{}
NipunNanda,SSRMUFOREVER86,{}
NipunNanda,DebdulalSunita,{}
NipunNanda,diksha24431935,{}
NipunNanda,Ishu_1611,{}
NipunNanda,im___SSRian,{}
NipunNanda,RaySujata2020,{}
NipunNanda,imdeb_s,{}
NipunNanda,GoyalPradeepCA,{}
NipunNanda,robot_sachin,{}
NipunNanda,SeemaR001,{}
NipunNanda,desh_neel,{}
NipunNanda,iamshraddhapanj,{}
NipunNanda,nobuddy772100,{}
NipunNanda,InsanelyBuddha,{}
NipunNanda,Indian62672191,{}
NipunNanda,umakantsingh_IN,{}
NipunNanda,anandi1232,{}
NipunNanda,Angry_Bot14,{}
NipunNanda,VivekVirtual,{}
NipunNanda,Archana63532688,{}
NipunNanda,AbpIndia1,{}
NipunNanda,Hiroshi64788628,{}
NipunNanda,behonest4u,{}
NipunNanda,sushant_peace,{}
NipunNanda,shivapooje123,{}
NipunNanda,PSoscovid,{}
NipunNanda,weathercover,{}
NipunNanda,Nikitajamwal22,{}
NipunNanda,anonHaak,{}
NipunNanda,sparky33111,{}
NipunNanda,aliensparadox,{}
NipunNanda,anilaropalli,{}
NipunNanda,kkeshaw68,{}
NipunNanda,kvi10981098,{}
NipunNanda,ashwinikucchu,{}
NipunNanda,Hiroshi11610305,{}
NipunNanda,gauravlkr,{}
NipunNanda,DemonGod21,{}
NipunNanda,jackkate4ever,{}
NipunNanda,Adityachhapeka3,{}
NipunNanda,privin07,{}
surinder_bassi,jayshriram9660,{}
TYAGI89220575,DareDevilAnk,{}
Geetha55795096,raj4_ssr,{}
Geetha55795096,JusticeAndTrut9,{}
Geetha55795096,SSRMUFOREVER86,{}
Geetha55795096,diksha24431935,{}
Geetha55795096,DemonGod21,{}
Geetha55795096,Ishu_1611,{}
Geetha55795096,im___SSRian,{}
Geetha55795096,shrawan20104132,{}
Geetha55795096,__abhi09,{}
Geetha55795096,imdeb_s,{}
Geetha55795096,robot_sachin,{}
Geetha55795096,SeemaR001,{}
Geetha55795096,desh_neel,{}
Geetha55795096,iamshraddhapanj,{}
ShyamKr8789,JusticeAndTrut9,{}
ShyamKr8789,its_AkRaj,{}
ShyamKr8789,Novely_kumar,{}
ShyamKr8789,ModakEsha,{}
ShyamKr8789,GemsOfBollywood,{}
ShyamKr8789,DareDevilAnk,{}
ShyamKr8789,jayshriram9660,{}
UKR89415360,DemonGod21,{}
UKR89415360,Angry_Bot14,{}
UKR89415360,im___SSRian,{}
UKR89415360,imdeb_s,{}
UKR89415360,Ishu_1611,{}
UKR89415360,harishkm_6,{}
dineshkum123,JusticeAndTrut9,{}
dineshkum123,AjayAb28489674,{}
dineshkum123,MeenaDasNarayan,{}
dineshkum123,diksha24431935,{}
dineshkum123,Novely_kumar,{}
dineshkum123,DemonGod21,{}
dineshkum123,Angry_Bot14,{}
dineshkum123,raj4_ssr,{}
dineshkum123,ModakEsha,{}
dineshkum123,GemsOfBollywood,{}
dineshkum123,Ishu_1611,{}
dineshkum123,im___SSRian,{}
dineshkum123,imdeb_s,{}
dineshkum123,RICKI75268441,{}
dineshkum123,robot_sachin,{}
dineshkum123,desh_neel,{}
dineshkum123,Adityachhapeka3,{}
dineshkum123,harishkm_6,{}
dineshkum123,jayshriram9660,{}
BhawnaBatra20,Angry_Bot14,{}
BhawnaBatra20,im___SSRian,{}
BhawnaBatra20,harishkm_6,{}
Ansh27512749,JusticeAndTrut9,{}
Ansh27512749,AjayAb28489674,{}
Ansh27512749,DemonGod21,{}
Ansh27512749,MB196_,{}
Garima77257554,ModakEsha,{}
Garima77257554,imdeb_s,{}
Thatguyuknow__,Just_a_Indian_,{}
Thatguyuknow__,DhruvRathorr,{}
Thatguyuknow__,Utkarsh18121,{}
Thatguyuknow__,AkkiSonu_,{}
Thatguyuknow__,Shubh_mysticalT,{}
Thatguyuknow__,AshishS68762219,{}
Thatguyuknow__,Bhagchand_Ak,{}
Thatguyuknow__,KarunaKesharwa2,{}
Thatguyuknow__,ManishJ23645624,{}
Thatguyuknow__,RahulMi16658425,{}
Thatguyuknow__,RaghavAbhay,{}
Thatguyuknow__,007_Dpak,{}
Thatguyuknow__,Aditya24legend,{}
Thatguyuknow__,madboy03551520,{}
Thatguyuknow__,Ankitku32780690,{}
Thatguyuknow__,VivekBh92667556,{}
Thatguyuknow__,shahidslonewolf,{}
Thatguyuknow__,Akshays_Blinder,{}
Thatguyuknow__,Akki_Sradhasiss,{}
Just_a_Indian_,ManozKumarTalks,{}
Shubh_mysticalT,ManozKumarTalks,{}
KarunaKesharwa2,Adityachhapeka3,{}
KarunaKesharwa2,DareDevilAnk,{}
KarunaKesharwa2,raj4_ssr,{}
KarunaKesharwa2,I_Am_Roy18,{}
KarunaKesharwa2,CoronaKuti,{}
KarunaKesharwa2,Leema2706,{}
KarunaKesharwa2,JusticeAndTrut9,{}
KarunaKesharwa2,Sandeep80847331,{}
KarunaKesharwa2,Manju39674242,{}
KarunaKesharwa2,Iron4Dome,{}
KarunaKesharwa2,its_AkRaj,{}
KarunaKesharwa2,MB196_,{}
KarunaKesharwa2,MadhumitaroyC,{}
KarunaKesharwa2,Novely_kumar,{}
KarunaKesharwa2,Angry_Bot14,{}
KarunaKesharwa2,ModakEsha,{}
KarunaKesharwa2,GemsOfBollywood,{}
KarunaKesharwa2,DemonGod21,{}
KarunaKesharwa2,RICKI75268441,{}
KarunaKesharwa2,desh_neel,{}
KarunaKesharwa2,jayshriram9660,{}
Aditya24legend,Adityachhapeka3,{}
Aditya24legend,raj4_ssr,{}
Aditya24legend,Sandeep80847331,{}
Aditya24legend,MadhumitaroyC,{}
Adityachhapeka3,AjaySwamias420,{}
Adityachhapeka3,raza_supriya,{}
Adityachhapeka3,hariomsingh1071,{}
Adityachhapeka3,AnkurJain0,{}
Adityachhapeka3,Shubham50064360,{}
Adityachhapeka3,ArunRaj92373964,{}
Adityachhapeka3,shikhapatiyal,{}
Adityachhapeka3,Aaditya43078519,{}
Adityachhapeka3,ssandeep_9,{}
Adityachhapeka3,AnjaliBodhanka1,{}
Adityachhapeka3,Jaya55757051,{}
Adityachhapeka3,SanjayP82830944,{}
Adityachhapeka3,Kamaljitkaurka1,{}
Adityachhapeka3,vickypandey110,{}
Adityachhapeka3,RohitMe45180257,{}
Adityachhapeka3,Upendra78779551,{}
Adityachhapeka3,Mumbai28071986,{}
Adityachhapeka3,goswami_setu,{}
Adityachhapeka3,luckyvenkat5,{}
Adityachhapeka3,Fi84ri8,{}
Adityachhapeka3,Ramk0074,{}
Adityachhapeka3,JustanSSRian,{}
Adityachhapeka3,NarayanKachgun2,{}
Adityachhapeka3,VishwambharWad,{}
Adityachhapeka3,webdeveloper008,{}
AjaySwamias420,itsSSRvibes,{}
AjaySwamias420,Priya80167535,{}
hariomsingh1071,itsSSRvibes,{}
hariomsingh1071,barkhatrehan16,{}
hariomsingh1071,Sandeep80847331,{}
hariomsingh1071,Iron4Dome,{}
hariomsingh1071,MB196_,{}
hariomsingh1071,MadhumitaroyC,{}
hariomsingh1071,Novely_kumar,{}
hariomsingh1071,ModakEsha,{}
hariomsingh1071,DemonGod21,{}
Shubham50064360,barkhatrehan16,{}
ArunRaj92373964,imrudrabha,{}
ArunRaj92373964,I_Am_Roy18,{}
ArunRaj92373964,smitaparikh2,{}
shikhapatiyal,raj4_ssr,{}
shikhapatiyal,its_AkRaj,{}
shikhapatiyal,NYTraveler2,{}
shikhapatiyal,ModakEsha,{}
shikhapatiyal,GemsOfBollywood,{}
Namita67793491,Anoop59643888,{}
Namita67793491,Angry_Bot14,{}
sairam_murahari,imrudrabha,{}
sairam_murahari,AjayAb28489674,{}
sairam_murahari,Manju39674242,{}
sairam_murahari,its_AkRaj,{}
sairam_murahari,ModakEsha,{}
sairam_murahari,Ishu_1611,{}
sairam_murahari,Abhishek_kk_,{}
sairam_murahari,Archana63532688,{}
SSRian2111,its_AkRaj,{}
conscientious03,conscientious03,{}
ruchityagi2108,imMUZIKA,{}
ruchityagi2108,Sushritu,{}
Nkallur2,sumidas198,{}
BorkarSalil,itsSSRvibes,{}
BorkarSalil,Priya80167535,{}
BorkarSalil,DareDevilAnk,{}
BorkarSalil,sumidas198,{}
BorkarSalil,Leema2706,{}
BorkarSalil,raj4_ssr,{}
BorkarSalil,CoronaKuti,{}
BorkarSalil,Sandeep80847331,{}
BorkarSalil,Manju39674242,{}
BorkarSalil,its_AkRaj,{}
BorkarSalil,MB196_,{}
BorkarSalil,ModakEsha,{}
BorkarSalil,GemsOfBollywood,{}
BorkarSalil,RICKI75268441,{}
m_Chandrani_,I_Am_Roy18,{}
m_Chandrani_,CoronaKuti,{}
PreetiMehlawat2,robot_sachin,{}
imrudrabha,fefeghff,{}
imrudrabha,Pushkara4SSR,{}
imrudrabha,aperspective5,{}
imrudrabha,shrinivas_pande,{}
imrudrabha,Tanu4Sush,{}
imrudrabha,Roytapash,{}
imrudrabha,Ankur_Justice,{}
imrudrabha,Rajshre73441992,{}
imrudrabha,KVD60149055,{}
imrudrabha,SaricaYadav,{}
imrudrabha,MEENU82433774,{}
jackkate4ever,itsShweta_p,{}
jackkate4ever,Hiroshi64788628,{}
jackkate4ever,VishwambharWad,{}
jackkate4ever,privin07,{}
jackkate4ever,Umrkhalil227661,{}
itsSSRvibes,Ravina396,{}
itsSSRvibes,MeetuSi56857444,{}
itsSSRvibes,GenericMedic,{}
itsSSRvibes,anikeshPrasad,{}
itsSSRvibes,AdityaRJagtap1,{}
itsSSRvibes,SSRawat33971220,{}
itsSSRvibes,Bhavika75786989,{}
itsSSRvibes,anand766,{}
itsSSRvibes,JaneZakya,{}
itsSSRvibes,stym_kmr,{}
itsSSRvibes,MEENU82433774,{}
itsSSRvibes,Ishu_1611,{}
itsSSRvibes,__abhi09,{}
itsSSRvibes,SeemaR001,{}
itsSSRvibes,desh_neel,{}
itsSSRvibes,tinassrian,{}
itsSSRvibes,Bhavna080808,{}
itsSSRvibes,MissingSSR,{}
anikeshPrasad,Priya80167535,{}
anikeshPrasad,Iron4Dome,{}
AdityaRJagtap1,Priya80167535,{}
AdityaRJagtap1,barkhatrehan16,{}
SSRawat33971220,Sandeep80847331,{}
SSRawat33971220,Iron4Dome,{}
SSRawat33971220,MadhumitaroyC,{}
SSRawat33971220,MB196_,{}
SSRawat33971220,RICKI75268441,{}
Bhavika75786989,DareDevilAnk,{}
Bhavika75786989,I_Am_Roy18,{}
Bhavika75786989,Leema2706,{}
Bhavika75786989,DemonGod21,{}
anand766,MadhumitaroyC,{}
Priya80167535,TellingTruth18,{}
Priya80167535,Princes75353806,{}
Priya80167535,amitpatil16,{}
Priya80167535,Shinda911,{}
Priya80167535,Amar66771776,{}
Priya80167535,hindu1234567892,{}
Priya80167535,sstshrya,{}
Priya80167535,MUHAMMA13848380,{}
Priya80167535,SSRMUFOREVER86,{}
Priya80167535,himansu91221pal,{}
Priya80167535,PreetiK2021,{}
Priya80167535,raman_lalita,{}
Princes75353806,Iron4Dome,{}
Amar66771776,CoronaKuti,{}
Amar66771776,MB196_,{}
Amar66771776,MadhumitaroyC,{}
hindu1234567892,Angry_Bot14,{}
MUHAMMA13848380,GemsOfBollywood,{}
MUHAMMA13848380,ajayiit_r,{}
Arnavsingh12341,MeenaDasNarayan,{}
PragtiSharma13,Leema2706,{}
PragtiSharma13,MeenaDasNarayan,{}
PragtiSharma13,smitaparikh2,{}
PragtiSharma13,RaySujata2020,{}
PragtiSharma13,ItsSHR21,{}
PragtiSharma13,Farfalla131,{}
PragtiSharma13,pankajagr_2000,{}
PragtiSharma13,anandi1232,{}
PragtiSharma13,StarsRGood,{}
kalicharanjan,Sandeep80847331,{}
kalicharanjan,Sanatani_Durga,{}
kalicharanjan,MB196_,{}
kalicharanjan,MadhumitaroyC,{}
kalicharanjan,RICKI75268441,{}
iJaydipSolanki,barkhatrehan16,{}
iJaydipSolanki,I_Am_Roy18,{}
iJaydipSolanki,JusticeAndTrut9,{}
iJaydipSolanki,CoronaKuti,{}
iJaydipSolanki,Iron4Dome,{}
iJaydipSolanki,smitaparikh2,{}
iJaydipSolanki,its_AkRaj,{}
iJaydipSolanki,MB196_,{}
TrueColoursOnly,Judhajit4Photon,{}
TrueColoursOnly,PurnimaSengup11,{}
DareDevilAnk,vjaykondragunta,{}
DareDevilAnk,mard_maha,{}
DareDevilAnk,SSSRRRR121,{}
DareDevilAnk,AdarshT15780635,{}
DareDevilAnk,ssandeep_9,{}
DareDevilAnk,iamsahilchandra,{}
DareDevilAnk,WyoEV3ALqksUTuB,{}
DareDevilAnk,Jaya55757051,{}
DareDevilAnk,Shreyao9o7,{}
DareDevilAnk,GirlForJustice,{}
DareDevilAnk,imsagarbhalla,{}
DareDevilAnk,Shivangj42,{}
DareDevilAnk,DhaniaSatpathy,{}
DareDevilAnk,pragnya_patnaik,{}
DareDevilAnk,Tista1819001,{}
DareDevilAnk,dana_sarbovan,{}
DareDevilAnk,Manisha63470447,{}
DareDevilAnk,Name_is_Pavan_,{}
DareDevilAnk,RRS_InnerVoice,{}
DareDevilAnk,Piyali_Bh1,{}
DareDevilAnk,RaviPan79730591,{}
DareDevilAnk,SameerDnyandevW,{}
DareDevilAnk,Anshraj52038101,{}
DareDevilAnk,indodrive,{}
DareDevilAnk,Kiran_Gujju1,{}
DareDevilAnk,HindustanVikas,{}
DareDevilAnk,rahuls1032,{}
DareDevilAnk,flateEarth87,{}
DareDevilAnk,SandyK62863323,{}
DareDevilAnk,PriyaSi47091986,{}
DareDevilAnk,Ansh_0809,{}
DareDevilAnk,itskaruna28aug,{}
DareDevilAnk,Angry_Bot14,{}
DareDevilAnk,aditi_verma865,{}
SSSRRRR121,Boss26232513,{}
SSSRRRR121,RahulMi46867098,{}
SSSRRRR121,ThePriyankaIND,{}
SSSRRRR121,ShashidharSS2,{}
SSSRRRR121,ManishPangotra5,{}
WyoEV3ALqksUTuB,Novely_kumar,{}
WyoEV3ALqksUTuB,Angry_Bot14,{}
Shreyao9o7,RRS_InnerVoice,{}
Shivangj42,sumidas198,{}
Shivangj42,Anoop59643888,{}
Shivangj42,Ishu_1611,{}
Shivangj42,robot_sachin,{}
Shivangj42,SeemaR001,{}
Shivangj42,nobuddy772100,{}
Judhajit4Photon,ships9999,{}
Judhajit4Photon,Venki_24,{}
AdnanMa15467407,PurnimaSengup11,{}
privin07,Hiroshi64788628,{}
privin07,himansu91221pal,{}
privin07,raman_lalita,{}
privin07,Hiroshi11610305,{}
privin07,DemonGod21,{}
privin07,VishwambharWad,{}
privin07,SSRMUFOREVER86,{}
iampcforpeace,MeenaDasNarayan,{}
Nomad2210,CoronaKuti,{}
Nomad2210,Anoop59643888,{}
Nomad2210,aliensparadox,{}
Nomad2210,swarnanayak,{}
Nomad2210,MamataP64733713,{}
Nomad2210,SSRMUFOREVER86,{}
FabulousRaviRaj,diksha24431935,{}
FabulousRaviRaj,Ishu_1611,{}
FabulousRaviRaj,Mahadev_Gulshan,{}
FabulousRaviRaj,itss_antara,{}
hopegiver4747,Bhavna080808,{}
RRS_InnerVoice,its_AkRaj,{}
RRS_InnerVoice,SSRMUFOREVER86,{}
RRS_InnerVoice,Parimal39796368,{}
RRS_InnerVoice,Healing_Angel33,{}
RRS_InnerVoice,AshuSin44884953,{}
RRS_InnerVoice,himansu91221pal,{}
RRS_InnerVoice,Hemavatir4,{}
RRS_InnerVoice,ruchi88462910,{}
RRS_InnerVoice,VishwambharWad,{}
RRS_InnerVoice,Snigdhapriya7,{}
RRS_InnerVoice,Leema2706,{}
RRS_InnerVoice,im___SSRian,{}
RRS_InnerVoice,SandyDutta11,{}
RRS_InnerVoice,SSS_Ashu,{}
RRS_InnerVoice,cv148,{}
RRS_InnerVoice,Supriya84252143,{}
RRS_InnerVoice,debajot8909000,{}
RRS_InnerVoice,SaricaYadav,{}
RRS_InnerVoice,MEENU82433774,{}
RRS_InnerVoice,ARPITIMSR,{}
RRS_InnerVoice,TeamAbhay4SSR,{}
RRS_InnerVoice,Kuldeep_Patel12,{}
RRS_InnerVoice,Justice78602373,{}
RRS_InnerVoice,Anshraj52038101,{}
RRS_InnerVoice,diksha24431935,{}
RRS_InnerVoice,robot_sachin,{}
RRS_InnerVoice,Marilyn33762108,{}
RRS_InnerVoice,Phoenix4Self,{}
RRS_InnerVoice,RRS_InnerVoice,{}
RRS_InnerVoice,itsG4SSR,{}
RRS_InnerVoice,AhujaRanjeeta,{}
RRS_InnerVoice,SreenivasPai5,{}
RRS_InnerVoice,jorajetley,{}
RRS_InnerVoice,SardaSsrian,{}
RRS_InnerVoice,neethu_sony,{}
RRS_InnerVoice,Nyay4SSR,{}
Anshraj52038101,CoronaKuti,{}
Anshraj52038101,diksha24431935,{}
Anshraj52038101,im___SSRian,{}
Anshraj52038101,robot_sachin,{}
Anshraj52038101,iamshraddhapanj,{}
Anshraj52038101,Anshraj52038101,{}
Anshraj52038101,Hiroshi64788628,{}
MamataP64733713,SaricaYadav,{}
MamataP64733713,VishwambharWad,{}
MamataP64733713,ImVrizes,{}
MamataP64733713,mamtash56999213,{}
MamataP64733713,its_Rajputblood,{}
MamataP64733713,Rajshre73441992,{}
MamataP64733713,reallpriyaa,{}
MamataP64733713,MEENU82433774,{}
MamataP64733713,MamataP64733713,{}
MamataP64733713,SSRMUFOREVER86,{}
MamataP64733713,TheEnigmatic_1,{}
MamataP64733713,ChandraNandi3,{}
MamataP64733713,im___SSRian,{}
MamataP64733713,MaliniChatter11,{}
barkhatrehan16,DepakYa40827760,{}
barkhatrehan16,fb0904e981384bb,{}
barkhatrehan16,vvs_pavan,{}
barkhatrehan16,sbhat_earth2,{}
barkhatrehan16,ravi_kumar25,{}
barkhatrehan16,robinmk12,{}
barkhatrehan16,HinduFeelAlive,{}
barkhatrehan16,Prabha06192875,{}
barkhatrehan16,myoo007,{}
barkhatrehan16,AnilProud,{}
barkhatrehan16,Avinash03810101,{}
barkhatrehan16,AnayaBajwa8,{}
ManozKumarTalks,RahulAkkian3,{}
ManozKumarTalks,KGOYAL507,{}
ManozKumarTalks,AjaySilori,{}
ManozKumarTalks,artistshrey163,{}
ManozKumarTalks,BabitaKumarii,{}
ManozKumarTalks,kay_ki_kiara,{}
ManozKumarTalks,ItsMeGG4,{}
ManozKumarTalks,Akdevoteesk_,{}
ManozKumarTalks,dipankarjoshi2,{}
ManozKumarTalks,OGKhiladi,{}
ManozKumarTalks,AshokSKadam4,{}
ManozKumarTalks,sahildude01,{}
ManozKumarTalks,i_akks,{}
ManozKumarTalks,01KumarSonu,{}
ManozKumarTalks,BabluAkkian_,{}
ManozKumarTalks,Akash19Love,{}
ManozKumarTalks,Abhishekv766,{}
MINDKRRAFT,BotJammu,{}
MeenaDasNarayan,PujaDoshi8,{}
MeenaDasNarayan,amitgilotra,{}
MeenaDasNarayan,SMenon04,{}
MeenaDasNarayan,Navpreet16feb,{}
MeenaDasNarayan,Nikita_ox,{}
MeenaDasNarayan,Meghani,{}
MeenaDasNarayan,172263bff5c8473,{}
MeenaDasNarayan,VishwambharWad,{}
MeenaDasNarayan,Kiran5_sai,{}
MeenaDasNarayan,SachinKhadgawat,{}
MeenaDasNarayan,Keshav7729,{}
MeenaDasNarayan,Jonsnow_2021,{}
MeenaDasNarayan,MiAheSuchi,{}
MeenaDasNarayan,imMUZIKA,{}
MeenaDasNarayan,priya_priyal,{}
MeenaDasNarayan,Mannie80384071,{}
MeenaDasNarayan,TejVen,{}
MeenaDasNarayan,chetan_bainsla,{}
MeenaDasNarayan,Lalitha80108198,{}
MeenaDasNarayan,IWarrior007,{}
MeenaDasNarayan,mithai03,{}
MeenaDasNarayan,Saha97401862,{}
MeenaDasNarayan,Shivay123123,{}
MeenaDasNarayan,SRajput84903464,{}
MeenaDasNarayan,rimpy_chetia,{}
MeenaDasNarayan,Raks2627,{}
MeenaDasNarayan,always73476171,{}
MeenaDasNarayan,KafirBoy01,{}
MeenaDasNarayan,PrinceG_PGee,{}
MeenaDasNarayan,VAISHAL44170546,{}
MeenaDasNarayan,digitalinspires,{}
SMenon04,imMUZIKA,{}
SMenon04,GoyalPradeepCA,{}
SMenon04,logical01801129,{}
SMenon04,digitalinspires,{}
SMenon04,MurliMenon6,{}
SMenon04,i_B3li3ve,{}
SMenon04,kkeshaw68,{}
Nikita_ox,SSRMUFOREVER86,{}
Nikita_ox,ManishPangotra5,{}
Nikita_ox,kkeshaw68,{}
VishwambharWad,I_Am_Roy18,{}
VishwambharWad,DemonGod21,{}
VishwambharWad,anonHaak,{}
VishwambharWad,Shimpoosuper,{}
VishwambharWad,Sanatani_Durga,{}
VishwambharWad,smitaparikh2,{}
VishwambharWad,aliensparadox,{}
VishwambharWad,Sanjeevni07,{}
VishwambharWad,swarnanayak,{}
VishwambharWad,SSRMUFOREVER86,{}
VishwambharWad,BaadshahDarvesh,{}
VishwambharWad,Starmining1,{}
VishwambharWad,_IAmThat__,{}
VishwambharWad,Mahadev_Gulshan,{}
VishwambharWad,weathercover,{}
VishwambharWad,GoyalPradeepCA,{}
VishwambharWad,robot_sachin,{}
VishwambharWad,bvkreddy14,{}
VishwambharWad,iamshraddhapanj,{}
VishwambharWad,InsanelyBuddha,{}
VishwambharWad,tinassrian,{}
VishwambharWad,itsG4SSR,{}
VishwambharWad,AhujaRanjeeta,{}
VishwambharWad,VivekVirtual,{}
VishwambharWad,Sushritu,{}
VishwambharWad,seemuy_93,{}
VishwambharWad,sparky33111,{}
VishwambharWad,Hiroshi64788628,{}
VishwambharWad,behonest4u,{}
VishwambharWad,sushant_peace,{}
VishwambharWad,shivapooje123,{}
VishwambharWad,anandi1232,{}
VishwambharWad,PSoscovid,{}
VishwambharWad,Nikitajamwal22,{}
VishwambharWad,anilaropalli,{}
VishwambharWad,raman_lalita,{}
VishwambharWad,kkeshaw68,{}
VishwambharWad,kvi10981098,{}
VishwambharWad,ashwinikucchu,{}
VishwambharWad,Leema2706,{}
VishwambharWad,Hiroshi11610305,{}
VishwambharWad,gauravlkr,{}
VishwambharWad,Aditya_Yadav_5,{}
VishwambharWad,djdavideisen,{}
VishwambharWad,Faru4S,{}
VishwambharWad,vanitaritesh,{}
VishwambharWad,Swarna07628831,{}
VishwambharWad,amazing43068152,{}
VishwambharWad,MissingSSR,{}
VishwambharWad,KetanJoshi1,{}
MiAheSuchi,imMUZIKA,{}
Adityaluvish,sumidas198,{}
swatidash,smitaparikh2,{}
swatidash,swatidash,{}
its_AkRaj,Shef_IMRepublic,{}
its_AkRaj,Supriya84252143,{}
its_AkRaj,Gurleen03526614,{}
its_AkRaj,MsRDutta,{}
its_AkRaj,L_Begum1,{}
its_AkRaj,Jayashr74299878,{}
its_AkRaj,Cyia4SSR,{}
its_AkRaj,HaaniJamal,{}
its_AkRaj,SiddhitaUdeg,{}
its_AkRaj,Vishwan86646827,{}
its_AkRaj,sujhp1,{}
its_AkRaj,rajadri4u,{}
its_AkRaj,NavyaMukhi2,{}
its_AkRaj,Daisy_Dwar,{}
its_AkRaj,VIKASK88090113,{}
its_AkRaj,UDITMANI3,{}
its_AkRaj,SAURABH98201062,{}
its_AkRaj,imKaranOBEROI,{}
its_AkRaj,ragnar_lath,{}
its_AkRaj,DEEPAK281293,{}
its_AkRaj,YashDhanuka14,{}
its_AkRaj,rofl_GAANDi,{}
its_AkRaj,SonuYad75167322,{}
Supriya84252143,CoronaKuti,{}
Supriya84252143,NYTraveler2,{}
MsRDutta,DebdulalSunita,{}
SiddhitaUdeg,SSRMUFOREVER86,{}
SiddhitaUdeg,NYTraveler2,{}
SiddhitaUdeg,Angry_Bot14,{}
Vishwan86646827,SSRMUFOREVER86,{}
Vishwan86646827,imMUZIKA,{}
Vishwan86646827,itsSSR_2186,{}
raj4_ssr,Anonymo76620225,{}
raj4_ssr,JawaharLol,{}
raj4_ssr,abhishe60450897,{}
raj4_ssr,Sachin48626657,{}
raj4_ssr,SSRisMyworld2,{}
raj4_ssr,DVBharati,{}
raj4_ssr,Saha97401862,{}
raj4_ssr,atulsinha02,{}
raj4_ssr,AYUSHSH46513794,{}
raj4_ssr,SanjayP82830944,{}
raj4_ssr,Adisanatani1,{}
raj4_ssr,midhunroy26281,{}
raj4_ssr,gitaprian,{}
raj4_ssr,Bhavna080808,{}
raj4_ssr,Omprakash2321,{}
raj4_ssr,Bullet_Club_A,{}
raj4_ssr,RCkmkb,{}
raj4_ssr,singhalbee,{}
raj4_ssr,Atul__Kaulgud,{}
raj4_ssr,terabaaapkabap,{}
raj4_ssr,BikkiSatish,{}
raj4_ssr,VitikaVerma1,{}
raj4_ssr,Tweetsoni1,{}
raj4_ssr,realketsan,{}
raj4_ssr,Goapl631747211,{}
raj4_ssr,ShlokSinghi,{}
raj4_ssr,avi_cool_dude,{}
raj4_ssr,RParsipanny,{}
raj4_ssr,AjaySakala,{}
raj4_ssr,AyushSi75593973,{}
raj4_ssr,Rakesh_Kotian,{}
raj4_ssr,HrishikeshSB2,{}
Anonymo76620225,Novely_kumar,{}
abhishe60450897,jayshriram9660,{}
Sachin48626657,Angry_Bot14,{}
Sachin48626657,imdeb_s,{}
SSRisMyworld2,Angry_Bot14,{}
SSRisMyworld2,robot_sachin,{}
SSRisMyworld2,harishkm_6,{}
Saha97401862,Angry_Bot14,{}
atulsinha02,Ishu_1611,{}
Tweetsoni1,NYTraveler2,{}
Indraji89166652,GemsOfBollywood,{}
Travel_Explore_,AjayAb28489674,{}
Bigbossdddkkk,imdeb_s,{}
aperspective5,DemonGod21,{}
aperspective5,im___SSRian,{}
Tanu4Sush,SeemaR001,{}
Ankur_Justice,Angry_Bot14,{}
Ankur_Justice,ItsSHR21,{}
Ankur_Justice,harishkm_6,{}
KVD60149055,MEENU82433774,{}
KVD60149055,RaySujata2020,{}
KVD60149055,Bhavna080808,{}
KVD60149055,pankajagr_2000,{}
SaricaYadav,DemonGod21,{}
SaricaYadav,aliensparadox,{}
MEENU82433774,I_Am_Roy18,{}
MEENU82433774,Anoop59643888,{}
MEENU82433774,DemonGod21,{}
MEENU82433774,Sanatani_Durga,{}
MEENU82433774,SSRMUFOREVER86,{}
MEENU82433774,Mahadev_Gulshan,{}
MEENU82433774,always73476171,{}
MEENU82433774,madzS,{}
MEENU82433774,StingBee12,{}
MEENU82433774,boycott_halaal,{}
MEENU82433774,MEENU82433774,{}
MEENU82433774,SeemaR001,{}
MEENU82433774,daragakhal,{}
MEENU82433774,diksha24431935,{}
MEENU82433774,TheEnigmatic_1,{}
MEENU82433774,imdeb_s,{}
MEENU82433774,desh_neel,{}
MEENU82433774,Rash28101,{}
MEENU82433774,Sushritu,{}
MEENU82433774,Archana63532688,{}
MEENU82433774,anonHaak,{}
MEENU82433774,DevghareSahil,{}
PurnimaSengup11,Candid_Nature,{}
PurnimaSengup11,Parimal39796368,{}
PurnimaSengup11,BimalKumarBeh16,{}
PurnimaSengup11,abhbasskar,{}
PurnimaSengup11,Sanra05,{}
Sanra05,BananiD86287494,{}
Sanra05,DishaANTARCTIC,{}
sumidas198,sandydshinde,{}
sumidas198,sdcssunlite7685,{}
sumidas198,Sarfraz23052278,{}
sumidas198,TapasyaShiva,{}
sumidas198,Aaditya84657101,{}
sumidas198,im___SSRian,{}
sumidas198,SanjayP82830944,{}
sumidas198,BlueMoo98340726,{}
Aaditya84657101,Anoop59643888,{}
Aaditya84657101,PhoenixPRIYA25,{}
im___SSRian,Anoop59643888,{}
im___SSRian,Ishu_1611,{}
im___SSRian,ARPITIMSR,{}
im___SSRian,RD54799715,{}
im___SSRian,AnjaliBodhanka1,{}
im___SSRian,Satveer72113655,{}
im___SSRian,SRajput84903464,{}
im___SSRian,SeemaR001,{}
im___SSRian,nobuddy772100,{}
im___SSRian,itsG4SSR,{}
SanjayP82830944,Anoop59643888,{}
SanjayP82830944,CoronaKuti,{}
SanjayP82830944,MB196_,{}
SanjayP82830944,SupriyaSSR3007,{}
SanjayP82830944,__abhi09,{}
SanjayP82830944,RICKI75268441,{}
SanjayP82830944,SeemaR001,{}
SanjayP82830944,nobuddy772100,{}
VIKASK88090113,CoronaKuti,{}
VIKASK88090113,Sandeep80847331,{}
VIKASK88090113,Iron4Dome,{}
VIKASK88090113,MB196_,{}
VIKASK88090113,MadhumitaroyC,{}
VIKASK88090113,Novely_kumar,{}
VIKASK88090113,GemsOfBollywood,{}
VIKASK88090113,RICKI75268441,{}
ImVrizes,Sandeep80847331,{}
Rohaanii22,SSRMUFOREVER86,{}
Rohaanii22,Sushritu,{}
PRASHAN08682037,smitaparikh2,{}
ChowkidarHinduu,MadhumitaroyC,{}
bhatia_anand,DemonGod21,{}
I_Am_Roy18,Rupal_V09,{}
I_Am_Roy18,ChitraSundaram7,{}
I_Am_Roy18,Manisha63470447,{}
I_Am_Roy18,TheEnigmatic_1,{}
Rupal_V09,CoronaKuti,{}
Manisha63470447,DemonGod21,{}
Manisha63470447,Soumyajit2029,{}
Manisha63470447,Angry_Bot14,{}
Manisha63470447,Ishu_1611,{}
Manisha63470447,robot_sachin,{}
Manisha63470447,ItsSHR21,{}
Manisha63470447,BananiD86287494,{}
Manisha63470447,harishkm_6,{}
Manisha63470447,Sushritu,{}
Manisha63470447,seemuy_93,{}
Manisha63470447,Archana63532688,{}
Manisha63470447,Leema2706,{}
TheEnigmatic_1,Leema2706,{}
TheEnigmatic_1,Sanatani_Durga,{}
TheEnigmatic_1,aliensparadox,{}
TheEnigmatic_1,swarnanayak,{}
TheEnigmatic_1,75Freespirited,{}
TheEnigmatic_1,re123kha,{}
TheEnigmatic_1,08Akki21,{}
TheEnigmatic_1,SSRMUFOREVER86,{}
TheEnigmatic_1,DebdulalSunita,{}
TheEnigmatic_1,diksha24431935,{}
TheEnigmatic_1,SupriyaSSR3007,{}
TheEnigmatic_1,shrawan20104132,{}
TheEnigmatic_1,weathercover,{}
TheEnigmatic_1,Ishu_1611,{}
TheEnigmatic_1,iamshraddhapanj,{}
TheEnigmatic_1,tinassrian,{}
TheEnigmatic_1,Bhavna080808,{}
TheEnigmatic_1,ShivaniSinha26,{}
TheEnigmatic_1,GoyalPradeepCA,{}
TheEnigmatic_1,kvi10981098,{}
SonOfBharat2020,Atlanta4S,{}
Bhavna080808,Anoop59643888,{}
Bhavna080808,MB196_,{}
Bhavna080808,nobuddy772100,{}
Bhavna080808,Satveer72113655,{}
Bhavna080808,IMS26780583,{}
Bhavna080808,Shelly47145525,{}
Bhavna080808,RITESH72419829,{}
Bhavna080808,EurydiceSsr,{}
Bhavna080808,immortalsush_,{}
Bhavna080808,RitwijSasmal,{}
Bhavna080808,BVNarayana7,{}
Bhavna080808,Shumi1107,{}
Bhavna080808,jkpanda1234,{}
Bhavna080808,NayaniThennako1,{}
Bhavna080808,Angry_Bot14,{}
Nishi59696719,NYTraveler2,{}
anshoo_c,SSRMUFOREVER86,{}
anshoo_c,CoronaKuti,{}
cv148,CoronaKuti,{}
cv148,Soumyajit2029,{}
cv148,AhujaRanjeeta,{}
TheoDia07928816,CoronaKuti,{}
TheoDia07928816,Angry_Bot14,{}
Deveshk23329357,SSRMUFOREVER86,{}
Deveshk23329357,CoronaKuti,{}
ManishK12780980,SSRMUFOREVER86,{}
Prashan61607181,SSRMUFOREVER86,{}
Prashan61607181,Angry_Bot14,{}
Prashan61607181,Gitanjali_DS,{}
SmitaBuch2,imMUZIKA,{}
SSRMUFOREVER86,RajVard93146010,{}
SSRMUFOREVER86,KhushiSinghCho4,{}
SSRMUFOREVER86,PatrioticHindu3,{}
SSRMUFOREVER86,SujataJamwal,{}
SSRMUFOREVER86,kun_fayaa_kun,{}
SSRMUFOREVER86,Meenu95485594,{}
SSRMUFOREVER86,Sushxuniversee1,{}
SSRMUFOREVER86,14Reemi,{}
SSRMUFOREVER86,SanjitForAll,{}
SSRMUFOREVER86,mamtash56999213,{}
SSRMUFOREVER86,Justice78602373,{}
SSRMUFOREVER86,SSRMUFOREVER86,{}
SSRMUFOREVER86,reallpriyaa,{}
SSRMUFOREVER86,immortalsush_,{}
SSRMUFOREVER86,bhavika58621907,{}
SSRMUFOREVER86,MamataNath,{}
SSRMUFOREVER86,RakheeDubey4,{}
SSRMUFOREVER86,ChandraNandi3,{}
SSRMUFOREVER86,75Freespirited,{}
SSRMUFOREVER86,08Akki21,{}
SSRMUFOREVER86,chandump,{}
SSRMUFOREVER86,ItsSHR21,{}
SSRMUFOREVER86,StarsRGood,{}
SSRMUFOREVER86,BVNarayana7,{}
SSRMUFOREVER86,Shilpi55555,{}
SSRMUFOREVER86,believerig83,{}
SSRMUFOREVER86,its_your_komal,{}
SSRMUFOREVER86,aliensparadox,{}
14Reemi,Rash28101,{}
SanjitForAll,himansu91221pal,{}
Saumya_Mishra2,Novely_kumar,{}
CoronaKuti,DasJhimli,{}
CoronaKuti,Bond26742142,{}
CoronaKuti,SsrJyotsna,{}
CoronaKuti,Sahiba83761935,{}
CoronaKuti,Anushka743,{}
CoronaKuti,ruchi88462910,{}
CoronaKuti,IM_Ishika_,{}
CoronaKuti,angel51618787,{}
CoronaKuti,NanniSSush2526,{}
CoronaKuti,GM18130994,{}
CoronaKuti,Jain55Shikha,{}
CoronaKuti,Ketan41671158,{}
CoronaKuti,akshaysurwase20,{}
CoronaKuti,MegaFon86018955,{}
CoronaKuti,RituPar61044376,{}
ruchi88462910,DemonGod21,{}
IM_Ishika_,Leema2706,{}
V5336Nand,smitaparikh2,{}
tripathijianil,Manju39674242,{}
tripathijianil,MadhumitaroyC,{}
tripathijianil,Novely_kumar,{}
tripathijianil,MB196_,{}
jayashri_rane,smitaparikh2,{}
jayashri_rane,GemsOfBollywood,{}
jayashri_rane,jayshriram9660,{}
MaztazD,Novely_kumar,{}
Healing_Angel33,Leema2706,{}
Healing_Angel33,photonina2slit,{}
Healing_Angel33,itsShweta_p,{}
Healing_Angel33,IWarrior007,{}
AshuSin44884953,itsG4SSR,{}
himansu91221pal,BVNarayana7,{}
himansu91221pal,immortalsush_,{}
Hemavatir4,ShivaniSinha26,{}
Snigdhapriya7,amazing43068152,{}
Leema2706,SmyCraze,{}
Leema2706,seemuy_93,{}
Leema2706,ParadoxSsrian,{}
Leema2706,SeemaR001,{}
Leema2706,PillayMegha,{}
Leema2706,Smileyface2211,{}
Leema2706,whozdcreator,{}
Leema2706,Ssrdishajustice,{}
Leema2706,BackupSsr,{}
Leema2706,Ishu_1611,{}
Leema2706,sjhf777,{}
SSS_Ashu,DemonGod21,{}
SSS_Ashu,seemuy_93,{}
JaneZakya,Novely_kumar,{}
stym_kmr,Iron4Dome,{}
SmyCraze,diksha24431935,{}
SmyCraze,Sushritu,{}
seemuy_93,Sanatani_Durga,{}
seemuy_93,diksha24431935,{}
seemuy_93,SneMH1,{}
SeemaR001,Anoop59643888,{}
SeemaR001,RitwijSasmal,{}
SeemaR001,santosh_jsr,{}
SeemaR001,logical01801129,{}
SeemaR001,Nirmay1111,{}
SeemaR001,yamini1991110,{}
SeemaR001,desh_neel,{}
SeemaR001,Lakhwin90458679,{}
SeemaR001,Shumi1107,{}
SeemaR001,daragakhal,{}
SeemaR001,sram610,{}
SeemaR001,Pinky08448937,{}
SeemaR001,ravipatel72224,{}
Ssrdishajustice,PhoenixPRIYA25,{}
BackupSsr,DemonGod21,{}
SreenivasPai5,raman_lalita,{}
SreenivasPai5,BabyPink1803,{}
SreenivasPai5,Priyank46594614,{}
raman_lalita,PratikJ93698881,{}
raman_lalita,BVNarayana7,{}
JusticeAndTrut9,ARPITIMSR,{}
JusticeAndTrut9,Jignesh46660455,{}
JusticeAndTrut9,IMS26780583,{}
JusticeAndTrut9,Satveer72113655,{}
JusticeAndTrut9,PushpanandV,{}
ARPITIMSR,DemonGod21,{}
Jignesh46660455,robot_sachin,{}
IMS26780583,imdeb_s,{}
PushpanandV,Novely_kumar,{}
imMUZIKA,VAISHAL44170546,{}
imMUZIKA,CRMOHAPATRA38,{}
imMUZIKA,sjhf777,{}
imMUZIKA,Komal80959937,{}
imMUZIKA,BGP08,{}
imMUZIKA,snehprabhu,{}
imMUZIKA,vanitaritesh,{}
imMUZIKA,andykashy,{}
imMUZIKA,ncan2020,{}
sjhf777,imdeb_s,{}
sjhf777,ItsSHR21,{}
snehprabhu,Ishu_1611,{}
kvi10981098,Sanatani_Durga,{}
kvi10981098,RiteshM98888343,{}
kvi10981098,ak47_anish,{}
HarshaAshram,MB196_,{}
HarshaAshram,RICKI75268441,{}
HarshaAshram,nobuddy772100,{}
army4SSR,harishkm_6,{}
AjayAb28489674,AMITBAURI_420,{}
AjayAb28489674,15Prudhvi,{}
AjayAb28489674,amritpalmehra13,{}
AjayAb28489674,top_nuke,{}
AjayAb28489674,MayurSanatani,{}
AjayAb28489674,VikramC14441259,{}
AjayAb28489674,creative_lly,{}
AjayAb28489674,SadhanalaPhani,{}
AjayAb28489674,LokeshT27643510,{}
AjayAb28489674,badsha341,{}
AjayAb28489674,Guru___kiccha,{}
AjayAb28489674,MahakSrivasta18,{}
Anoop59643888,AnitaSi41058740,{}
Anoop59643888,rachel_tomnrach,{}
Anoop59643888,Rahul22578409,{}
Anoop59643888,VibhaSi73920219,{}
Anoop59643888,meghna2118,{}
Anoop59643888,Ravinde72486909,{}
Anoop59643888,RaySujata2020,{}
Anoop59643888,manav210186,{}
Anoop59643888,imdeb_s,{}
Anoop59643888,__abhi09,{}
Anoop59643888,desh_neel,{}
rachel_tomnrach,Ishu_1611,{}
rachel_tomnrach,nobuddy772100,{}
RaySujata2020,Rai_jijeevisha,{}
RaySujata2020,Dishadivine,{}
RaySujata2020,Godisgr82126671,{}
RaySujata2020,IndianGeronimo,{}
RaySujata2020,NidhiAr56074906,{}
RaySujata2020,anubaldhe12,{}
RaySujata2020,dream100more,{}
RaySujata2020,Sanatani333,{}
RaySujata2020,NayaniThennako1,{}
RaySujata2020,Dave_7_7,{}
RaySujata2020,SRajput84903464,{}
imdeb_s,JoanRod90339712,{}
imdeb_s,zarabiNH,{}
imdeb_s,Kranti_here,{}
imdeb_s,PhoenixPRIYA25,{}
DemonGod21,sush_ki_vishki,{}
DemonGod21,Surbhi58711329,{}
DemonGod21,Shraddha_4SSR,{}
DemonGod21,sbmegha1,{}
DemonGod21,AshishSantosh1,{}
DemonGod21,anonymousakura,{}
DemonGod21,MadhuMalti4,{}
DemonGod21,PRADEEP95372681,{}
DemonGod21,Susma484,{}
DemonGod21,Nyay4SSR,{}
DemonGod21,hereforjusticeM,{}
DemonGod21,sanyal_rima,{}
DemonGod21,ships9999,{}
DemonGod21,SRajput84903464,{}
DemonGod21,MiranAmber,{}
DemonGod21,hettvyas,{}
DemonGod21,Hiroshi64788628,{}
AshishSantosh1,ItsSHR21,{}
imKaranOBEROI,MadhumitaroyC,{}
imKaranOBEROI,jayshriram9660,{}
Omprakash2321,MB196_,{}
Omprakash2321,RICKI75268441,{}
RCkmkb,MB196_,{}
Atul__Kaulgud,MB196_,{}
Atul__Kaulgud,RICKI75268441,{}
GM18130994,MB196_,{}
GM18130994,RICKI75268441,{}
MegaFon86018955,RahulMi46867098,{}
Amour84900103,Iron4Dome,{}
Sandeep80847331,swtsaroha,{}
Sandeep80847331,MrAnay99,{}
Sandeep80847331,vikashk91446461,{}
MrAnay99,Manju39674242,{}
vikashk91446461,MadhumitaroyC,{}
Manju39674242,010167dn,{}
Manju39674242,UdtaTeerGndMeLe,{}
Manju39674242,snlxds,{}
Manju39674242,Royy76101956,{}
Manju39674242,TheDivyaShukla,{}
Manju39674242,OnlyTruth23,{}
Manju39674242,AYUSHVISHWANAT1,{}
Manju39674242,AbdulAzizAbdWa1,{}
Manju39674242,Blackdo81966857,{}
Berry34240133,Soumyajit2029,{}
IamChaitali321,PhoenixPRIYA25,{}
ShaileeMaliwal,GAJJUBH06253216,{}
ShaileeMaliwal,SanaatanDharm1,{}
ShaileeMaliwal,The_Pinakee,{}
ShaileeMaliwal,H2oYuvi,{}
ShaileeMaliwal,Nisharg_J3C,{}
ShaileeMaliwal,pinkipapu,{}
ShaileeMaliwal,contra9598,{}
ShaileeMaliwal,omkalbhirav,{}
ShaileeMaliwal,SriramKannan77,{}
ShaileeMaliwal,manish4665,{}
ShaileeMaliwal,SashaKumar14,{}
ShaileeMaliwal,HARPALSINH4343,{}
ShaileeMaliwal,Indigen_Apsara,{}
Atlanta4S,Justice78602373,{}
Atlanta4S,robot_sachin,{}
Justice78602373,AhujaRanjeeta,{}
robot_sachin,KTwi,{}
robot_sachin,dream100more,{}
RaniYogisha,Akanksha4SSR,{}
anonHaak,BurathokiDeepa,{}
anonHaak,JhalmuriM,{}
anonHaak,Godisgr82126671,{}
anonHaak,SRajput84903464,{}
anonHaak,AdityaS15732940,{}
anonHaak,anonHaak,{}
BurathokiDeepa,Sushritu,{}
Iron4Dome,Cricket_Sexpert,{}
Iron4Dome,BhaveshManani4,{}
Iron4Dome,AlokKatyayan619,{}
Iron4Dome,Mrityun885285,{}
Iron4Dome,sandeepakriti,{}
Iron4Dome,AKr6393,{}
Iron4Dome,shruti5683,{}
Iron4Dome,Arghya95014037,{}
Karthik87895464,jayshriram9660,{}
blazewada1,MB196_,{}
blazewada1,GemsOfBollywood,{}
blazewada1,jayshriram9660,{}
Neelima17734373,Novely_kumar,{}
DhaniaSatpathy,Boss26232513,{}
Tista1819001,Jai_Jagannath_,{}
RaviPan79730591,Abhishek_kk_,{}
Sanatani_Durga,Mahakaal08,{}
Sanatani_Durga,HindustanVikas,{}
Sanatani_Durga,always73476171,{}
Sanatani_Durga,AnandPrachi_,{}
Sanatani_Durga,ChandelDhiresh,{}
Sanatani_Durga,Mahadev_Gulshan,{}
Sanatani_Durga,CuteSuzy97,{}
Sanatani_Durga,RD54799715,{}
Mahakaal08,meera029,{}
HindustanVikas,PratikJ93698881,{}
HindustanVikas,Ishu_1611,{}
always73476171,swarnanayak,{}
always73476171,Ishu_1611,{}
always73476171,harishkm_6,{}
Mahadev_Gulshan,RajArya86609793,{}
Mahadev_Gulshan,immortalsush_,{}
Mahadev_Gulshan,Bhumika93226564,{}
Mahadev_Gulshan,RakheeDubey4,{}
Mahadev_Gulshan,RD54799715,{}
Mahadev_Gulshan,divyanand217,{}
Mahadev_Gulshan,RD64670982,{}
Mahadev_Gulshan,BVNarayana7,{}
Mahadev_Gulshan,SRajput84903464,{}
PhoenixPRIYA25,Tanutoor85,{}
PhoenixPRIYA25,its_NixN,{}
PhoenixPRIYA25,HashiTammy,{}
PhoenixPRIYA25,PhoenixPRIYA25,{}
PhoenixPRIYA25,umBIn3ocwyr8QKP,{}
PhoenixPRIYA25,SonaraoSR,{}
PhoenixPRIYA25,tinassrian,{}
PhoenixPRIYA25,jkpanda1234,{}
Anku_hihu,Ishu_1611,{}
Disha_SSR_,weathercover,{}
Pammi37293516,Abhishek_kk_,{}
Pammi37293516,Faru4S,{}
bainsindian,RenuGTwi,{}
bainsindian,HindRshtrBharat,{}
bainsindian,nsbchd,{}
bainsindian,patliputraite,{}
bainsindian,dhthakur745,{}
bainsindian,RamPhookan,{}
SRajput84903464,iamfre3d0m,{}
SRajput84903464,Ishu_1611,{}
SRajput84903464,harishkm_6,{}
SRajput84903464,Hiroshi64788628,{}
smitaparikh2,Warrior4SSR7,{}
smitaparikh2,Vanita09492757,{}
smitaparikh2,PoojaAg80828588,{}
smitaparikh2,JoanRod90339712,{}
smitaparikh2,rajbalayadav13,{}
smitaparikh2,barkhajain1,{}
smitaparikh2,helloJishnu,{}
smitaparikh2,Sindhoori88,{}
Warrior4SSR7,BananiD86287494,{}
Dishadivine,GemsOfBollywood,{}
Dishadivine,Farfalla131,{}
Dishadivine,pankajagr_2000,{}
Dishadivine,Ishu_1611,{}
Dishadivine,anandi1232,{}
Priyank74685077,itss_antara,{}
AdityaBijan,desh_neel,{}
mickeyssrian,Hiroshi64788628,{}
frontpagedotpk,JunaidA96027356,{}
Kan__Fatima,Muhamma80856110,{}
Kan__Fatima,Kan__Fatima,{}
Kan__Fatima,haq_optimist,{}
Kan__Fatima,AzamMal92430275,{}
Kan__Fatima,saudbukhari85,{}
Kan__Fatima,CaptRashid,{}
Kan__Fatima,serena00007,{}
Kan__Fatima,SirHassamRamay,{}
Kan__Fatima,A_w_KHAN7,{}
Kan__Fatima,YasirJ888,{}
Kan__Fatima,Bilalogy,{}
Kan__Fatima,Ameen783,{}
Kan__Fatima,maverickgoose25,{}
Kan__Fatima,Sunny15557355,{}
Kan__Fatima,ideowarrior,{}
Kan__Fatima,Nasir98991336,{}
Kan__Fatima,AngryRedd,{}
Kan__Fatima,AfAysh,{}
sweety_ghosh14,UrmilaA15,{}
SonuYad75167322,MB196_,{}
aliensparadox,mahto_nihal,{}
mahto_nihal,weathercover,{}
iamfre3d0m,DebdulalSunita,{}
DebdulalSunita,tanvitare,{}
DebdulalSunita,ab50026084,{}
DebdulalSunita,meera029,{}
DebdulalSunita,MurliMenon6,{}
Sushant15880907,weathercover,{}
Sushant15880907,Sushant15880907,{}
immortalsush_,Abhishek_kk_,{}
immortalsush_,PreetiK2021,{}
Soumyajit2029,Jen4SSR,{}
Soumyajit2029,__Sushuri__,{}
Soumyajit2029,Bansari1921,{}
Soumyajit2029,PreetiK2021,{}
Soumyajit2029,psush4747,{}
Soumyajit2029,Justice132465,{}
Soumyajit2029,MistiSSRF,{}
Soumyajit2029,JnnurmSaket,{}
Soumyajit2029,Hiroshi64788628,{}
Soumyajit2029,Marilyn33762108,{}
Soumyajit2029,ManishPangotra5,{}
Soumyajit2029,umalakshmiram,{}
__Sushuri__,Rash28101,{}
PreetiK2021,Hiroshi64788628,{}
PreetiK2021,BVNarayana7,{}
PreetiK2021,Ishita37078768,{}
psush4747,Abhishek_kk_,{}
psush4747,notesonwisdom,{}
Justice132465,digitalinspires,{}
JnnurmSaket,Hiroshi64788628,{}
JnnurmSaket,Hiroshi11610305,{}
Hiroshi64788628,justice_sushant,{}
Hiroshi64788628,SushNitaa,{}
Hiroshi64788628,Sushantlove14,{}
Hiroshi64788628,Hiroshi11610305,{}
Hiroshi64788628,Umrkhalil227661,{}
ravipatel72224,DevghareSahil,{}
MB196_,Ravi_Bugade,{}
MB196_,HrishikeshSB2,{}
MB196_,anuphalkatti,{}
MB196_,rajukrnishad,{}
MB196_,rahulkindore,{}
MB196_,Bradverso,{}
MB196_,Mumbai28071986,{}
MadhumitaroyC,SanjuIsmart,{}
MadhumitaroyC,Reethu95599634,{}
MadhumitaroyC,0033kajal,{}
Its_Nistha,NYTraveler2,{}
Farfalla131,Rai_jijeevisha,{}
Farfalla131,IndiZN_,{}
NidhiAr56074906,pankajagr_2000,{}
AnjaliBodhanka1,Angry_Bot14,{}
08Akki21,ChandraNandi3,{}
ChandraNandi3,HARSHAL180000,{}
KetanJoshi1,Love4nature2,{}
KetanJoshi1,ranik54,{}
KetanJoshi1,SandyK62863323,{}
Boss26232513,biswas_shyamli,{}
Boss26232513,DhaniDusmanta,{}
Boss26232513,KalpanaKohli29,{}
Boss26232513,Kranti_here,{}
Boss26232513,Adnankh19605013,{}
Boss26232513,Monica83729040,{}
Boss26232513,Alakhnanda5,{}
Boss26232513,miss_traveler18,{}
Boss26232513,RashmirekhaRat9,{}
Boss26232513,SagarDu28828693,{}
Boss26232513,Richa12099894,{}
Boss26232513,Karthik91677338,{}
Boss26232513,CarelessPal,{}
Boss26232513,sorry29789226,{}
Boss26232513,SSR_DISHA_JIAH3,{}
Boss26232513,DhananjayaSat10,{}
tanvitare,harishkm_6,{}
tanvitare,ShivaniSinha26,{}
meera029,KAMALJE66204180,{}
RahulMi46867098,mehtaa05,{}
RahulMi46867098,VivekVirtual,{}
RahulMi46867098,AbhimishraHp,{}
RahulMi46867098,bhandarik,{}
RahulMi46867098,Shyam61539304,{}
RahulMi46867098,swamydada1006,{}
RahulMi46867098,sarinmall85,{}
RahulMi46867098,MohitMk10223266,{}
RahulMi46867098,Riderkaranshah,{}
RahulMi46867098,Sanjay34066876,{}
RahulMi46867098,vinodkumarnai9,{}
RahulMi46867098,Akanksh30607768,{}
RahulMi46867098,ChinniSurya2,{}
VivekVirtual,DharmHindustan1,{}
VivekVirtual,SahooRaki,{}
VivekVirtual,yogeshmbm,{}
VivekVirtual,Sushant48155353,{}
VivekVirtual,VivekVirtual,{}
VivekVirtual,AmitSroy48773,{}
ThePriyankaIND,ak6RAMROM,{}
ThePriyankaIND,gauravmishra999,{}
ThePriyankaIND,amarnat47594184,{}
ThePriyankaIND,youtubegpboys,{}
diksha24431935,logical01801129,{}
diksha24431935,Abhishe28913791,{}
diksha24431935,Pinky08448937,{}
diksha24431935,Sushantlove14,{}
diksha24431935,____SUSHANT____,{}
diksha24431935,Shefali2303,{}
diksha24431935,kaptan_spunky,{}
diksha24431935,its_your_komal,{}
logical01801129,Angry_Bot14,{}
logical01801129,harishkm_6,{}
its_your_komal,itss_antara,{}
AdityaP44094595,ModakEsha,{}
Novely_kumar,AkhandP46683395,{}
Lovelyevening1,RICKI75268441,{}
Angry_Bot14,Sagar80523719,{}
Angry_Bot14,Sunilrojasara5,{}
Angry_Bot14,SaiLove07301686,{}
Angry_Bot14,stranger1430,{}
Angry_Bot14,itsmanashiSSR,{}
Angry_Bot14,smithsi68598505,{}
Angry_Bot14,VijayaChakram,{}
Angry_Bot14,Bipasha03327268,{}
Angry_Bot14,itsSeema_N,{}
Angry_Bot14,Diya83463221,{}
stranger1430,i_B3li3ve,{}
stranger1430,kkeshaw68,{}
itsmanashiSSR,itss_antara,{}
amitbaitha94,Ishu_1611,{}
Shumi1107,shrawan20104132,{}
Shumi1107,desh_neel,{}
Shumi1107,Ishu_1611,{}
yamini1991110,__abhi09,{}
NYTraveler2,maxyadneo,{}
NYTraveler2,VermaJiii4,{}
NYTraveler2,DeeptiCharolkar,{}
NYTraveler2,smttrvd72,{}
NYTraveler2,Anita12066711,{}
NYTraveler2,AnkitSh64705684,{}
NYTraveler2,sakshisinghh74,{}
NYTraveler2,Purvi40400922,{}
ModakEsha,Saurabh82165631,{}
ModakEsha,Vid414,{}
ModakEsha,SumanSaroha2,{}
ModakEsha,Ahirhiren999,{}
ModakEsha,iamkomal130,{}
Saurabh82165631,RICKI75268441,{}
Saurabh82165631,jayshriram9660,{}
GemsOfBollywood,DeshiJhota,{}
GemsOfBollywood,usa_g,{}
GemsOfBollywood,Adityajha85,{}
GemsOfBollywood,dablife247,{}
boycott_halaal,Sushritu,{}
SupriyaSSR3007,RitwijSasmal,{}
RitwijSasmal,tinassrian,{}
Ishu_1611,ritikamagotra,{}
Ishu_1611,desh_neel,{}
Ishu_1611,Poojasmanu,{}
Aditya977027222,harishkm_6,{}
Lakhwin90458679,shrawan20104132,{}
Sanatani333,pankajagr_2000,{}
Dave_7_7,versubh2020,{}
Dave_7_7,pankajagr_2000,{}
ManishPangotra5,ManishPangotra5,{}
ManishPangotra5,Ishu06973637,{}
ManishPangotra5,lokeshbali,{}
ManishPangotra5,dr_pb_thinks,{}
ManishPangotra5,anilaropalli,{}
Ishu06973637,spriyaofficial,{}
Ishu06973637,ajayiit_r,{}
Ishu06973637,bhatgau,{}
Ashwini797975,jayshriram9660,{}
shrawan20104132,Pinky77424095,{}
shrawan20104132,desh_neel,{}
shrawan20104132,AbhishekPandila,{}
desh_neel,VachhetaBhavesh,{}
desh_neel,kuldeep12327367,{}
desh_neel,ShobhaDeshmane,{}
desh_neel,DeepaShiv2,{}
__abhi09,jkpanda1234,{}
__abhi09,khushi910123,{}
weathercover,JaanNisar_1,{}
GoyalPradeepCA,Umrkhalil227661,{}
Umrkhalil227661,InsanelyBuddha,{}
Umrkhalil227661,BananiD86287494,{}
Umrkhalil227661,anilaropalli,{}
RICKI75268441,RajatSi49139121,{}
RICKI75268441,Ramk0074,{}
RICKI75268441,DrNidhimotwani,{}
PriyaSi47091986,InsanelyBuddha,{}
chandump,bhawnab12092209,{}
ItsSHR21,TinaNairss,{}
PratikJ93698881,AnjanKarChamp,{}
PratikJ93698881,Iamprabha2,{}
PratikJ93698881,KSiddhun,{}
tinassrian,AnjaniShidham,{}
digitalinspires,RD64670982,{}
digitalinspires,Spa77591388,{}
ArundhatiNagar,Raulmon19542935,{}
ArundhatiNagar,sinhapurna13,{}
ArundhatiNagar,shaajay82,{}
ArundhatiNagar,RajivRanjanRa16,{}
ArundhatiNagar,RakeshS16832632,{}
ArundhatiNagar,IndiaUnleashed_,{}
iamshraddhapanj,lv_vishwas,{}
anuvashisth2016,CMokalkar,{}
nobuddy772100,NeetuSi83340573,{}
nobuddy772100,Roopesh47458353,{}
nobuddy772100,Harshad94311493,{}
nobuddy772100,NEELAMBERDEWANG,{}
nobuddy772100,KpSingh60262414,{}
nobuddy772100,im__tanweer,{}
nobuddy772100,SharadKumarJa,{}
InsanelyBuddha,RishikaShetty7,{}
distroyall,Sagar92P,{}
distroyall,mrvikaspandey,{}
distroyall,pathaksunils,{}
divyanand217,sparky33111,{}
BananiD86287494,vshs7_37,{}
BananiD86287494,Shivani0821,{}
Jackiee_thakkar,YajnikMukundray,{}
Jackiee_thakkar,shiva16dreamer,{}
pankajagr_2000,ShobhaShenoy5,{}
Rash28101,fanofarnabsir,{}
Rash28101,TheSecretLion1,{}
Rash28101,ashru_ssr21,{}
Rash28101,Trupti65301039,{}
Rash28101,james19665592,{}
FaktTruth,sparky33111,{}
harishkm_6,Divya95472288,{}
harishkm_6,iamsrkbhkt,{}
DharmHindustan1,Gitanjali_DS,{}
DharmHindustan1,vaibhav_singh45,{}
SahooRaki,Gitanjali_DS,{}
SahooRaki,vaibhav_singh45,{}
urstrulyvamshi7,imInvincible123,{}
jayshriram9660,Phani37519191,{}
jayshriram9660,Examcracker4,{}
jayshriram9660,FanVissu,{}
jayshriram9660,shivampanit,{}
jayshriram9660,arjunprataprao,{}
manasnayak712,sanjeevchadha8,{}
manasnayak712,SelfmadeTraderr,{}
sparky33111,sparky33111,{}
sparky33111,MurliMenon6,{}
AbpIndia1,Jay49115959,{}
AbpIndia1,RaviBurada,{}
Jai_Jagannath_,GohilRa94333543,{}
Jai_Jagannath_,raj_454545,{}
dhairyakumar,dhairyakumar,{}
THEDARK75592989,SnehalKhajure1,{}
SnehalKhajure1,MaliniChatter11,{}
MaliniChatter11,IndiraR36456739,{}
shivapooje123,raghusomnath,{}
shivapooje123,vinayp2000,{}
Nikitajamwal22,chawla_deven,{}
Nikitajamwal22,PSNair19,{}
rohinigilada2,roasting_baba,{}
Himani_Bhaarat,2_unstoppable,{}
DevghareSahil,Harpree72889970,{}
GurudattaShinde,GurudattaShinde,{}
anilaropalli,BarthwalAcharya,{}
TriglavApo,piedpiperlko,{}
Aditya_Yadav_5,PushpaR89357893,{}
ShivaniSinha26,imvikverma,{}
Gitanjali_DS,VipulPa15910506,{}
Gitanjali_DS,anirudh_rawal,{}
Gitanjali_DS,GhoshlyaLal,{}
Gitanjali_DS,Arjun1_bs,{}
Gitanjali_DS,kkgiree,{}
MurliMenon6,MeetuSoni3,{}
MurliMenon6,akanksh93273571,{}
MurliMenon6,nitzugarg,{}
itss_antara,officialK007,{}
