itzluckybitch,ddlvotw,{}
PFLAG,Whatthemamasaw,{}
PFLAG,TashaHeadrick,{}
PFLAG,S4Equality,{}
PFLAG,Astraea_Styx,{}
PFLAG,holybullies,{}
PFLAG,KristiJDMasfuck,{}
Whatthemamasaw,GLSEN,{}
holybullies,jfinn6511,{}
jfinn6511,tlily1024,{}
jfinn6511,jfinn6511,{}
jfinn6511,Judith72325714,{}
jfinn6511,WMCED,{}
jfinn6511,sinfullyfestyle,{}
jfinn6511,feistyoldlady,{}
jfinn6511,StitchWitch14,{}
jfinn6511,cheetah1961,{}
jfinn6511,JayHart909,{}
jfinn6511,PartyCd,{}
jfinn6511,RiskAlert,{}
jfinn6511,jmrbux2,{}
jfinn6511,JeanBland,{}
jfinn6511,sar_oso,{}
jfinn6511,dancindoti,{}
jfinn6511,Foxmental_X,{}
jfinn6511,tahiti93,{}
jfinn6511,SideeyeSlant,{}
jfinn6511,smartandfit1910,{}
jfinn6511,DjJetCityWoman,{}
jfinn6511,peter_gillet,{}
jfinn6511,MadameEarlGrey,{}
jfinn6511,Gloucestergal2,{}
jfinn6511,MSilvercloud,{}
jfinn6511,shakeycrackers,{}
jfinn6511,bengin1003,{}
jfinn6511,bedini_i,{}
jfinn6511,LawnDivine582,{}
jfinn6511,CrawfishGay2Fay,{}
jfinn6511,male_taurean,{}
jfinn6511,CantoXIII,{}
jfinn6511,JimmyLeeMobley,{}
jfinn6511,SixPersistsBlue,{}
jfinn6511,GedyeGedi,{}
jfinn6511,EmperorBlargus,{}
jfinn6511,ecorse1,{}
jfinn6511,JacobRAdkins,{}
jfinn6511,marcody8,{}
jfinn6511,LiberalTeriLee,{}
jfinn6511,Knowledge2Seek,{}
jfinn6511,SylviaB26189116,{}
jfinn6511,FUBAR87861295,{}
jfinn6511,46mingo,{}
jfinn6511,waketfuamerica,{}
jfinn6511,gfounder1,{}
jfinn6511,AliceGrimaude,{}
jfinn6511,trishmc1958,{}
jfinn6511,Truactive,{}
jfinn6511,cardon_brian,{}
jfinn6511,Luluinportland,{}
jfinn6511,baabaaer,{}
jfinn6511,FabulousThomasJ,{}
jfinn6511,SallySJW4you,{}
jfinn6511,mickey_dempsey,{}
jfinn6511,SeanFlan45,{}
jfinn6511,ape_confused,{}
jfinn6511,CateM5550,{}
jfinn6511,Americanforsure,{}
jfinn6511,The_Rae_Girl,{}
jfinn6511,skye_lime,{}
jfinn6511,raphniamagna,{}
jfinn6511,SixArmedSweater,{}
jfinn6511,NakTheCowAD,{}
jfinn6511,AWereChicken,{}
jfinn6511,lacewilliams,{}
jfinn6511,AugustusMHill,{}
jfinn6511,ShaunMa2011,{}
jfinn6511,XstaticXaba,{}
jfinn6511,WildernessPaulD,{}
jfinn6511,GrownRoom,{}
jfinn6511,Feffs,{}
jfinn6511,RealGaryShep,{}
jfinn6511,chastityallen74,{}
jfinn6511,KKDsMiMi,{}
jfinn6511,Maddog4Biden,{}
jfinn6511,BethFullerton2,{}
jfinn6511,cwolmak,{}
jfinn6511,Skepmi,{}
jfinn6511,hanksgeoff,{}
jfinn6511,June4th,{}
jfinn6511,GerardoMalagn3,{}
jfinn6511,FrenteQueretano,{}
jfinn6511,emhager4,{}
jfinn6511,RonaldoLGBTIPTY,{}
jfinn6511,DennisKoch10,{}
jfinn6511,AnneOnly47,{}
jfinn6511,kinnehan,{}
jfinn6511,gwamma47,{}
jfinn6511,small1ldy1,{}
jfinn6511,MontrivilleG,{}
jfinn6511,Srk1951mn,{}
jfinn6511,nort_lights,{}
jfinn6511,ZEphotographic,{}
jfinn6511,sanhunsberger,{}
jfinn6511,AprilGreen93,{}
jfinn6511,helnfitz,{}
jfinn6511,WetKissesBitch,{}
jfinn6511,GeniusLR,{}
jfinn6511,Avonan,{}
jfinn6511,BrzenskaI,{}
jfinn6511,leemitchellr,{}
jfinn6511,BrendaHazelhur1,{}
jfinn6511,kathymahar,{}
jfinn6511,gotpartyfavorz,{}
Foxmental_X,shyredmd,{}
Foxmental_X,therealdanielwi,{}
Foxmental_X,ScottVarney501,{}
ChrisJepson,Juvelad,{}
ChrisJepson,Matthew_Hodson,{}
ChrisJepson,kathycaton,{}
ChrisJepson,boyfinnbtn,{}
kathycaton,BBCSussex,{}
kathycaton,BBCSurrey,{}
kathycaton,Maximilianvict9,{}
kathycaton,AlfieOrdinary,{}
kathycaton,cerysmatthews,{}
JamesMartinSJ,pnoguesv,{}
JamesMartinSJ,sourcreamgay,{}
JamesMartinSJ,ValAlmon,{}
JamesMartinSJ,GibsonWrites,{}
JamesMartinSJ,buckly8992003,{}
JamesMartinSJ,JrichardsonJoe,{}
JamesMartinSJ,teachmethetruth,{}
JamesMartinSJ,anmalaki,{}
JamesMartinSJ,JunqueiraLiv,{}
JamesMartinSJ,LAThinkz,{}
JamesMartinSJ,debr3322,{}
JamesMartinSJ,Hoosier47906,{}
JamesMartinSJ,Overstweet,{}
JamesMartinSJ,Godsaveusall5,{}
JamesMartinSJ,fstarszy,{}
JamesMartinSJ,theresamacc,{}
JamesMartinSJ,mhustonwa,{}
JamesMartinSJ,astaines,{}
JamesMartinSJ,sohulme,{}
JamesMartinSJ,salapana,{}
JamesMartinSJ,wordface,{}
JamesMartinSJ,DruidNectan,{}
JamesMartinSJ,emfl49,{}
lgbtqnation,3woyce,{}
lgbtqnation,kenn264,{}
lgbtqnation,ColterMcCoy4,{}
lgbtqnation,Nestealimone,{}
lgbtqnation,UruguayLgbt,{}
lgbtqnation,LynneJMcCartney,{}
lgbtqnation,JaneMarcuccio,{}
lgbtqnation,FrancVelvet,{}
lgbtqnation,HakeemKaxeem,{}
lgbtqnation,Slushees4Pete,{}
lgbtqnation,DixieGirl256,{}
lgbtqnation,holyspacemonkey,{}
lgbtqnation,Cheryl362009,{}
lgbtqnation,sparkula,{}
lgbtqnation,LoquaciousLori,{}
lgbtqnation,its_ladyperson,{}
lgbtqnation,coachmeliz,{}
lgbtqnation,SnowflakeSnark,{}
lgbtqnation,VicM29402940,{}
lgbtqnation,PartenMichael,{}
lgbtqnation,DwnWireLiveWire,{}
lgbtqnation,jochuck3,{}
lgbtqnation,ShadowFax1021,{}
lgbtqnation,logicBFF,{}
lgbtqnation,Dreamwrecker16,{}
lgbtqnation,ken_crichlow,{}
lgbtqnation,shyredmd,{}
lgbtqnation,PrincessNic107,{}
lgbtqnation,RonaldoLGBTIPTY,{}
lgbtqnation,RaeDoubleU,{}
lgbtqnation,definitefraggle,{}
lgbtqnation,nkarvia,{}
lgbtqnation,IncludedCares,{}
lgbtqnation,BinxTheQueen,{}
lgbtqnation,Othiel93231,{}
lgbtqnation,Avonan,{}
lgbtqnation,KandyMi08012204,{}
lgbtqnation,dbishopii,{}
lgbtqnation,LuxFluxPhoto,{}
lgbtqnation,Dgsma,{}
lgbtqnation,WiseOwl_ACK,{}
lgbtqnation,JasonGriesse,{}
lgbtqnation,LeighLike1234,{}
lgbtqnation,littlehawk463,{}
lgbtqnation,Joeanthony_nyc,{}
lgbtqnation,lvinson58,{}
lgbtqnation,FredKwint,{}
lgbtqnation,Marieelleephant,{}
lgbtqnation,Rizzuti09,{}
lgbtqnation,CarlierRuth,{}
lgbtqnation,cfergu62,{}
lgbtqnation,kellylmarshall,{}
lgbtqnation,Akiliense,{}
lgbtqnation,QueerChris88,{}
lgbtqnation,wyldstripez,{}
lgbtqnation,AWereChicken,{}
lgbtqnation,DrRobinDVM,{}
lgbtqnation,Cyber9Diva,{}
lgbtqnation,LunifiedMaggs,{}
lgbtqnation,veronika4ca,{}
lgbtqnation,GR_Party,{}
lgbtqnation,anarchakelly,{}
lgbtqnation,KevinRBlundon,{}
lgbtqnation,AntihumanZombie,{}
lgbtqnation,star1965,{}
lgbtqnation,Dyst0piaSystem,{}
lgbtqnation,sheeptweeter,{}
lgbtqnation,GmaSwordJMJK,{}
lgbtqnation,Angelinoo,{}
lgbtqnation,SOVIETQUEER117g,{}
eqca,KarenOcamb,{}
MissAmerica1201,bioko,{}
MissAmerica1201,MHolidayBooks,{}
AmyCringeneck,HeadlessPress,{}
AmyCringeneck,cybrninjamifune,{}
AmyCringeneck,oneofthejohns,{}
AmyCringeneck,tylersowings,{}
kinnehan,Domini_Templari,{}
VegasVisions,sandibaise1,{}
VegasVisions,JosephClark76,{}
VegasVisions,Marston4ca42,{}
RayFrsa,EcrnKath,{}
RayFrsa,davmidd,{}
RayFrsa,PlaceKaths,{}
RayFrsa,RayFrsa,{}
stefdickers,archivesQueer,{}
stefdickers,DavidClifford4,{}
stefdickers,dinoboy89,{}
stefdickers,bookelf_ceri,{}
LessPrejudice,ShiftingSchools,{}
LessPrejudice,pride_stuff,{}
MShenko2187,AlenkoMrs,{}
MShenko2187,KyonLXM,{}
MShenko2187,winterhartarts,{}
MShenko2187,LeeMcDougal1,{}
MShenko2187,shrimpcolors,{}
MShenko2187,TFB5Spike,{}
MShenko2187,magic_robins,{}
MShenko2187,jakevkern,{}
MShenko2187,_Sharaxis_,{}
MShenko2187,dgcatanisiri,{}
thejoshuablog,thejoshuablogs,{}
thejoshuablog,thejoshuablog,{}
thejoshuablog,MrConnieS,{}
QueerForty,ILoveGayBooks,{}
QueerForty,ILoveGayWriters,{}
Ravenlore23,ShadowrunBot,{}
Ravenlore23,SciFiRoom,{}
RWezenaar,felifairy,{}
RWezenaar,kerem10560281,{}
RWezenaar,masse_neema,{}
RWezenaar,reativeart,{}
RWezenaar,ReArtistron,{}
RWezenaar,cyborgvisionz,{}
BSCLehighValley,scottalexhess,{}
BSCLehighValley,ILoveGayLV,{}
RevTerfy,CTKelly6,{}
LGBTQHealthHub,ygleemsw,{}
LGBTQHealthHub,susanparish,{}
LGBTQHealthHub,DrDillon_Gero,{}
LGBTQHealthHub,thesashlab,{}
LGBTQHealthHub,DrZoeRSmith,{}
LGBTQHealthHub,SarahSocialWrk,{}
LGBTQHealthHub,marylyndphan,{}
LGBTQHealthHub,KathrynFoxR,{}
LGBTQHealthHub,NLHollinsaid,{}
LGBTQHealthHub,erinkaseda,{}
LGBTQHealthHub,Cindy_J_Chang,{}
LGBTQHealthHub,Queerio_Ezra,{}
LGBTQHealthHub,LovelyneJulien,{}
LGBTQHealthHub,LGBTQ_Research,{}
LGBTQHealthHub,kfbalsam,{}
LGBTQHealthHub,passionatept,{}
LGBTQHealthHub,LoriRoss_UofT,{}
LGBTQHealthHub,AnaLeticiaSimal,{}
LGBTQHealthHub,KarenTang_,{}
LGBTQHealthHub,SaraKKuhn,{}
Cindy_J_Chang,AvaFergerson,{}
Cindy_J_Chang,YaleLGBTQhealth,{}
OzymandiusUK,SherwinAD1,{}
1Hefner_,miracleboy_1997,{}
1Hefner_,ashia_pace,{}
1Hefner_,justthat_dude,{}
1Hefner_,nadislight,{}
1Hefner_,therealtizzytt,{}
1Hefner_,cravebambi,{}
1Hefner_,ohioborn17,{}
1Hefner_,syi_boughetto,{}
pauladunstable,RoxyBourdillon,{}
pauladunstable,gloverbarb1,{}
pauladunstable,DIVAmagazine,{}
ChaplainRoss,SupergirlofSF,{}
foundation_fund,CFBroward,{}
foundation_fund,PiersonGrantPR,{}
XLGBTQCOIN,Thepalepastel,{}
XLGBTQCOIN,aria_wintle,{}
XLGBTQCOIN,vtuskan,{}
XLGBTQCOIN,mario82256825,{}
XLGBTQCOIN,JennilynFlore18,{}
XLGBTQCOIN,JennycaTelan,{}
XLGBTQCOIN,falan_luthers,{}
XLGBTQCOIN,swimfun_207,{}
XLGBTQCOIN,Kelcia68709879,{}
XLGBTQCOIN,midnytstormcoin,{}
XLGBTQCOIN,CarbajosaWarren,{}
XLGBTQCOIN,950mJ3QSuxVxErs,{}
XLGBTQCOIN,AMMCrypto,{}
XLGBTQCOIN,XRpCyrine,{}
XLGBTQCOIN,Veyrius,{}
XLGBTQCOIN,JanMichaelViol1,{}
XLGBTQCOIN,jinkycamalig,{}
XLGBTQCOIN,Rahcsian,{}
XLGBTQCOIN,mariome01361138,{}
XLGBTQCOIN,AlavaJhonan,{}
XLGBTQCOIN,xckiel,{}
XLGBTQCOIN,Dmitry_Kovach,{}
XLGBTQCOIN,Luke71917957,{}
XLGBTQCOIN,OHKA350,{}
XLGBTQCOIN,vlicoach14,{}
XLGBTQCOIN,LongasaGrace,{}
XLGBTQCOIN,pasilan_mark,{}
XLGBTQCOIN,Yllod212,{}
XLGBTQCOIN,ThuggyHouse,{}
XLGBTQCOIN,MoneyLightning9,{}
XLGBTQCOIN,DarwinLopena,{}
XLGBTQCOIN,DwiAja96565205,{}
XLGBTQCOIN,vitug_jessie,{}
XLGBTQCOIN,cryptobit50,{}
XLGBTQCOIN,MARCO664058721,{}
XLGBTQCOIN,tryingCryptoish,{}
XLGBTQCOIN,HernanM59432554,{}
XLGBTQCOIN,SongCompilatio1,{}
XLGBTQCOIN,gpdagohoyjr,{}
XLGBTQCOIN,yakkim20,{}
XLGBTQCOIN,MarieHarina,{}
XLGBTQCOIN,ShinChanXD00,{}
XLGBTQCOIN,Jessa05432686,{}
XLGBTQCOIN,LausAngelo,{}
XLGBTQCOIN,Sadlyface0205,{}
XLGBTQCOIN,gnnhmr,{}
XLGBTQCOIN,belber19,{}
XLGBTQCOIN,MelcherieRicaf1,{}
XLGBTQCOIN,Ginger67582575,{}
XLGBTQCOIN,Cindire80942188,{}
XLGBTQCOIN,jess_vee27,{}
XLGBTQCOIN,_MariaH__,{}
XLGBTQCOIN,octovianuskp,{}
XLGBTQCOIN,degens09,{}
XLGBTQCOIN,divine2heaven,{}
XLGBTQCOIN,Magic_LanJC,{}
XLGBTQCOIN,Sarwo01256406,{}
XLGBTQCOIN,JallorinaSonny,{}
XLGBTQCOIN,IzairinI,{}
XLGBTQCOIN,Big440204444,{}
XLGBTQCOIN,MaiMai19191992,{}
XLGBTQCOIN,Rose_Micslaine,{}
XLGBTQCOIN,Cliffor88444880,{}
XLGBTQCOIN,DoceJesson,{}
XLGBTQCOIN,ErmaleeSales1,{}
XLGBTQCOIN,nslorenzo70,{}
XLGBTQCOIN,hyhpdj,{}
XLGBTQCOIN,egon_byron,{}
XLGBTQCOIN,BrentRadley09,{}
XLGBTQCOIN,ronald_esplana,{}
XLGBTQCOIN,NailgasJ,{}
XLGBTQCOIN,SinbaSinbacat5,{}
XLGBTQCOIN,imjinman1,{}
NoellaYoshino,kuramekira,{}
NoellaYoshino,renpona,{}
NoellaYoshino,Noberg4,{}
NoellaYoshino,artistsgrim,{}
NoellaYoshino,DaiyouseiChan,{}
NoellaYoshino,NoellaYoshino,{}
TrevorProject,amitpaley,{}
TrevorProject,UGH_isabelle,{}
TrevorProject,Megan_Cadwell_,{}
TrevorProject,MegsDreamDesign,{}
TrevorProject,MHcrisisSupport,{}
TrevorProject,Leilani1382,{}
TrevorProject,fictional_livin,{}
TrevorProject,TinaMarie_80s,{}
TrevorProject,BoofDemon,{}
TrevorProject,guidethetigers,{}
TrevorProject,SpectreOfEarth,{}
TrevorProject,rthomasknapp8,{}
TrevorProject,PinkSheepNews,{}
TrevorProject,kiririkyu,{}
TrevorProject,EmilyRose4231,{}
TrevorProject,disneyvwdmom,{}
TrevorProject,camphalfblood,{}
TrevorProject,RaquelLuvsRoman,{}
TrevorProject,DrJolyn,{}
TrevorProject,JamieVamp,{}
TrevorProject,isntshelablee,{}
lgbtqremotejobs,Alexandra132,{}
lgbtqremotejobs,tophersart,{}
lgbtqremotejobs,HatManCanLTD,{}
lgbtqremotejobs,BandCampRT,{}
lgbtqremotejobs,BrowneProject,{}
lgbtqremotejobs,SoundTrackBoost,{}
silasmbx,silasmbx,{}
akbarth3great,hana_soul_hack,{}
akbarth3great,ZTSecure,{}
akbarth3great,JohnBeilowitz,{}
akbarth3great,getMazak,{}
akbarth3great,agent_guzman,{}
akbarth3great,SATYAJIT1910,{}
DrScarlettSmash,kaluapiscis,{}
DrScarlettSmash,sombradoble,{}
DrScarlettSmash,hdpenney,{}
DrScarlettSmash,NeelyFishy,{}
DrScarlettSmash,Sci_Chey,{}
DrScarlettSmash,Craken_MacCraic,{}
DrScarlettSmash,Shawn_on_Sea,{}
DrScarlettSmash,DiviLade,{}
DrScarlettSmash,mchhpodcast,{}
VisegradInsight,ManitouStultus,{}
BeingLGBTQPod,AndreaBreannaNY,{}
BeingLGBTQPod,ThomasJankow,{}
BeingLGBTQPod,kedss46,{}
BeingLGBTQPod,SamWiseLGBT,{}
ItheMissingLink,ani79777,{}
Jerusalem_Post,Joyjoywit,{}
Jerusalem_Post,marcelberlin,{}
Jerusalem_Post,paradoxxxx,{}
OUTTAKEVOICES,Realtorysanders,{}
OUTTAKEVOICES,TransRightsMOVE,{}
OUTTAKEVOICES,Film_SF,{}
OUTTAKEVOICES,SFTransFilmFest,{}
OUTTAKEVOICES,CathyRenna,{}
micahdraws,WhitechurchBoys,{}
micahdraws,micahdraws,{}
micahdraws,psofomar,{}
micahdraws,SerenaJenk,{}
Sheena_Kadi,MattLabor,{}
DrMerminCDC,CDC_DASH,{}
DrMerminCDC,gbama11,{}
DrMerminCDC,MAOofAlabama,{}
DrMerminCDC,PrEPSQUADDC,{}
DrMerminCDC,HeroinSupport,{}
PrEPSQUADDC,itech_network,{}
alex_arkeonerd,grahamhenry,{}
alex_arkeonerd,Alemartorel,{}
alex_arkeonerd,Mel08481176,{}
alex_arkeonerd,cardiffbites,{}
AvaFergerson,ATRP_USM,{}
Hollipolliyozza,Sluttylilimorte,{}
RightifyGhana,crowdedroom95,{}
RightifyGhana,zaddy_gh,{}
RightifyGhana,KwakuDee6,{}
RightifyGhana,0fkobyn,{}
RightifyGhana,derr_yck,{}
RightifyGhana,thekinginmeee,{}
RightifyGhana,almondamsel,{}
RightifyGhana,WhoIsDeydzi,{}
RightifyGhana,Sai_Pher,{}
RightifyGhana,RightifyGhana,{}
RightifyGhana,DontFret7,{}
RightifyGhana,Ebenezer_Peegah,{}
RightifyGhana,ActivismGhana,{}
LALGBTCenter,REACHLA,{}
LALGBTCenter,gaymlm,{}
dems4equality,NickiJ12492316,{}
jonnylarkin,Mr_James_Baker,{}
jonnylarkin,Kinkybear691,{}
jonnylarkin,BenYoudanArt,{}
jonnylarkin,leather_col,{}
jonnylarkin,FrankPeschier,{}
jonnylarkin,JustCathh,{}
jonnylarkin,KejenneB,{}
Gubbs16,GilenRogue,{}
GilenRogue,galena_star,{}
GilenRogue,Retweelgend,{}
GreenmanOhio,b_thrusters,{}
GreenmanOhio,Soap_Dude2,{}
GreenmanOhio,KKqUuvIh3sHodwF,{}
PartenMichael,amitpaley,{}
dumblegore4,coolconnor666,{}
GCR_Observatory,SegadimaneM,{}
GCR_Observatory,Chle19414099,{}
GCR_Observatory,Sandiswa_17,{}
GCR_Observatory,gustavinho_og,{}
GCR_Observatory,HlatseMoja,{}
GCR_Observatory,monD_Motadi,{}
GCR_Observatory,scorpio_time,{}
GCR_Observatory,gilly_am,{}
GCR_Observatory,MkhizePolzoh,{}
Homines_liberi,davetheansynd,{}
Homines_liberi,Homines_liberi,{}
NYSLGBTNetwork,princessjanaepl,{}
EnfieldUCC,tgregorygray,{}
EnfieldUCC,alanakelley,{}
VillaAndProud,deflucy5,{}
VillaAndProud,NatHaigh6,{}
VillaAndProud,Astonxii,{}
VillaAndProud,lmechegaray,{}
lesbiancouples9,ILoveGayYouth,{}
amitpaley,MegsDreamDesign,{}
amitpaley,IncludedCares,{}
PowerpuffGeezer,PowerpuffGeezer,{}
PowerpuffGeezer,BookYrNextRead,{}
Miss_Mausie,save_mills,{}
Miss_Mausie,celesteh,{}
Miss_Mausie,JLynneDH,{}
Miss_Mausie,_ingonthename,{}
JoshLanyon,J_M_Maverick,{}
RobcruzRyatt,Discovertech3,{}
TikTok_Bunny,JaseGould76,{}
snowfeaturefilm,mesmerizeorg,{}
snowfeaturefilm,JamesJava,{}
snowfeaturefilm,snowfeaturefilm,{}
snowfeaturefilm,peaseblossom7,{}
axstorm24,DonReamey,{}
axstorm24,BotFemale,{}
foxflightstudio,chuuyamcr,{}
foxflightstudio,Anexyyyy,{}
foxflightstudio,aminaquenaosabe,{}
foxflightstudio,porceIaindoIIx,{}
foxflightstudio,MIYAYIEN,{}
foxflightstudio,Tekker2234,{}
foxflightstudio,Smoll_Alex,{}
foxflightstudio,uItimatehoee,{}
foxflightstudio,kiemishub,{}
foxflightstudio,_yamachita,{}
foxflightstudio,Queen_Tiefling,{}
foxflightstudio,i4ranmaru,{}
foxflightstudio,mxjaynestrange,{}
foxflightstudio,seer0ftime,{}
foxflightstudio,tf_station,{}
foxflightstudio,roseghostea,{}
davidcaryhart,HBye2020,{}
ADHDre_,hallsofeternity,{}
UKoSTEMPros,ababuramani,{}
UKoSTEMPros,houseofstem,{}
UKoSTEMPros,kasia_itp,{}
UKoSTEMPros,samfrowe,{}
UKoSTEMPros,EDI_LeedsFBSpgr,{}
UKoSTEMPros,rainbowbarf_,{}
UKoSTEMPros,pimsmath,{}
UKoSTEMPros,kara_allum,{}
UKoSTEMPros,dce_cdt,{}
UKoSTEMPros,Sarah_Cosgriff,{}
UKoSTEMPros,strinder14,{}
UKoSTEMPros,ctridzzz,{}
UKoSTEMPros,STEMEquals,{}
UKoSTEMPros,TiagoDvl,{}
UKoSTEMPros,PrideinSTEM,{}
UKoSTEMPros,LGBTSTEMDay,{}
UKoSTEMPros,tinysapien,{}
UKoSTEMPros,AilsaMummery,{}
UKoSTEMPros,ZiaNeverSleeps,{}
UKoSTEMPros,TanaDJoseph,{}
UKoSTEMPros,jarildy,{}
UKoSTEMPros,JasonCMarvin,{}
UKoSTEMPros,MaferRecinos94,{}
College_Experts,JohnBlinstrub,{}
QVoices,lgbtfriend,{}
lgbtfriend,mindchwf,{}
lgbtfriend,Spectra_London,{}
lgbtfriend,wearesashlondon,{}
lgbtfriend,IslingtonMind,{}
lgbtfriend,TeamPrepster,{}
lgbtfriend,livkiera,{}
mscgluk,mscgluk,{}
IndieBookButler,SimonVdVwriter,{}
JenniferLHotes,susanfree16,{}
JenniferLHotes,MQuigley1963,{}
JenniferLHotes,sharonL33940258,{}
JenniferLHotes,kateannejack,{}
JenniferLHotes,Njiri15,{}
JenniferLHotes,jgmacleodauthor,{}
JenniferLHotes,PennilessScribe,{}
JenniferLHotes,AlexanderZPain,{}
JenniferLHotes,MarkAnthonySm16,{}
JenniferLHotes,Porg1985,{}
JenniferLHotes,JessSFrankel,{}
JenniferLHotes,NineTailKitten,{}
JenniferLHotes,Raymond_Norman,{}
JenniferLHotes,bayne_wendy,{}
JenniferLHotes,DeMarcoWriter,{}
JenniferLHotes,NayioArtisan,{}
JenniferLHotes,WillWatAuthor,{}
JenniferLHotes,Alnortonauthor1,{}
JenniferLHotes,QDPurdu,{}
sharonL33940258,luna_selas,{}
jgmacleodauthor,esm517,{}
MarkAnthonySm16,ghostofbird,{}
JessSFrankel,RebekkahFord,{}
Raymond_Norman,CaudaFree,{}
Raymond_Norman,Raymond_Norman,{}
Raymond_Norman,squawk7kdotnet,{}
Raymond_Norman,StorySpirit4U,{}
Raymond_Norman,persimew,{}
Raymond_Norman,SuperSoftKnits,{}
Raymond_Norman,relics04,{}
Raymond_Norman,UJJALHA41067774,{}
Raymond_Norman,TwitrPartner,{}
Raymond_Norman,BetteAStevens,{}
Raymond_Norman,vicky_whedbee,{}
Raymond_Norman,ghostofbird,{}
jedfoundation,ktjcunningham,{}
jedfoundation,LGBTCampus,{}
jedfoundation,SofiaBPertuzPhD,{}
jedfoundation,JA_MacPhee,{}
jedfoundation,NikkiAlixx,{}
jedfoundation,peacelovevote1,{}
jedfoundation,HeyMichaelKing,{}
jedfoundation,StampStigma,{}
jedfoundation,KristelleAisaka,{}
tania_rivilis,Foleee1,{}
tania_rivilis,lewieb99test,{}
Foxy_Andariel,Streamer_Boost,{}
Foxy_Andariel,GrowURStream,{}
Foxy_Andariel,StreamerWall,{}
Foxy_Andariel,wwwanpaus,{}
Foxy_Andariel,TwitchTVGaming,{}
Foxy_Andariel,safiroanejo,{}
Foxy_Andariel,rtItBot,{}
Streamer_Boost,DemiDaDracQueen,{}
GrowURStream,DemiDaDracQueen,{}
StreamerWall,DemiDaDracQueen,{}
wwwanpaus,SpeedyGentt,{}
safiroanejo,DanielZachary15,{}
thequeer26,JasmineDLowe,{}
jamie_daggers,geekphotoguy,{}
jamie_daggers,RyanSavage87,{}
jamie_daggers,kef,{}
jamie_daggers,Zurgalero,{}
jamie_daggers,WyrdGames,{}
jamie_daggers,decoy_plus,{}
jamie_daggers,ball1630,{}
patty81202626,form_bot,{}
form_bot,HotWorksArtShow,{}
Alice_Devine_,doughboy767,{}
Alice_Devine_,AdwiserWasTaken,{}
Alice_Devine_,owen_huggins,{}
Alice_Devine_,AgrathoSam17,{}
Alice_Devine_,depp05,{}
Alice_Devine_,LettersAndShit,{}
Alice_Devine_,oliverwright517,{}
Alice_Devine_,lavenderchuuuu,{}
Alice_Devine_,adani_e,{}
Alice_Devine_,AFHStewart,{}
Alice_Devine_,TifoFootball_,{}
au_magazine,mbsycamore,{}
SpeedyGentt,RealDrCollision,{}
SpeedyGentt,rtsmallstreams,{}
SpeedyGentt,sme_rt,{}
rtsmallstreams,DanielZachary15,{}
jjmoxy,NLArtsCouncil,{}
jjmoxy,jjmoxy,{}
jjmoxy,altomov,{}
jjmoxy,flutegirl,{}
zachradcliffphd,YaleLGBTQhealth,{}
ResisterSis20,SonyaSamuels15,{}
ResisterSis20,DebraErnst14,{}
ResisterSis20,hoootenanny,{}
ResisterSis20,gwv1961,{}
ResisterSis20,NancyWing12,{}
ResisterSis20,bright1950start,{}
ResisterSis20,susan_block,{}
ResisterSis20,mona_stenzel,{}
ResisterSis20,aquarian1953,{}
ResisterSis20,EntwistleF,{}
ResisterSis20,mdp_MamaK,{}
ResisterSis20,mama_bird_of7,{}
ResisterSis20,janet13749522,{}
ResisterSis20,CharlenDoe,{}
ResisterSis20,ResisterSis20,{}
ResisterSis20,meliorist59,{}
ResisterSis20,MomGroupDropOut,{}
ResisterSis20,TravelerOfTheU1,{}
Instant_Teams,CheyenneWalsh17,{}
Instant_Teams,LGBTQ_Military,{}
mattygdogegf,rocsieposie,{}
mattygdogegf,XRDogeGF,{}
mattygdogegf,dumbdress,{}
mattygdogegf,CRYPTOCOINS0,{}
MagnoliaMHealth,the3jsmom,{}
MagnoliaMHealth,C_MRSJBOSSLADY,{}
MagnoliaMHealth,spokenblackgirl,{}
ADG_IQ,GrangeandMiller,{}
ADG_IQ,ArgyllSeaGlass,{}
ADG_IQ,LovesVintage43,{}
ADG_IQ,superteamcode,{}
ADG_IQ,pearlysmith,{}
ADG_IQ,sistersofmoon,{}
ADG_IQ,kettles2u,{}
ADG_IQ,Ladybirdlane1,{}
ADG_IQ,Awarding_Women,{}
ADG_IQ,WirelifeArt,{}
ADG_IQ,AllesUndNix_,{}
laurelwanrow,barbmeyers,{}
laurelwanrow,NKelleherAuthor,{}
laurelwanrow,LindseyCDuncan,{}
laurelwanrow,JenStevenson,{}
laurelwanrow,hammered2019,{}
laurelwanrow,patesden,{}
laurelwanrow,followyouswap,{}
laurelwanrow,v_knipe,{}
laurelwanrow,LEHarrison1,{}
laurelwanrow,LancsBusRT,{}
DoMoreLGBTQ,GEDmagazine,{}
ProtectBoxLtd,cybersec_feeds,{}
ProtectBoxLtd,HLifDNQneZSLGbI,{}
ProtectBoxLtd,OajrdqU2MXmtqTx,{}
ProtectBoxLtd,Uju7Qg5fHHKl2vZ,{}
ProtectBoxLtd,Vera04607967,{}
ProtectBoxLtd,adnanislam04,{}
ProtectBoxLtd,Vladimi54474798,{}
ProtectBoxLtd,CSSalesMan,{}
ProtectBoxLtd,VladaVladovich,{}
ProtectBoxLtd,I3nRBnaz22D2S6J,{}
ProtectBoxLtd,veronuka50,{}
ProtectBoxLtd,Chuk6K,{}
ProtectBoxLtd,603167,{}
ProtectBoxLtd,gulivetc,{}
ProtectBoxLtd,galochkatetz,{}
ProtectBoxLtd,hyargina,{}
ProtectBoxLtd,Times2Relax,{}
ProtectBoxLtd,Artur68459167,{}
ProtectBoxLtd,zkriy5555,{}
cybersec_feeds,JinibaBD,{}
CSSalesMan,JinibaBD,{}
LouiseScottacts,SwinfenGeorgina,{}
LouiseScottacts,alyxmc_xo,{}
LouiseScottacts,NewCLanArts,{}
LouiseScottacts,CallumDKnight,{}
pridenation,pridenation,{}
pridenation,TechnoBotNL,{}
AdeleBatesZ,AdeleBatesZ,{}
MacMoorwood,emldavies01,{}
MacMoorwood,LGBTQRetweeter,{}
KinzieThings,lionfishpress,{}
RebekkahFord,SusanneLeist,{}
RebekkahFord,Mommaparker2,{}
RebekkahFord,paul_cude,{}
RebekkahFord,ebooklingo,{}
RebekkahFord,RussJTaylor1,{}
RebekkahFord,AnnaCampbelloz,{}
RebekkahFord,jake_mical,{}
RebekkahFord,Thinking_Capp,{}
RebekkahFord,cassirvelez9,{}
RebekkahFord,poemsjust4you,{}
RebekkahFord,kalangfeld,{}
RebekkahFord,MarieRojasWrite,{}
RebekkahFord,ericjwriting,{}
RebekkahFord,cwbigelow1,{}
RebekkahFord,MravikPal,{}
paul_cude,alicerauthor,{}
ECHO_CYMH,Dr_Din_Osmun,{}
ECHO_CYMH,DrVriend,{}
ECHO_CYMH,HWDSB_2SLGBTQIA,{}
ECHO_CYMH,GhyslaineECHO,{}
KiaraAziz,asvp_pick,{}
TheHPPJournal,dbritt14,{}
TheHPPJournal,jengilbert263,{}
TheHPPJournal,Alice_FiddianG,{}
reallykarel,researchmrx,{}
edrormba,_politibot,{}
edrormba,eclipsethis2003,{}
edrormba,FribourgNancy,{}
_politibot,Gjallarhornet,{}
eatmeandpreach,aalagoyianni,{}
strange_rains,RainsRocks,{}
LordMarioOfDoge,LordMarioOfDoge,{}
METROCharity,Wellykelly98,{}
Karlicius_Heart,Koda_beanie,{}
Karlicius_Heart,CORVIDCROWD,{}
TheArt_ofVago,forth_beam,{}
TheArt_ofVago,ilovsluz,{}
TheArt_ofVago,Apachechelon,{}
TheArt_ofVago,GoblinVs,{}
TheArt_ofVago,NguynThTiuMy1,{}
TheArt_ofVago,ForeverCatrado1,{}
TheArt_ofVago,MinhHuongLe285,{}
TheArt_ofVago,Jackelweon,{}
TheArt_ofVago,FarkenWolf,{}
TheArt_ofVago,resoNathan_,{}
TheArt_ofVago,Tt56295934,{}
TheArt_ofVago,lori_lupi,{}
TheArt_ofVago,Shadow_Patch,{}
TheArt_ofVago,1u4n4MH,{}
TheArt_ofVago,MoonDreewed,{}
TheArt_ofVago,Daimion99R,{}
TheArt_ofVago,Lyla751,{}
TheArt_ofVago,KaningIsOK,{}
TheArt_ofVago,charles_oberonn,{}
TheArt_ofVago,_DYN4MIGHT,{}
TheArt_ofVago,Renki_75,{}
TheArt_ofVago,LoveuuK4gsx,{}
TheArt_ofVago,Nasximento1,{}
TheArt_ofVago,Pexitron,{}
TheArt_ofVago,Denryue,{}
TheArt_ofVago,nachowolf_19,{}
TheArt_ofVago,isablight,{}
TheArt_ofVago,mcniddley,{}
TheArt_ofVago,LeviJones101st,{}
TheArt_ofVago,Flightless_Wren,{}
TheArt_ofVago,agenderarcee,{}
TheArt_ofVago,CbrrFei11,{}
TheArt_ofVago,YangIsLazy,{}
PointFoundation,chromomojo,{}
IdeasIntegrated,kennymo94578697,{}
IdeasIntegrated,ZainZigga,{}
IdeasIntegrated,PFSAQ1,{}
IdeasIntegrated,DimplesHadebe,{}
IdeasIntegrated,Aya_mm,{}
IdeasIntegrated,shaunteledi,{}
IdeasIntegrated,Pholobzin,{}
IdeasIntegrated,LcNkadimeng,{}
IdeasIntegrated,Siyashesha_,{}
IdeasIntegrated,IdeasIntegrated,{}
TamikaDenise,ProZoneGD,{}
LOrion,LOrion,{}
tranquilron,ThomasECoffman,{}
tranquilron,FitzMoneda,{}
tranquilron,alhanda,{}
tranquilron,tranquilron,{}
tranquilron,Sir_Andre_Jones,{}
tranquilron,cameyrick1,{}
tranquilron,artyny59,{}
tranquilron,HoltenHm,{}
tranquilron,vicky_whedbee,{}
tranquilron,MarySSchaeffer,{}
tranquilron,IreneWoodbury,{}
tranquilron,sequence_ready,{}
alhanda,alicerauthor,{}
GiGiCaponePR,msgigicapone,{}
GayDating101,GayDating101,{}
_damianhxang,hplbot,{}
ETalkUK,JFSebastian146,{}
ETalkUK,idek3339,{}
QUBSONM,youngting16,{}
QUBSONM,SaraGilpin,{}
QUBSONM,maggiebennett2,{}
rebel_queer_N,minprodist,{}
rebel_queer_N,swathi_arsekar,{}
rebel_queer_N,kpb1331,{}
rebel_queer_N,SamiraNadkarni,{}
rebel_queer_N,AthulyaManoj7,{}
rebel_queer_N,celebratelouiss,{}
rebel_queer_N,wallflower_213,{}
rebel_queer_N,Pillow_History,{}
rebel_queer_N,avgspacelover,{}
rebel_queer_N,DianeNguyen_90,{}
rebel_queer_N,iamryanadams25,{}
rebel_queer_N,webseongie,{}
rebel_queer_N,gluppschlopp,{}
rebel_queer_N,MukhtarX5,{}
rebel_queer_N,Aragon_1000,{}
rebel_queer_N,saccoglossus,{}
rebel_queer_N,whytuhina,{}
rebel_queer_N,amirteja2,{}
rebel_queer_N,Ayushman_21p,{}
InterPride,JulianSanjivan,{}
GLSEN,OjrhsG,{}
GLSEN,LbnNetanya,{}
GLSEN,MargyMacLibrary,{}
GLSEN,autumndriskill,{}
GLSEN,Pam_Antos,{}
GLSEN,RainbowCafeIL,{}
GLSEN,Ric0307,{}
GLSEN,MrFluff03446656,{}
GLSEN,NCLRights,{}
GLSEN,grafton_sjc,{}
GLSEN,MaxMicallef,{}
GLSEN,mdspaonline,{}
GLSEN,Active_Minds,{}
GLSEN,PrEP4CT,{}
GLSEN,PFLAGsrq,{}
GLSEN,pflagcolumbus,{}
GLSEN,HashtagHeyAlexa,{}
PrEP4CT,itech_network,{}
herbookish,TheQuickandthe4,{}
herbookish,BooksAre42,{}
herbookish,elspells13,{}
herbookish,kerrimcbooknerd,{}
herbookish,bookdutchesses,{}
herbookish,BookreviewsKb,{}
herbookish,rosegoldreports,{}
herbookish,shelfofunread,{}
herbookish,readerandom,{}
herbookish,shelvesofstarl1,{}
WarnockWarrior,tampalm,{}
WarnockWarrior,CNJ08540,{}
WarnockWarrior,need_over_greed,{}
WarnockWarrior,MarciaBunney,{}
WarnockWarrior,sunnyfields123,{}
WarnockWarrior,51ezmunie,{}
WarnockWarrior,KlipKris,{}
WarnockWarrior,WolfNW,{}
_amymontague7,stevens_dawn,{}
_amymontague7,DrKateLawrence,{}
_amymontague7,StMarysPsy,{}
_amymontague7,theamandooh,{}
lovestruckgame,Caterfree10,{}
lovestruckgame,shisallaw,{}
TheRainbowland,NetworkLgbtq,{}
QueerFMVan,YOUDOYOUfndtn,{}
NelsonMullins,NelsonMullins,{}
EqualityFed,ACLUSouthDakota,{}
EqualityFed,DanRafter,{}
aktorguy,BreakingGlassPx,{}
alicerauthor,MichelleRoseG33,{}
alicerauthor,ejlazar,{}
alicerauthor,KyleCanonAuthor,{}
alicerauthor,sukeji_handa,{}
alicerauthor,WilliamBWorthy,{}
alicerauthor,Authorjpdowning,{}
alicerauthor,anglrsg9,{}
alicerauthor,DeeSKnight,{}
alicerauthor,zelly309,{}
alicerauthor,LindaOConnor98,{}
alicerauthor,skwhite2020,{}
alicerauthor,steven_arnett,{}
alicerauthor,edjlazar,{}
alicerauthor,carrie11334740,{}
alicerauthor,MantisK,{}
alicerauthor,lawrence_wray,{}
alicerauthor,CampbellGibby,{}
DGNofficial_,EntwifeXP,{}
DGNofficial_,theymerSophie,{}
DGNofficial_,Noomoid,{}
DGNofficial_,KaraGetlevog,{}
DGNofficial_,cyrusinitaly,{}
DGNofficial_,HamishHallett,{}
DGNofficial_,They_Bogle,{}
DGNofficial_,DerSchilderich,{}
DGNofficial_,JackStreet01,{}
LeeLovesCats1,botmutual,{}
tradigiart,Theo_Rose_,{}
tradigiart,BBMC_Beams,{}
tradigiart,fivebyfives,{}
tradigiart,Ace_of_Crows,{}
tradigiart,bondeyeboiz,{}
stephen_petrus,richardli1945,{}
stephen_petrus,Dromm25,{}
stephen_petrus,LaGuardiaWagner,{}
stephen_petrus,CiegoSoraya,{}
SHOPonSHOP1,FenixForever5,{}
SHOPonSHOP1,badgurlxoxo,{}
SHOPonSHOP1,HermanceB1,{}
SuperSoftKnits,ghostofbird,{}
TwitrPartner,ghostofbird,{}
TwitrPartner,_brookeauthor,{}
ghostofbird,molina_elorza,{}
ghostofbird,humanwords_,{}
ghostofbird,NuttlyR,{}
ghostofbird,froggienana,{}
ghostofbird,RobossieAuthor,{}
ghostofbird,RaeFae4,{}
ghostofbird,KruseGowerWrite,{}
ghostofbird,SuperStacey318,{}
ghostofbird,ZenobiaBubb,{}
ghostofbird,MainChannel_,{}
ghostofbird,AuthorCn,{}
ghostofbird,tonykelsey,{}
ghostofbird,BookSpotlight,{}
ghostofbird,b_fox1989,{}
molina_elorza,luna_selas,{}
KruseGowerWrite,esm517,{}
SuperStacey318,esm517,{}
MainChannel_,MainChannel_,{}
MainChannel_,Vanoudenhaegen,{}
MainChannel_,mollyshea_shea,{}
MainChannel_,TrudyAmir,{}
MainChannel_,HollowManSeries,{}
MainChannel_,KathleenHarrym1,{}
MainChannel_,flwrgardengifts,{}
MainChannel_,theblackrose87,{}
MainChannel_,MaccessoriesR,{}
MainChannel_,Ostraca_EU,{}
MainChannel_,KJWatersAuthor,{}
MainChannel_,ash_mikala,{}
MainChannel_,blackcatrena,{}
MainChannel_,_brookeauthor,{}
BraveWheatPhoto,AncestorsAlive,{}
BraveWheatPhoto,GrassrootsDNC,{}
esm517,esm517,{}
esm517,ReadingAlNight,{}
esm517,GullionKrieg,{}
esm517,miamibeachPI,{}
esm517,W_Angels_Wings,{}
esm517,RJWriter2,{}
esm517,depp1fan,{}
esm517,cpbrownnarrator,{}
esm517,uusaint,{}
esm517,CazVincent,{}
esm517,Publishquest,{}
esm517,debemmitt,{}
esm517,AmericanBadOZ,{}
esm517,Natalie74440094,{}
esm517,jackusmarkle15,{}
esm517,LisaDMeyer,{}
esm517,chduts,{}
DukePress,SitraBowman,{}
DukePress,redforgender,{}
DukePress,NotSoAveragJoe,{}
DukePress,DrMaDMo,{}
DukePress,anjulifatima,{}
DukePress,kwissoker,{}
DukePress,aibexint,{}
DukePress,jdgtranen,{}
DukePress,linguistpapi,{}
luna_selas,Nblackthorne,{}
DA_magazine,Youth_Truth,{}
CDaigleOrians,opr_min_grp,{}
CDaigleOrians,d1g1t,{}
CDaigleOrians,Avery36884378,{}
CDaigleOrians,PhoenixVic21,{}
CDaigleOrians,sorasan0000,{}
CDaigleOrians,elnamiee,{}
CDaigleOrians,kari_izumi,{}
CDaigleOrians,LauraMncnll,{}
CDaigleOrians,LenVeigaZ,{}
CDaigleOrians,AltheSunBear,{}
CDaigleOrians,Persian_dreamer,{}
CDaigleOrians,Kaviserra,{}
CDaigleOrians,acearohanda,{}
CDaigleOrians,dqlovesfood1,{}
CDaigleOrians,chessthepawn,{}
CDaigleOrians,abelservus,{}
CDaigleOrians,RikaRika91,{}
scottalexhess,JoeOJazzMoon,{}
SceneLGBTQ,CoolBrighton,{}
SceneLGBTQ,LunchPositive,{}
DemiDaDracQueen,iSarahAnne,{}
DemiDaDracQueen,TarashiGaming,{}
DemiDaDracQueen,Tony_J301,{}
DemiDaDracQueen,KURSED_SOULS,{}
DemiDaDracQueen,rpggamebot,{}
AmbitiousAutism,LucyDuncombe2,{}
AmbitiousAutism,StephensEvol78,{}
AmbitiousAutism,medstudentbecca,{}
AmbitiousAutism,AYPHcharity,{}
EthLucius,JackRowShow,{}
EthLucius,21LIPTON37,{}
EthLucius,TitasTkb,{}
EthLucius,zara57298740,{}
EthLucius,SanjoyDhali5,{}
EthLucius,ManodipMallick,{}
EthLucius,VeronicaAlbada1,{}
EthLucius,joscarly303,{}
EthLucius,sped_goal,{}
EthLucius,blackodrums,{}
EthLucius,adrijesroch,{}
EthLucius,BarretoNiurvis,{}
EthLucius,MaggyPeyton3,{}
EthLucius,daliabonyuet,{}
EthLucius,tsannel,{}
EthLucius,JoyontoE,{}
EthLucius,anma1403,{}
EthLucius,bessaeduardo20,{}
EthLucius,MasiSaadat,{}
EthLucius,Nidabarreto,{}
NoemiPsych,MentalHRetweet,{}
sylvia_toy,AnimatorsPal,{}
CaliLiliIndies,CaliLiliIndies,{}
CaliLiliIndies,LGBTQPlusBot,{}
GMHC,HKnacker,{}
GMHC,DrtobeM,{}
GMHC,lgbtqplushealth,{}
GMHC,jnonyc1,{}
GMHC,monitor_PH,{}
MindOutLGBTQ,LGBTQiWF,{}
MindOutLGBTQ,gaysians_uk,{}
MindOutLGBTQ,gaywestsocial,{}
MindOutLGBTQ,kayeinglis,{}
MindOutLGBTQ,BlkOutUK,{}
MindOutLGBTQ,BHCETS,{}
MindOutLGBTQ,CommunityBase,{}
MindOutLGBTQ,JB_Picaroons,{}
MindOutLGBTQ,HENELJeanChris1,{}
hayleyhsims,LdnLGBTQCentre,{}
PIOWNewEngland,KatieMartell,{}
HighballTV,mattcampagna,{}
HighballTV,melissadags,{}
HighballTV,IndieFilmBot,{}
OutOnAnIslandIW,StoneCrabsTC,{}
JinibaBD,javier_carriazo,{}
JinibaBD,JinibaBD,{}
JinibaBD,BotSecx,{}
JinibaBD,cybsecbot,{}
JinibaBD,CyberSecurityN8,{}
JinibaBD,sectest9,{}
JinibaBD,botcybersec,{}
ColtechGlobal,LifeatWPE,{}
Ourgaylove,MartinsRiquinho,{}
BlakeBrinkley31,Tyrant1001,{}
DarkSideDivas,MacManX,{}
DarkSideDivas,squireX2,{}
barry100CA,barry100CA,{}
barry100CA,RBatDavid,{}
barry100CA,QprfcPaul,{}
barry100CA,goodtimeguy78,{}
barry100CA,JonBenWI,{}
barry100CA,JosephBenJudah1,{}
barry100CA,Chhallah,{}
libcomix,fi86315192,{}
libcomix,RachelRaygun,{}
libcomix,salaczar,{}
libcomix,MoonToonsArt,{}
libcomix,JRLibrarian,{}
libcomix,Ferenteeny,{}
libcomix,chaoticute,{}
libcomix,AryssaDamron,{}
libcomix,vinceyface,{}
Fredrik_Larsen_,anne_rybarczyk,{}
Fredrik_Larsen_,XavierKonieczn8,{}
Fredrik_Larsen_,SpiceBruno,{}
Fredrik_Larsen_,RayRay010569,{}
Fredrik_Larsen_,ramixbucks,{}
Fredrik_Larsen_,vinyl_for_life,{}
Fredrik_Larsen_,janwebbo,{}
sophiabotha74,KaraInnValkyrie,{}
lgbtmap,SIGILUX,{}
lgbtmap,heytonyhere,{}
lgbtmap,LGBTfunders,{}
LGBTfunders,ArcusLGBT,{}
ArcusLGBT,CAISOTT,{}
BoltBurdonKemp,VOliver123,{}
BoltBurdonKemp,TomLaxMedNeg,{}
OnlyN3RDsGaming,ArcticF0x8,{}
Magnusdusk,vroidretweet,{}
Magnusdusk,live_kitsune,{}
ILAGolden,fliptopbox13,{}
rvsiell,jjjooossshua,{}
Queer_Britain,shrewsmorris,{}
Queer_Britain,SarahKerenza,{}
Queer_Britain,TristanMCraig,{}
Queer_Britain,emshanksthanks,{}
Queer_Britain,Queer_Britain,{}
Queer_Britain,IftkharNadia,{}
Queer_Britain,daronoram,{}
Queer_Britain,queercircle,{}
Queer_Britain,TheQueerAsia,{}
Queer_Britain,curatedjenny,{}
Queer_Britain,MuseumPierrette,{}
Queer_Britain,TwentyWeasels,{}
Queer_Britain,dillon_jaxx,{}
Queer_Britain,SalisburyArts,{}
Queer_Britain,QUEERARTLOVE,{}
Queer_Britain,IOPDiversity,{}
Queer_Britain,sophiearmishaw,{}
Queer_Britain,DanRLaurin,{}
TheRidingRoom,PoloGlasgow,{}
BAS_News,whales_org,{}
BAS_News,polarlatitudes,{}
BAS_News,Bonner_Lab,{}
BAS_News,PennyJClarke,{}
BAS_News,AptedJoseph,{}
BAS_News,griffiths_huw,{}
BAS_News,challengersoc,{}
BAS_News,LilaBuckingham,{}
BAS_News,DiverMads,{}
BAS_News,NERCscience,{}
BAS_News,UKPolarNetwork,{}
pidgincinema,freadom_fighter,{}
scottaarontait,mothballwriting,{}
davidjjfield,orlatinsley,{}
davidjjfield,HSE_HSeLanD,{}
davidjjfield,GilmoreJNurse,{}
Domini_Templari,Angell16915333,{}
Domini_Templari,breta413,{}
Domini_Templari,Rich3Dawg,{}
Domini_Templari,Jim222001,{}
Domini_Templari,ProtectStudents,{}
Domini_Templari,bduritsky,{}
Domini_Templari,Random_N_Sanity,{}
Domini_Templari,ektaka,{}
Domini_Templari,PJShakesitup,{}
Domini_Templari,LiberalWarrior_,{}
Domini_Templari,WolfWolfBlue2,{}
Domini_Templari,Gdad1,{}
Domini_Templari,BrittanyinTexas,{}
Domini_Templari,JesusNarrowWay,{}
Domini_Templari,LRPow79,{}
Domini_Templari,Pracken,{}
Domini_Templari,semen_social,{}
Domini_Templari,ava44,{}
ArtsOnTheGreen,creativemoco,{}
GreatRiver,angieshandmade1,{}
tanyakaushal00,PRJournoRequest,{}
tanyakaushal00,Soulsearcher241,{}
tanyakaushal00,BotForEquality,{}
itech_network,IntersexRefuge,{}
totallyoutnow,anewpolitical,{}
totallyoutnow,GINindianUK,{}
totallyoutnow,NicsGoingGlobal,{}
_brookeauthor,1DougSimpson,{}
_brookeauthor,GabrielConstans,{}
_brookeauthor,EmmaAlisyn,{}
_brookeauthor,steele_donna,{}
_brookeauthor,JudyRamsook,{}
_brookeauthor,MCBunn3,{}
_brookeauthor,melodycrickett,{}
_brookeauthor,HeartofCarolina,{}
_brookeauthor,sjlhollister,{}
_brookeauthor,Peteadams8,{}
_brookeauthor,DerrickRBickley,{}
_brookeauthor,eileenmaud2,{}
_brookeauthor,ae_stanfill,{}
_brookeauthor,DanielMalAuthor,{}
_brookeauthor,authoraj66,{}
CandrianCarey,JH_Memory_Aging,{}
CandrianCarey,mattgonzalesmd,{}
CandrianCarey,TonyTeano,{}
TonyTeano,YaleLGBTQhealth,{}
YaleLGBTQhealth,NoKinkTooSmall,{}
YaleLGBTQhealth,PHPodcasters,{}
YaleLGBTQhealth,TheIASR,{}
YaleLGBTQhealth,MaggiPrice,{}
YaleLGBTQhealth,TelementalHlth,{}
YaleLGBTQhealth,TMoss_PhD,{}
YaleLGBTQhealth,andreakaniuka,{}
YaleLGBTQhealth,KirstyClarkPhD,{}
YaleLGBTQhealth,josediaz,{}
YaleLGBTQhealth,DavySRan,{}
chrisbwood,CenDemTech,{}
dazlarrr,littlecarrots_2,{}
dazlarrr,Richard03945215,{}
dazlarrr,Cropsmarston,{}
dazlarrr,TomKillingbeck,{}
dazlarrr,biminibabes,{}
64MKUltra,DatNigga3157591,{}
Pablo_Rocksey_M,MsFoulwind,{}
Pablo_Rocksey_M,dorner_martina,{}
Pablo_Rocksey_M,Talentspotter5,{}
LiterallyxSatan,electronicsbotB,{}
LiterallyxSatan,shslmahoushoujo,{}
boell_us,ryanzinn,{}
