newmalevichart,Kankim2,{}
newmalevichart,annadavydenko25,{}
newmalevichart,6TCoiIxi2Ohx9ZE,{}
newmalevichart,IgmaryPlacencia,{}
newmalevichart,KristinaMaiina1,{}
newmalevichart,hhhhhhhhjj111,{}
newmalevichart,Demnel_,{}
newmalevichart,LolitaRomena,{}
newmalevichart,Tommyhi54649600,{}
newmalevichart,kimo69874755,{}
newmalevichart,MirzaToheed14,{}
newmalevichart,Israrktk18,{}
newmalevichart,maria20142152,{}
newmalevichart,Z9erfDrdAVylUqK,{}
newmalevichart,nickvv14,{}
newmalevichart,motivationhist1,{}
newmalevichart,PJJP3316,{}
newmalevichart,AsmusJelena,{}
newmalevichart,Poryashon,{}
newmalevichart,Camel49480052,{}
newmalevichart,stefqancc456,{}
newmalevichart,AhsanAhs4,{}
newmalevichart,Anaya74682877,{}
newmalevichart,RayniltonS,{}
newmalevichart,G1998KOA,{}
newmalevichart,RayhanMiya7,{}
newmalevichart,DonnallynS,{}
newmalevichart,LThinmnhPH16411,{}
newmalevichart,KachkachMohamad,{}
newmalevichart,Remon41018250,{}
newmalevichart,sarmin94611,{}
newmalevichart,Soufian49197068,{}
newmalevichart,Getsby06696565,{}
newmalevichart,Hira14243597,{}
newmalevichart,ChowdhurySiddek,{}
smallslivinlife,jimmyroybloom,{}
smallslivinlife,JFSebastian146,{}
JFSebastian146,ColorOfChange,{}
JFSebastian146,rosesbloom24,{}
JFSebastian146,SenClayDavisx4,{}
JFSebastian146,edmahala,{}
JFSebastian146,chieffymac11,{}
JFSebastian146,welegbede,{}
JFSebastian146,maxberger,{}
JFSebastian146,danwibg,{}
JFSebastian146,MySonHunter,{}
JFSebastian146,marktsneed,{}
JFSebastian146,gods_of_africa,{}
JFSebastian146,AntiRacismDay,{}
JFSebastian146,LaraOyedele,{}
JFSebastian146,theburrowjulia,{}
JFSebastian146,OrbisBooks,{}
JFSebastian146,BlackPatriot5,{}
JFSebastian146,KayeVanessa,{}
JFSebastian146,prwizllc,{}
JFSebastian146,LuluWalcott1,{}
JFSebastian146,proudly_Ethio,{}
JFSebastian146,BotDefund,{}
JFSebastian146,JeffMerkley,{}
JFSebastian146,BanterfBundy,{}
JFSebastian146,OuryJalloh,{}
JFSebastian146,ChartHits64,{}
JFSebastian146,Anteneh001A,{}
JFSebastian146,MrAtheistPants,{}
JFSebastian146,NCAD_Dublin,{}
JFSebastian146,rupertbu,{}
JFSebastian146,bdidol,{}
JFSebastian146,ToddBohannon,{}
JFSebastian146,GascoyneEstate,{}
JFSebastian146,BLMLA,{}
JFSebastian146,_webshareztv,{}
JFSebastian146,BryanPacheco,{}
JFSebastian146,changethenypd,{}
JFSebastian146,meiklwagner,{}
JFSebastian146,BrunoAmato_1,{}
JFSebastian146,reno_ralph,{}
JFSebastian146,furmanspeccoll,{}
JFSebastian146,melmeldc,{}
JFSebastian146,Bibi19100k,{}
JFSebastian146,RICHARDLNEWBY,{}
JFSebastian146,NavJB,{}
JFSebastian146,Alima1000,{}
JFSebastian146,dpoen,{}
JFSebastian146,NkengeFemme,{}
JFSebastian146,tiredoflifee22,{}
JFSebastian146,LaraOshon,{}
JFSebastian146,acnavb,{}
JFSebastian146,suzzetteCam,{}
JFSebastian146,think_dyslexia,{}
JFSebastian146,SOfficiallyme,{}
JFSebastian146,Matt_VanDyke,{}
JFSebastian146,theYokoHiguchi,{}
JFSebastian146,Mariahcharleson,{}
JFSebastian146,Crownof47888285,{}
JFSebastian146,RealBenMokoena,{}
JFSebastian146,kearniwarren,{}
JFSebastian146,jollygoodginger,{}
JFSebastian146,NICK4WA,{}
JFSebastian146,festivalbharat,{}
JFSebastian146,Mrgiarc,{}
JFSebastian146,endmoneybond,{}
JFSebastian146,MaryLTrump,{}
JFSebastian146,AbolishTUPD,{}
JFSebastian146,EcrnKath,{}
JFSebastian146,FocaalBlog,{}
JFSebastian146,inartfairNYK,{}
JFSebastian146,mrsimonkp,{}
JFSebastian146,LateshowLhs,{}
JFSebastian146,tanisjustice,{}
JFSebastian146,AyanMusk,{}
JFSebastian146,BLMBoise,{}
JFSebastian146,blmspi,{}
JFSebastian146,nikkiwatitdo,{}
JFSebastian146,manthonyhunter,{}
JFSebastian146,BerishDavidos,{}
JFSebastian146,rachelboyd_123,{}
JFSebastian146,TheUnknownRealm,{}
JFSebastian146,StopCopTerrorDC,{}
JFSebastian146,KewtStudio,{}
JFSebastian146,kklttrust,{}
JFSebastian146,KentConnectNews,{}
JFSebastian146,OldMainBell,{}
JFSebastian146,MzT_Michele,{}
JFSebastian146,lllDreadChiclll,{}
JFSebastian146,itsgraceAM,{}
JFSebastian146,SandraDirkson,{}
JFSebastian146,AmnestyDdorf,{}
JFSebastian146,boogiemayu,{}
JFSebastian146,olderbrother21,{}
JFSebastian146,TheLivesThatMtr,{}
JFSebastian146,WomenintheLawUK,{}
JFSebastian146,judahoudshoorn,{}
JFSebastian146,Star_BLM,{}
JFSebastian146,NS_Seaside,{}
JFSebastian146,redsarah99,{}
JFSebastian146,KnitsByRis,{}
JFSebastian146,styleyourfabric,{}
JFSebastian146,Lb_Sterling,{}
JFSebastian146,peterhuntcrypto,{}
JFSebastian146,0TheKidFrankie0,{}
JFSebastian146,cmw628,{}
JFSebastian146,RickSydney,{}
JFSebastian146,DeeKayTM1,{}
JFSebastian146,BraveWrite,{}
JFSebastian146,M_MI311,{}
JFSebastian146,_wbstewart,{}
JFSebastian146,SonOfSeshat,{}
JFSebastian146,schizocetacean,{}
JFSebastian146,TiagoPe12128896,{}
JFSebastian146,AddisMikael,{}
JFSebastian146,rugis_ac,{}
JFSebastian146,wa_kahugu,{}
JFSebastian146,jtrotman1,{}
JFSebastian146,comedy_rules1,{}
JFSebastian146,tericlarkVO,{}
JFSebastian146,AreMond2,{}
JFSebastian146,ClareKuehn,{}
JFSebastian146,smokinscientist,{}
JFSebastian146,say_the_names,{}
JFSebastian146,MedPierre,{}
JFSebastian146,77BlueJays,{}
JFSebastian146,BARACUK,{}
JFSebastian146,tylerdoty10,{}
JFSebastian146,CharlesMicheaux,{}
JFSebastian146,stevewh67,{}
JFSebastian146,BristolDefenda1,{}
JFSebastian146,Beth81450411,{}
JFSebastian146,Jeff_Davis1808,{}
JFSebastian146,aphotogncworld,{}
JFSebastian146,MackPolitical,{}
JFSebastian146,KulpaBart,{}
JFSebastian146,sun_king,{}
JFSebastian146,BoycottQ2,{}
JFSebastian146,BNCNews,{}
JFSebastian146,Dilarus,{}
TracyWesterman,Yurrandaali1956,{}
TracyWesterman,LizGiuffre,{}
TracyWesterman,rogerwilkinson3,{}
TracyWesterman,SimonBurns4,{}
TracyWesterman,ChristineFern4,{}
TracyWesterman,ChloeLouQ,{}
TracyWesterman,KyYaYa1970,{}
TracyWesterman,Luluflower2020,{}
TracyWesterman,CaSSiSiA,{}
TracyWesterman,awambmrgw,{}
TracyWesterman,DocWSJames,{}
TracyWesterman,kimmyonadimmy,{}
TracyWesterman,wired_we,{}
TracyWesterman,scotiaforever5,{}
TracyWesterman,Shez1Shez,{}
TracyWesterman,rulelawsuspend,{}
TracyWesterman,pm12_88,{}
TracyWesterman,WindsorBeaver,{}
GlendaleUMC,trueblonde27,{}
TheDerpyMuffins,HoovesQueen,{}
TheDerpyMuffins,DerpyIsBestPone,{}
TheDerpyMuffins,ThePoniesMemes,{}
TheDerpyMuffins,DavidUdale,{}
DavidUdale,danwibg,{}
DavidUdale,theburrowjulia,{}
DavidUdale,BlackPatriot5,{}
DavidUdale,KayeVanessa,{}
DavidUdale,prwizllc,{}
DavidUdale,LuluWalcott1,{}
DavidUdale,proudly_Ethio,{}
DavidUdale,LiesDestroy,{}
DavidUdale,BotDefund,{}
DavidUdale,reno_ralph,{}
DavidUdale,furmanspeccoll,{}
DavidUdale,Bibi19100k,{}
DavidUdale,RICHARDLNEWBY,{}
DavidUdale,FocaalBlog,{}
DavidUdale,nikkiwatitdo,{}
DavidUdale,TheUnknownRealm,{}
DavidUdale,Dan4VA,{}
DavidUdale,Marcos_A__Silva,{}
DavidUdale,0TheKidFrankie0,{}
DavidUdale,DeeKayTM1,{}
DavidUdale,_wbstewart,{}
DavidUdale,ClareKuehn,{}
DavidUdale,smokinscientist,{}
DavidUdale,say_the_names,{}
DavidUdale,MedPierre,{}
DavidUdale,inartfairNYK,{}
DavidUdale,Babalonhorror,{}
DavidUdale,KulpaBart,{}
DavidUdale,BoycottQ2,{}
ColorOfChange,mila_bowen,{}
ColorOfChange,XavierOMack1,{}
ColorOfChange,Sam52160989,{}
ColorOfChange,SharonCullars,{}
Sam52160989,Sam52160989,{}
rosesbloom24,HopeInTheUSA,{}
rosesbloom24,daddyisthatyou,{}
rosesbloom24,tammy_marchand,{}
rosesbloom24,AvaBanton,{}
rosesbloom24,charliebubsdem,{}
rosesbloom24,RinaRay37211037,{}
rosesbloom24,Zee207702,{}
rosesbloom24,olfashdeb,{}
SenClayDavisx4,hamiltond97,{}
SenClayDavisx4,Annamaria2427,{}
SenClayDavisx4,fire__girl,{}
gods_of_africa,gods_of_africa,{}
gods_of_africa,Blackbiz2020,{}
Blackbiz2020,JhaJmd,{}
Blackbiz2020,boogiemayu,{}
Blackbiz2020,KewtStudio,{}
Blackbiz2020,lllDreadChiclll,{}
Blackbiz2020,KayLaySha,{}
chieffymac11,dannyo430,{}
chieffymac11,riichkidd24,{}
chieffymac11,RgdChris,{}
chieffymac11,Sypre7,{}
chieffymac11,Okechijohnson,{}
chieffymac11,JayJay54981050,{}
chieffymac11,john68220058,{}
chieffymac11,puttnam_ricardo,{}
chieffymac11,TamarahFord2,{}
chieffymac11,crustycobs,{}
chieffymac11,MickelG7,{}
chieffymac11,tloveyou60,{}
chieffymac11,naltearrr200,{}
chieffymac11,aliasgar_saifee,{}
chieffymac11,Monkeymanp920,{}
chieffymac11,TMythologeek,{}
chieffymac11,c66rz,{}
LThinmnhPH16411,NavJB,{}
Remon41018250,NavJB,{}
Soufian49197068,NavJB,{}
welegbede,KatieVanAbelMD,{}
welegbede,mindygillis,{}
welegbede,namd4kids,{}
maxberger,therealjbkay,{}
maxberger,GratefulPatrio6,{}
maxberger,TRelativist,{}
maxberger,IdocAmanda,{}
maxberger,alfredovela08,{}
maxberger,Jimhengstenberg,{}
maxberger,nikebs48,{}
maxberger,chaynecourt,{}
maxberger,StuffedFantod,{}
maxberger,Paul1Singh,{}
danwibg,Sugabab59115132,{}
danwibg,ClubhouseHelen,{}
danwibg,helen_a15,{}
Sugabab59115132,KayeVanessa,{}
Sugabab59115132,LuluWalcott1,{}
marktsneed,jake_mical,{}
marktsneed,idek3339,{}
BanterfBundy,BanterfBundy,{}
BanterfBundy,SilencioBroono,{}
idek3339,AntiRacismDay,{}
idek3339,MrAtheistPants,{}
idek3339,NCAD_Dublin,{}
idek3339,ChartHits64,{}
idek3339,OYFtheBook,{}
idek3339,OldMainBell,{}
idek3339,rupertbu,{}
idek3339,LaraOshon,{}
idek3339,acnavb,{}
idek3339,suzzetteCam,{}
idek3339,crunchylink,{}
idek3339,inartfairNYK,{}
idek3339,mrsimonkp,{}
idek3339,manthonyhunter,{}
idek3339,KentConnectNews,{}
idek3339,OrcaUn,{}
idek3339,BrighidsForge,{}
idek3339,MzT_Michele,{}
idek3339,TheLivesThatMtr,{}
idek3339,houseoftrapz,{}
idek3339,DieUrbane,{}
idek3339,TC_CICE,{}
idek3339,TiagoPe12128896,{}
idek3339,tericlarkVO,{}
idek3339,dpoen,{}
idek3339,i_joeb,{}
idek3339,aphotogncworld,{}
idek3339,robinaqureshi,{}
idek3339,CoachDonelle,{}
idek3339,BNCNews,{}
idek3339,Sora_shka,{}
idek3339,SarahBoyack,{}
TheHarryNews,darlingsunflwer,{}
TheHarryNews,tisthedamncami,{}
TheHarryNews,twilightcryy,{}
TheHarryNews,brutalhaylor,{}
TheHarryNews,jade_medina_,{}
TheHarryNews,paintednailrry,{}
TheHarryNews,roxyvogner,{}
TheHarryNews,tpwkorra,{}
TheHarryNews,eceecubb,{}
TheHarryNews,mudbllood,{}
TheHarryNews,hshoneyhome,{}
TheHarryNews,sluttforstarfox,{}
TheHarryNews,gabbie16101,{}
TheHarryNews,slutforstarfox,{}
TheHarryNews,tanyasanchez_,{}
TheHarryNews,goIdencrime,{}
TheHarryNews,80spoprry,{}
AntiRacismDay,Hathorsdaughter,{}
AntiRacismDay,JusticeOneDay2,{}
AntiRacismDay,junei96,{}
AntiRacismDay,ClarkPhilippa,{}
AntiRacismDay,Marvscouncil,{}
AntiRacismDay,rk70534,{}
AntiRacismDay,XR_BSE,{}
AntiRacismDay,ZHRO_Zimbabwe,{}
AntiRacismDay,UsherRaymon1,{}
AntiRacismDay,AlTsakani,{}
AntiRacismDay,eternallyamour,{}
AntiRacismDay,RobinaQureshi5,{}
AntiRacismDay,Churchi15246971,{}
AntiRacismDay,Millygilbert17,{}
AntiRacismDay,ANKHEmpress,{}
AntiRacismDay,followMFJ,{}
AntiRacismDay,MissPaulaGreen,{}
AntiRacismDay,EuEthnic,{}
AntiRacismDay,bassmadman,{}
AntiRacismDay,xraypat,{}
AntiRacismDay,paddyoverall,{}
AntiRacismDay,twitsquince,{}
AntiRacismDay,BLangotra,{}
AntiRacismDay,Hatepag66999632,{}
AntiRacismDay,Michael76213061,{}
AntiRacismDay,OsareMaggie,{}
AntiRacismDay,soletiole2912,{}
AntiRacismDay,tinyredharvey,{}
AntiRacismDay,cathycross,{}
AntiRacismDay,nanow60,{}
AntiRacismDay,EMCLimited,{}
AntiRacismDay,PLoyalties,{}
AntiRacismDay,aminamangera1,{}
AntiRacismDay,BigSterrett,{}
AntiRacismDay,Debbiesplace65,{}
AntiRacismDay,Damian0706,{}
AntiRacismDay,mariaminpeace,{}
AntiRacismDay,FNKLibrary,{}
AntiRacismDay,sashasimic,{}
AntiRacismDay,imelda_mairead,{}
AntiRacismDay,hackneysutr,{}
AntiRacismDay,HackneySwp,{}
AntiRacismDay,kenolende,{}
AntiRacismDay,gertrudengozi,{}
AntiRacismDay,ChristopherdgG,{}
AntiRacismDay,Ashanti_Alston,{}
AntiRacismDay,Lynne04289004,{}
AntiRacismDay,JossWaddyProEU,{}
AntiRacismDay,LouiseRawAuthor,{}
AntiRacismDay,pureshoressaint,{}
AntiRacismDay,NagasakiKenndo,{}
AntiRacismDay,chriselaine3,{}
AntiRacismDay,winwithmelanin,{}
AntiRacismDay,davidagoodland,{}
AntiRacismDay,KimbaGross,{}
AntiRacismDay,brian_precious,{}
AntiRacismDay,AntiRacismDay,{}
AntiRacismDay,SamLJPage,{}
AntiRacismDay,SocialistAct,{}
AntiRacismDay,MilenaBuyum,{}
AntiRacismDay,ElginUp,{}
AntiRacismDay,StandUp2TrumpUK,{}
AntiRacismDay,Rainbow_CAR,{}
AntiRacismDay,redcablesunday,{}
AntiRacismDay,spencergooner,{}
AntiRacismDay,HolborowPaul,{}
AntiRacismDay,goodevil0562,{}
AntiRacismDay,benstudd,{}
AntiRacismDay,XR4L5,{}
AntiRacismDay,rothsutr,{}
AntiRacismDay,fridgemagnet49,{}
LaraOyedele,RNiallDMartin,{}
LaraOyedele,Traceymac78,{}
LaraOyedele,PatthePainter2,{}
LaraOyedele,MikeEL88,{}
LaraOyedele,LaraOyedele,{}
LaraOyedele,WandaWyporska,{}
msr_ayee,botmutual,{}
tbasharks,YDWYPG,{}
skyla_john,skyla_john,{}
skyla_john,VonGoghFvder,{}
skyla_john,BlazedRTs,{}
theburrowjulia,Nadia31187,{}
theburrowjulia,Missvb4,{}
theburrowjulia,ohhdaamnsam,{}
theburrowjulia,melinda10890345,{}
theburrowjulia,mol1021,{}
theburrowjulia,ALeigh5583,{}
theburrowjulia,stampysez_relax,{}
theburrowjulia,ladydownintexas,{}
theburrowjulia,VuocoloF,{}
theburrowjulia,colorfullstory,{}
theburrowjulia,LouiseGisele17,{}
theburrowjulia,golden1ne,{}
theburrowjulia,HelaminaJ,{}
theburrowjulia,zerofawks0,{}
theburrowjulia,Twiceaznice1,{}
theburrowjulia,RageGrl,{}
OrbisBooks,NorbertSchalle3,{}
OrbisBooks,reineayiti,{}
rk70534,BLMBoise,{}
Satellit3Heart,Jaassyyy_,{}
Satellit3Heart,Big__Kush,{}
Satellit3Heart,OursonMenteur,{}
Satellit3Heart,raythehaitian,{}
Satellit3Heart,_leannaxo,{}
Satellit3Heart,2dmbad4u,{}
Satellit3Heart,816heauxshit,{}
Satellit3Heart,ZEB8462,{}
Satellit3Heart,tresekennedy_,{}
Satellit3Heart,ChiLottery,{}
Satellit3Heart,AbblkRoots,{}
Satellit3Heart,majornija,{}
Satellit3Heart,OurStorynLegacy,{}
Satellit3Heart,TheHomie_IKE,{}
Satellit3Heart,StephniMishawn,{}
Satellit3Heart,sayitaintteej,{}
Satellit3Heart,Pantha2661,{}
Satellit3Heart,TeliaLadon,{}
Satellit3Heart,Lax_islife16,{}
proudly_Ethio,PpcRodash,{}
proudly_Ethio,lijethiopia213,{}
lijethiopia213,Bibi19100k,{}
LiesDestroy,MomDantes,{}
JeffMerkley,SupermanHopkins,{}
JeffMerkley,iceManEssa,{}
JeffMerkley,HuskerKO,{}
JeffMerkley,David_Feldman_,{}
JeffMerkley,AlberoniLH,{}
JeffMerkley,fairviewsue,{}
JeffMerkley,lguapo76,{}
JeffMerkley,bevmuh,{}
JeffMerkley,deepgreenphilly,{}
JeffMerkley,Pacheco_JA_,{}
JeffMerkley,Amadii,{}
JeffMerkley,EmmaGroff,{}
JeffMerkley,HalleQuezada,{}
JeffMerkley,FL4Bernie2020,{}
JeffMerkley,NonyaBidness11,{}
JeffMerkley,ofa_Jeremy,{}
JeffMerkley,2sensitive_,{}
JeffMerkley,KishaGardner,{}
JeffMerkley,nrookie,{}
ElAmerican_,SabrinaMartinR,{}
ElAmerican_,mademjac,{}
ElAmerican_,KatsuhikoTsuda,{}
ElAmerican_,dd756yut,{}
ElAmerican_,reme1364,{}
ElAmerican_,Angelsdad15,{}
ElAmerican_,javipatino1,{}
ElAmerican_,UhuruK_Sasa,{}
ElAmerican_,HowardPartiss,{}
ElAmerican_,soundscrazy2,{}
ElAmerican_,Heritage,{}
OuryJalloh,BlackCommunit20,{}
OuryJalloh,krissis15,{}
OuryJalloh,marie_c_g,{}
OuryJalloh,ulrichkoestner,{}
OuryJalloh,einpanblob,{}
OuryJalloh,FabianHuebner,{}
OuryJalloh,missblu75883606,{}
OuryJalloh,DerMrBer,{}
OuryJalloh,St55172019,{}
OuryJalloh,GustavRegler,{}
OuryJalloh,h_odiug,{}
OuryJalloh,Audiolith,{}
OuryJalloh,IrgendwasKreat1,{}
OuryJalloh,CarenTatjana,{}
OuryJalloh,MoZzeloth,{}
OuryJalloh,SpareTheBaton,{}
OuryJalloh,claudiesdas,{}
OuryJalloh,SugaD_official,{}
OuryJalloh,jannisgrimm,{}
OuryJalloh,likerobinhood1,{}
OuryJalloh,BremenNika,{}
OuryJalloh,max95349590,{}
OuryJalloh,PeljorTenzin,{}
OuryJalloh,Chariklia_2018,{}
OuryJalloh,freundeskreisv,{}
OuryJalloh,trollnest3,{}
Anteneh001A,EmiruGezachew,{}
Anteneh001A,fasilEthiopia,{}
MrAtheistPants,RandyLaMonda,{}
NCAD_Dublin,danshanman,{}
RickSydney,RickSydney,{}
RickSydney,CookieWarrior5,{}
GangemiMerry,lisafinkc,{}
GangemiMerry,Nattyknotts,{}
melmeldc,sallyhunt666,{}
melmeldc,PINK1963DSW,{}
Blackbirds,GulGulcu,{}
Blackbirds,raygunhopper,{}
Blackbirds,lijialing777,{}
Blackbirds,VENUS28910811,{}
Blackbirds,haekalraka_,{}
Blackbirds,BidhubhusanAch1,{}
Blackbirds,_tawyitr_,{}
Blackbirds,SKB02018893,{}
Blackbirds,felipy5456,{}
Blackbirds,BRlANRAY,{}
Blackbirds,FerndTwitat,{}
Blackbirds,ylimEwastaken,{}
Blackbirds,ReiteshKoul,{}
Blackbirds,Qhweku_Sterling,{}
Blackbirds,DexFTW_,{}
Blackbirds,yoksig,{}
Blackbirds,SafetyMentalst,{}
Blackbirds,useonyou,{}
ToddBohannon,ToddBohannon,{}
GascoyneEstate,Gascoyne1CC,{}
GascoyneEstate,hackneytours,{}
GascoyneEstate,wickaward,{}
BlackAndRight,CrayOfTheCRAY1,{}
BlackAndRight,Vanessence7,{}
inartfairNYK,KymBrown67,{}
BLMLA,WP4BL,{}
BLMLA,2ndchanceff,{}
BLMLA,warmlux,{}
BLMLA,Awkward_Orange,{}
BLMLA,votes4kanye,{}
BLMLA,RewyreU,{}
BLMLA,ChavezRavineLA,{}
BLMLA,ChismVargas,{}
BLMLA,iowacard,{}
BLMLA,Indira4DSM,{}
BLMLA,PplsCityCouncil,{}
_webshareztv,SBBExpo,{}
_webshareztv,_webshareztv,{}
_webshareztv,amsircash,{}
BryanPacheco,FirestarHart,{}
BryanPacheco,RecklessJeff,{}
BryanPacheco,1ADoubleBDS,{}
BryanPacheco,jayantonio98,{}
BryanPacheco,danasflxapl,{}
BryanPacheco,v0dkatini,{}
BryanPacheco,cyberpilate,{}
BryanPacheco,NachoKingZ,{}
BryanPacheco,CHAMPSROLLEIGNS,{}
BryanPacheco,doge_king,{}
BryanPacheco,buckeyedinapoli,{}
BryanPacheco,joseimorales11,{}
BryanPacheco,gIowmode,{}
BryanPacheco,TorchCrawler,{}
BryanPacheco,itsbosstiiime,{}
BryanPacheco,bbgunnnz,{}
BryanPacheco,jahlovesmusic,{}
BryanPacheco,Lovatic5HDores7,{}
changethenypd,garverosorio,{}
changethenypd,TheWayWithAnoa,{}
changethenypd,OrganizedR,{}
changethenypd,hilarythelyons,{}
changethenypd,cclark112263,{}
changethenypd,bdlimm,{}
changethenypd,gideonoliver,{}
changethenypd,j_weathers,{}
changethenypd,JFREJNYC,{}
changethenypd,jennarosen,{}
meiklwagner,meiklwagner,{}
meiklwagner,endsarsbot_,{}
meiklwagner,psarmmiey,{}
meiklwagner,HondaBerlin,{}
meiklwagner,BorgesMelie,{}
meiklwagner,TheEndSarsBot,{}
meiklwagner,RpatoolsC,{}
meiklwagner,JerrodBireley,{}
endsarsbot_,jtrotman1,{}
endsarsbot_,TC_CICE,{}
TEDxBoston,IrmaRaste,{}
TEDxBoston,dcure,{}
TEDxBoston,EvanKirstel,{}
Lis5718,Louisam77,{}
Lis5718,PelleJons1,{}
Lis5718,BrittLCee,{}
SmokeSignalBR,MariannaOlinger,{}
SmokeSignalBR,BrazilDemocracy,{}
SmokeSignalBR,carlagastal,{}
BrunoAmato_1,Ilene3youtz,{}
BrunoAmato_1,melajessi_1,{}
BrunoAmato_1,Libra648,{}
BrunoAmato_1,FloLake,{}
BrunoAmato_1,loyalbrooks,{}
BrunoAmato_1,murQury7,{}
BrunoAmato_1,TXFartingsworth,{}
BrunoAmato_1,powderpuff1999,{}
BrunoAmato_1,CherylL00330540,{}
BrunoAmato_1,Popeye1961666,{}
BrunoAmato_1,Tigergal62,{}
BrunoAmato_1,slavanj,{}
BrunoAmato_1,Manuela_MD,{}
BrunoAmato_1,HyangmiO,{}
BrunoAmato_1,CSkagitdave,{}
BrunoAmato_1,danaMpatton,{}
BrunoAmato_1,DemocraticDaisy,{}
BrunoAmato_1,IanM0ses,{}
SpareTheBaton,Matt_VanDyke,{}
shada_islam,medtech147,{}
shada_islam,AlfiazV,{}
jenniferdlaws,LVanSomeren,{}
jenniferdlaws,Robert02260562,{}
jenniferdlaws,RBZai_25,{}
jenniferdlaws,Arzell38548852,{}
jenniferdlaws,stockguy61,{}
jenniferdlaws,MixedDem,{}
jenniferdlaws,demuromarquez,{}
jenniferdlaws,CoachBobTewsley,{}
jenniferdlaws,ManutdMMM,{}
jenniferdlaws,StefanLong,{}
jenniferdlaws,talktoig,{}
jenniferdlaws,JonesLorri,{}
jenniferdlaws,AndreasHagen507,{}
jenniferdlaws,Beverly21811568,{}
jenniferdlaws,ilsaingrid,{}
jenniferdlaws,raerae32206528,{}
jenniferdlaws,McBrettster,{}
jenniferdlaws,murraydarren55,{}
jenniferdlaws,anitra_larae,{}
schock,psb_dc,{}
schock,KafSofit,{}
AEGISAllianceTM,GrassrootsDNC,{}
RICHARDLNEWBY,thelivingtribu2,{}
RICHARDLNEWBY,markhughesfilms,{}
RICHARDLNEWBY,RealDavidFuller,{}
RICHARDLNEWBY,CotySJ1,{}
RICHARDLNEWBY,PurpleFilms88,{}
RICHARDLNEWBY,sectionxp12,{}
RICHARDLNEWBY,ArcEntel,{}
RICHARDLNEWBY,leebee4life,{}
NavJB,sirajunmoni,{}
NavJB,Hashim09664684,{}
NavJB,MukeshettanC,{}
NavJB,mailienluong1,{}
NavJB,rahat13355747,{}
NavJB,Mai00623784,{}
NavJB,nhapham18585040,{}
NavJB,WRMinc,{}
NavJB,MdUh02751567,{}
NavJB,EsetHduueb,{}
NavJB,shamee57569646,{}
NavJB,juan23758622,{}
NavJB,D99Squadron,{}
NavJB,rico2288953766,{}
NavJB,Hasanul73596204,{}
NavJB,yvethtoralba,{}
NavJB,FadiSam74974256,{}
NavJB,TamerSaid2306,{}
NavJB,Royal95185910,{}
NavJB,abnaljn03078282,{}
NavJB,maybewei0976,{}
NavJB,NmyJbr,{}
NavJB,knicsky24,{}
NavJB,xpyxyox,{}
NavJB,hamdane_abbas,{}
NavJB,ThietbilocphatK,{}
NavJB,AngleRaxino,{}
NavJB,alifajannat41,{}
NavJB,MOHAMED08209652,{}
NavJB,byose_kimwe,{}
NavJB,Barusaja21,{}
NavJB,gfk9WTYueHlMES6,{}
NavJB,AkasaMoh,{}
NavJB,SaintPe94684892,{}
NavJB,razzman1980,{}
NavJB,winterm26506733,{}
NavJB,RX_Arohi,{}
NavJB,Jui85041280,{}
NavJB,ARYANKHANANIS3,{}
NavJB,ParthoBasu9,{}
NavJB,RadjibouI,{}
NavJB,SagarBi9071,{}
NavJB,KeyaTahamina,{}
NavJB,Snakeladyboys,{}
NavJB,RomdhaniDhia,{}
NavJB,jlMQPxK2RnMtrD4,{}
NavJB,armanosheel,{}
NavJB,Gautam23379,{}
NavJB,SOlga850312,{}
NavJB,stethoxa1,{}
NavJB,LvsIgrc98bJC4Xg,{}
NavJB,mikepattanakul9,{}
NavJB,liznentwig7,{}
NavJB,frankte70289761,{}
NavJB,HaBalderas2,{}
NavJB,barbarfoster202,{}
NavJB,chamber670w,{}
NavJB,lekisha_e,{}
NavJB,drewjam73404191,{}
NavJB,mikangu99387679,{}
NavJB,jackifroehler9,{}
NavJB,jaynemaniccia21,{}
NavJB,chofewaskte,{}
NavJB,RajuBaishnab9,{}
NavJB,AkakSimo,{}
NavJB,rayli_yt,{}
NavJB,ZainabS01644138,{}
NavJB,hosltonadarm,{}
NavJB,khai50244769,{}
NavJB,hananisaa53,{}
NavJB,meysamfarahi88,{}
NavJB,MarefatZ,{}
NavJB,ManuelaCuadros5,{}
NavJB,BuhlOjj,{}
NavJB,IshakZenine,{}
NavJB,Minhsg11,{}
NavJB,Fortu6L,{}
NavJB,Sadie26445745,{}
NavJB,Sergej41771258,{}
NavJB,allabogova1,{}
NavJB,Abdulla71645546,{}
NavJB,aboodkh06661775,{}
NavJB,HsnUeDaK70i56yC,{}
NavJB,YNimnal,{}
NavJB,Vilma43427406,{}
NavJB,ZurangeSharda,{}
NavJB,Lihigordon1,{}
NavJB,Tagir998,{}
NavJB,SS77366724,{}
NavJB,5astPlgHNcUYOrl,{}
NavJB,stlat2,{}
NavJB,isabellbaldoni7,{}
NavJB,die3lwka,{}
NavJB,beatric23203690,{}
NavJB,audriascheller3,{}
NavJB,lorenza57952063,{}
NavJB,ramtdgvo,{}
NavJB,rowebmaire,{}
NavJB,jenellluppino61,{}
NavJB,vannagavin43,{}
NavJB,sheryll20975289,{}
NavJB,JimmyWestbc9d,{}
NavJB,kimmcco79552304,{}
NavJB,aundreasanderl9,{}
NavJB,tama2400cj,{}
NavJB,GwenGwenhagar2,{}
NavJB,Rubyewj9Waneta,{}
NavJB,despinaemerso18,{}
NavJB,Ber4891wGerda,{}
Alima1000,Alima1000,{}
Alima1000,twagandlozi,{}
dpoen,VapinXsmoker,{}
tiredoflifee22,cinnamonghafa,{}
tiredoflifee22,dogboyjoe,{}
tiredoflifee22,loIoven,{}
tiredoflifee22,transarashi,{}
tiredoflifee22,Fischycakes,{}
tiredoflifee22,ripleywaves,{}
tiredoflifee22,ylbstmew,{}
tiredoflifee22,oppaitai,{}
tiredoflifee22,octorange_,{}
tiredoflifee22,KUMlHOCOOKIE,{}
tiredoflifee22,sunnycoups,{}
tiredoflifee22,pansexualdummy,{}
tiredoflifee22,GinnyPigCute,{}
tiredoflifee22,kalashniggov,{}
MendacityAbout,Bethanie_Cabral,{}
SEIU,aleshavanburen,{}
SEIU,Tracysway9876,{}
SEIU,ForOurFutureOH,{}
SEIU,IamJPeacock,{}
RobertD97701804,AtikiL_,{}
think_dyslexia,jenniferott,{}
think_dyslexia,maryilyasova_,{}
think_dyslexia,teachmykidtorea,{}
think_dyslexia,sandiestone9,{}
think_dyslexia,ckmyers4,{}
think_dyslexia,MrsMmuses,{}
think_dyslexia,SoulfulTeachin,{}
think_dyslexia,karolina6497,{}
think_dyslexia,h83540834,{}
think_dyslexia,onlyonemaryana,{}
think_dyslexia,DayCatherineM,{}
think_dyslexia,Tiffscribes,{}
think_dyslexia,areesakanji,{}
think_dyslexia,LuvonRwriter,{}
think_dyslexia,MsLesliesBooks,{}
think_dyslexia,drlucymichael,{}
think_dyslexia,whoshaq,{}
jenniferott,Matt_VanDyke,{}
SOfficiallyme,yslgisele,{}
SOfficiallyme,__wonzo__,{}
SOfficiallyme,mohadeeq6,{}
SOfficiallyme,CaponeSoulja,{}
SOfficiallyme,Redoutais_Roi,{}
SOfficiallyme,AKidNamedJustin,{}
SOfficiallyme,SunnKissdKitten,{}
SOfficiallyme,ARnoAB_,{}
SOfficiallyme,leratoMoseleny1,{}
SOfficiallyme,taurusmisslwar,{}
SOfficiallyme,riggerus,{}
SOfficiallyme,Txtwistatornado,{}
SOfficiallyme,steveemelie,{}
SOfficiallyme,itsminahoe,{}
SOfficiallyme,lCESPIKES,{}
SOfficiallyme,ayo_luhdon,{}
SOfficiallyme,kennydelacru,{}
SOfficiallyme,okianlol,{}
ProfPatch83,TrickleDownSoc,{}
Matt_VanDyke,swethavalli,{}
Matt_VanDyke,StageshotSavvy,{}
Matt_VanDyke,HBones7,{}
Matt_VanDyke,DrBrownieJr,{}
Matt_VanDyke,cjprof4,{}
Matt_VanDyke,J6Nasty,{}
Matt_VanDyke,RemixCity,{}
Matt_VanDyke,Shortygrandma54,{}
Matt_VanDyke,cecib8,{}
Matt_VanDyke,StevijoPayne,{}
Matt_VanDyke,CrickettB5,{}
Matt_VanDyke,AbsolutBex,{}
Matt_VanDyke,lott_hayley,{}
Matt_VanDyke,JoshMankiewicz,{}
Matt_VanDyke,LibGranny,{}
Matt_VanDyke,tr69511653,{}
theYokoHiguchi,resistance0101,{}
Mariahcharleson,SoySudamericana,{}
Mariahcharleson,empirecrumblin,{}
Mariahcharleson,TerrencePaul5,{}
LorneSchool,Dru_PSL,{}
RealBenMokoena,TlhakaT,{}
RealBenMokoena,MatuduMatji,{}
RealBenMokoena,musanhoo,{}
kearniwarren,BagdesCanning,{}
kearniwarren,HopeBegley,{}
kearniwarren,TheGreenGarret,{}
jollygoodginger,sweenmj19,{}
jollygoodginger,chunkanutz,{}
jollygoodginger,DianeNickell1,{}
jollygoodginger,99ermikeb,{}
jollygoodginger,TPBlue4,{}
jollygoodginger,chezit,{}
jollygoodginger,Juneb34,{}
jollygoodginger,jhnc5280,{}
jollygoodginger,JAdoreSephora,{}
jollygoodginger,Critical_CORE,{}
jollygoodginger,MrRightNow215,{}
jollygoodginger,gir908922,{}
jollygoodginger,Tommmmmmmmnmm,{}
jollygoodginger,BamaMan4Change,{}
jollygoodginger,Jtbs1Jill,{}
jollygoodginger,HoneyKanSola,{}
jollygoodginger,Bsconley,{}
Nathani85179018,mommabae1,{}
BASW_UK,HelenSh88789810,{}
BASW_UK,BASW_UK,{}
BASW_UK,sj7hh,{}
BASW_UK,MohamedNoshin,{}
BASW_UK,GoossenLori,{}
NICK4WA,ContentTBA,{}
NICK4WA,walker26274533,{}
NICK4WA,reyoutwest,{}
NICK4WA,MaryM96095506,{}
NICK4WA,Marie14259733,{}
NICK4WA,heilmanbaRobert,{}
NICK4WA,ZEphotographic,{}
NICK4WA,DiCoach,{}
NICK4WA,Sandrakicks1,{}
NICK4WA,angeleyez407,{}
NICK4WA,Colleen032000,{}
festivalbharat,ChavinNikel,{}
festivalbharat,myiIFudWFm2mFOw,{}
festivalbharat,amit30980,{}
festivalbharat,prasadhemant,{}
festivalbharat,vishwa_samvad,{}
festivalbharat,CittiMedia,{}
endmoneybond,Dr_Zaria,{}
endmoneybond,MartaPopadiak,{}
endmoneybond,ChiAppleseed,{}
endmoneybond,PatriceAJames,{}
endmoneybond,DeBeeB21,{}
endmoneybond,BloNo_DSA,{}
endmoneybond,uupmi,{}
endmoneybond,peopleslobbyusa,{}
endmoneybond,madeleinebehr,{}
endmoneybond,ucmetroeast,{}
endmoneybond,endmoneybond,{}
endmoneybond,ASPL365,{}
endmoneybond,ptialex77,{}
endmoneybond,MainLineBeer,{}
endmoneybond,AggroAzteca,{}
endmoneybond,ScottHech,{}
endmoneybond,shrivercenter,{}
MaryLTrump,kororke1,{}
MaryLTrump,DanielFHart,{}
MaryLTrump,New_America_Now,{}
MaryLTrump,DiggityDogDo,{}
MaryLTrump,VickiBa14229535,{}
MaryLTrump,CarrieMeAway6,{}
MaryLTrump,Jane24138259,{}
MaryLTrump,Zillanna,{}
MaryLTrump,Cmusiclover,{}
MaryLTrump,Lindarcharest,{}
MaryLTrump,luvswrxsubarus,{}
MaryLTrump,Pollyne16297944,{}
MaryLTrump,ThomaBrown2040,{}
MaryLTrump,stanspak,{}
MaryLTrump,amestr144,{}
MaryLTrump,JeanMunjoy,{}
MaryLTrump,MUZIQLOVECHILD,{}
AbolishTUPD,nonbinarynxbxdy,{}
AbolishTUPD,afronola,{}
AbolishTUPD,OrlandoFloresJr,{}
AbolishTUPD,means_byany,{}
AbolishTUPD,NOLABOOKFAIR,{}
AbolishTUPD,skooks,{}
Pen_Bird,ImranUk7,{}
Pen_Bird,codingpoetry,{}
EcrnKath,EcrnKath,{}
EcrnKath,pandora123461,{}
EcrnKath,RayFrsa,{}
EcrnKath,TuscVote,{}
EcrnKath,ProletaireY,{}
EcrnKath,rositastef,{}
EcrnKath,politicswatch15,{}
EcrnKath,CarolABrowne,{}
EcrnKath,everyone_about,{}
EcrnKath,HerryNapit,{}
EcrnKath,urbangenii,{}
TheEndSarsBot,TC_CICE,{}
FlafScotland,AndrewGMilburn,{}
FocaalBlog,anthropoliteia,{}
FocaalBlog,kevinkarpiak,{}
UnlixGhost,ImQContinuum,{}
boogiemayu,boogiemayu,{}
maryspence1987,DrArtikaTyner,{}
AyanMusk,akhil25i,{}
AyanMusk,Rohantweetss,{}
BLMBoise,greenfuzz,{}
BLMBoise,exegesisjoe,{}
BLMBoise,ritter1947,{}
BLMBoise,buddystone,{}
BLMBoise,mddlfrk,{}
BLMBoise,SheridanTAustin,{}
BLMBoise,KimELY54674344,{}
BLMBoise,abbottalynn,{}
BLMBoise,DrekTheBat,{}
BLMBoise,SaltyHamsterdr1,{}
BLMBoise,DFesburn,{}
GuthrieGF,WhereTrueLoveIs,{}
GuthrieGF,MelissaxWarrior,{}
JhaJmd,JhaJmd,{}
blmspi,IllinoisEagle,{}
blmspi,SummarShyne,{}
blmspi,RonRugged,{}
OthellosSister,AnansiTheatre,{}
OthellosSister,1623theatre,{}
YahshuaChurch,TayoReed,{}
manthonyhunter,ImaGeek2020,{}
manthonyhunter,pennynewmexico,{}
manthonyhunter,Americanforsure,{}
manthonyhunter,MelaninMvskoke,{}
guerillacricket,DogHeir,{}
Sidhu_Dq_,UyirDq1,{}
Sidhu_Dq_,BurhanDq,{}
Sidhu_Dq_,BuruDQ1,{}
Sidhu_Dq_,DqBuru,{}
Sidhu_Dq_,MohdBur76351856,{}
natexlb,bloodyblack0ut,{}
WisdomHous,Suleman92573269,{}
KATT_INTL,WilderHome,{}
rachelboyd_123,lizfaeglasgo,{}
rachelboyd_123,AlphaDermot,{}
rachelboyd_123,KariCorbett,{}
TheUnknownRealm,nicoleb43229878,{}
StopCopTerrorDC,latestchristian,{}
StopCopTerrorDC,nathanluecking,{}
StopCopTerrorDC,Alikat526,{}
StopCopTerrorDC,SoniaPertor,{}
StopCopTerrorDC,BlackPo85988774,{}
StopCopTerrorDC,JFK_ALlivestill,{}
StopCopTerrorDC,cassondra_ni,{}
StopCopTerrorDC,flugennock,{}
StopCopTerrorDC,aeidinger,{}
StopCopTerrorDC,phelanm,{}
StopCopTerrorDC,BentleytheDog,{}
KewtStudio,KewtStudio,{}
KewtStudio,lllDreadChiclll,{}
DelanoBurrowes,Rlycooldude,{}
DelanoBurrowes,blackpeopledata,{}
blackpeopledata,marshmanuel,{}
kklttrust,NdukuWambua,{}
kklttrust,DushiNjenga,{}
kklttrust,MamboZuri1,{}
MzT_Michele,memeRusherELF,{}
lllDreadChiclll,lllDreadChiclll,{}
Riyaag03,antiwoke786,{}
Riyaag03,coolfunnytshirt,{}
RB4444,CoslettLinda,{}
itsgraceAM,cherylo517,{}
ClosingTheGap4,protect_public,{}
SandraDirkson,SandraDirkson,{}
SandraDirkson,ChloeKn63889141,{}
SandraDirkson,sandee_lady,{}
SandraDirkson,KymBrown67,{}
SandraDirkson,Nokatir1,{}
SandraDirkson,visiblemagicdev,{}
KymBrown67,KulpaBart,{}
ProtestAid,Kalibaux,{}
ProtestAid,grillmaster_69,{}
ProtestAid,MultiverseRoles,{}
ProtestAid,keriliucky,{}
ProtestAid,DeadlyRoge,{}
ProtestAid,elisha1022,{}
ProtestAid,hilaryagro,{}
ProtestAid,96fps,{}
ProtestAid,ToaLucario,{}
ProtestAid,schweety__,{}
ProtestAid,NRGKE,{}
ProtestAid,DonVR19,{}
ProtestAid,zOOpygOOpert,{}
ProtestAid,unusualavacado,{}
ProtestAid,William49571767,{}
ProtestAid,SanswichNG,{}
ProtestAid,shlump3dsoul,{}
ProtestAid,LordTheodore13,{}
ProtestAid,rcrsch,{}
ProtestAid,JaxonPrice5,{}
jmhamiltonblog,henrirousseau12,{}
Astrongdream,NPSusa,{}
AmnestyDdorf,isislaz,{}
AmnestyDdorf,piquito_verde,{}
amiriHussain110,wanitabby,{}
jtrotman1,guys_im_fine,{}
angela_leitch,gwen_toa,{}
angela_leitch,snurb_dot_info,{}
angela_leitch,leesawatego,{}
FormulaLunch,EndlessTravell2,{}
Keith_Storma,xpressanny,{}
olderbrother21,SpencerKarter,{}
WomenintheLawUK,amotianenaaber,{}
WomenintheLawUK,sallypenni1,{}
houseoftrapz,cherylnsx,{}
judahoudshoorn,StaceySage,{}
judahoudshoorn,JodiKoberinski,{}
DieUrbane,NyariWilma,{}
Star_BLM,pearldaisymay20,{}
Star_BLM,Kadeena8,{}
Star_BLM,scot_tigger,{}
Star_BLM,DarkRedshift,{}
Star_BLM,TreesPayne,{}
Star_BLM,billiuk,{}
Star_BLM,MartinSheedy,{}
Star_BLM,MaryTracy,{}
Star_BLM,MelWhittaker5,{}
Star_BLM,ThosAvery,{}
Star_BLM,lizmcateer,{}
Star_BLM,kim466977jones,{}
Star_BLM,DaviesGina,{}
Star_BLM,JENGbA,{}
Star_BLM,RhodriDougHug,{}
Star_BLM,kcavindam,{}
Star_BLM,spike_humphrey,{}
Star_BLM,onyxkendyl,{}
pearldaisymay20,redsarah99,{}
scot_tigger,redsarah99,{}
TreesPayne,redsarah99,{}
MelWhittaker5,redsarah99,{}
kim466977jones,redsarah99,{}
coalisdead,Biggreeneyes11,{}
NS_Seaside,North_Nova,{}
Mindcite_US,Mindcite_US,{}
Mindcite_US,gphizzell1,{}
redsarah99,NAJ562,{}
redsarah99,redmatt14,{}
redsarah99,lalitapetila,{}
redsarah99,debbierossiter1,{}
redsarah99,Tinkerbell32112,{}
redsarah99,MeHonkerz,{}
redsarah99,shipa123,{}
redsarah99,RaySheilagh,{}
redsarah99,JohnBrannigan20,{}
redsarah99,aliciapivaro,{}
redsarah99,sueglenton,{}
redsarah99,gadjetman,{}
redsarah99,sandramorland3,{}
redsarah99,Phillip_______,{}
KnitsByRis,doris__steven,{}
KnitsByRis,styleyourfabric,{}
doris__steven,styleyourfabric,{}
Lb_Sterling,Kensinghenge,{}
Lb_Sterling,BrookeM_Feldman,{}
Lb_Sterling,addie_hopes,{}
Lb_Sterling,citrusade,{}
peterhuntcrypto,yourstarmoon_,{}
peterhuntcrypto,arieagustinus1,{}
peterhuntcrypto,wildschenle,{}
peterhuntcrypto,FTDForTheWin,{}
peterhuntcrypto,luckygirlab2303,{}
peterhuntcrypto,taejaemcitywin,{}
peterhuntcrypto,seblakcrackers,{}
peterhuntcrypto,hyyeyull,{}
peterhuntcrypto,biwologi,{}
peterhuntcrypto,Novbigwinctyx_,{}
peterhuntcrypto,Hanna15615324,{}
peterhuntcrypto,jihyoossii,{}
peterhuntcrypto,ceripom,{}
peterhuntcrypto,hongbbanjang,{}
peterhuntcrypto,bunalouve,{}
peterhuntcrypto,CLeon_Wins25,{}
peterhuntcrypto,peweyeye,{}
paddydocherty,paddydocherty,{}
paddydocherty,HowKeen,{}
paddydocherty,wa_kahugu,{}
BraveWrite,BraveWrite,{}
BraveWrite,AspenBrave,{}
BraveWrite,lstvincentj,{}
BraveWrite,NugentTafari,{}
BraveWrite,Free2bmac,{}
BraveWrite,hungryghostpoet,{}
BraveWrite,SilverJLaine,{}
BraveWrite,nreillyjohnson,{}
BraveWrite,Sachin55476477,{}
BraveWrite,NomadSoulWriter,{}
BraveWrite,KevinEmmons4,{}
BraveWrite,Poetryin13,{}
BraveWrite,kcolaizzo,{}
BraveWrite,jkaytone,{}
BraveWrite,dark_backup,{}
BraveWrite,jlints58,{}
BraveWrite,rockwallceb,{}
BraveWrite,sweetiepiesnow,{}
BraveWrite,LholtRVA,{}
BraveWrite,hubner_t,{}
BraveWrite,Eric_Hansen71,{}
BraveWrite,Acheairs,{}
BraveWrite,MackenzieLitt13,{}
BraveWrite,Write2Fite,{}
AspenBrave,Write2Fite,{}
lstvincentj,Write2Fite,{}
Free2bmac,Write2Fite,{}
NomadSoulWriter,Write2Fite,{}
BlackZorro07,_Beatrice_Busby,{}
Tomosman14,campaigner71,{}
TC_CICE,DrCamikaRoyal,{}
TC_CICE,Okaikor,{}
TC_CICE,kproctor1517,{}
TC_CICE,SydneyCoInEd,{}
KevinEmmons4,Write2Fite,{}
M_MI311,Ray007007_Ray,{}
M_MI311,merten6565,{}
M_MI311,Paru33071070,{}
M_MI311,samalsufiani,{}
M_MI311,OdzrtcySsIPXdoT,{}
M_MI311,DIEBO37RT2,{}
M_MI311,Alison1Eve,{}
M_MI311,111Ran1031,{}
M_MI311,michiGOnismo,{}
M_MI311,Otmar_Ballmann,{}
M_MI311,miyon86863450,{}
M_MI311,Nana__00717,{}
M_MI311,allonelive,{}
Write2Fite,XMCMLXXI_,{}
Write2Fite,WomanDust,{}
Write2Fite,mdbrooks41,{}
Write2Fite,Plyrique,{}
Write2Fite,WindwalkerWrite,{}
Write2Fite,elispjs10,{}
Write2Fite,GAtheNovelist,{}
Write2Fite,Kati_writes,{}
Write2Fite,AnnieCowell3,{}
Write2Fite,twictitious,{}
TiagoPe12128896,TiagoPe12128896,{}
_wbstewart,megavoive,{}
_wbstewart,GloriaWright3,{}
_wbstewart,HockeyFanGirl12,{}
SonOfSeshat,13RobJustice13,{}
OmarKM75863993,shotsbyseah,{}
OmarKM75863993,DrifterShoots,{}
schizocetacean,staticsoup,{}
schizocetacean,EVILM4CHINE,{}
schizocetacean,megafunobby,{}
schizocetacean,clerksanimated,{}
schizocetacean,prismanticore,{}
schizocetacean,schizocetacean,{}
schizocetacean,WEREFEMME,{}
schizocetacean,plasmadawn,{}
schizocetacean,imbluejaaay,{}
schizocetacean,klayfruit,{}
schizocetacean,moth_collins,{}
schizocetacean,harpycall,{}
schizocetacean,morrysillusion,{}
schizocetacean,15charlong,{}
schizocetacean,cyclopscombo,{}
schizocetacean,leiopythonidae,{}
schizocetacean,archaeocete,{}
AddisMikael,henok_tekeste,{}
rugis_ac,nispee_,{}
rugis_ac,xvlOG,{}
rugis_ac,fisharelies3,{}
rugis_ac,fisharelies2,{}
wa_kahugu,dancinginthed13,{}
wa_kahugu,georgebernhard,{}
wa_kahugu,NxVerah,{}
tericlarkVO,CloudQuinn_,{}
tericlarkVO,My_idiot_mom,{}
madmickfever,NmDominique,{}
madmickfever,TalkTroubled,{}
AreMond2,QuoShun,{}
AreMond2,redz001DC,{}
AreMond2,GryKngBlakState,{}
AreMond2,HuskerNewman,{}
AreMond2,Chris16091189,{}
AreMond2,niggling,{}
AreMond2,Anon1forAll,{}
AreMond2,JEResist,{}
AreMond2,nance_dawn,{}
AreMond2,kevinghannah,{}
AreMond2,1SparkyOne,{}
AreMond2,Steph42024515,{}
AreMond2,FrannyHP,{}
AreMond2,johnandi,{}
AreMond2,gasior_gina,{}
AreMond2,LarrySuperckook,{}
AreMond2,kiwishappy,{}
AreMond2,timwill1962,{}
AreMond2,CherylHouser8,{}
hazelbeingartsy,krewforever33,{}
UMassBoston,AyyoobKavanur,{}
UMassBoston,ArmaghPeace,{}
MedPierre,TSchmittty,{}
MedPierre,rhiles2760,{}
MadamEarth,ezzklan,{}
MadamEarth,lorraindeer,{}
MadamEarth,ozprovidence,{}
77BlueJays,77BlueJays,{}
77BlueJays,of_guner,{}
77BlueJays,dianne_nicholls,{}
77BlueJays,Michael82150005,{}
77BlueJays,GHabs9,{}
77BlueJays,PolyPoliLive,{}
77BlueJays,Patriotsamo,{}
77BlueJays,heathrodgirs,{}
77BlueJays,ErikLuczak,{}
77BlueJays,valleyscott49,{}
77BlueJays,dwdavidson841,{}
77BlueJays,margeen_willer,{}
77BlueJays,JonahJameson11,{}
77BlueJays,KenLloy85997776,{}
BARACUK,Alex_24397,{}
BARACUK,BBMBMC,{}
tylerdoty10,twilightnymphh,{}
tylerdoty10,susa_israel,{}
tylerdoty10,DandyThedandy1,{}
stevewh67,stevewh67,{}
stevewh67,ChoozLov3,{}
stevewh67,ChelOnyxia,{}
stevewh67,BlackNewsPortal,{}
BristolDefenda1,BristolAFed,{}
BristolDefenda1,JuanFranjf87,{}
BristolDefenda1,PS1NT,{}
BristolDefenda1,TuesdayLaveau,{}
BristolDefenda1,WolvoPingu,{}
BristolDefenda1,BlackLivesUK,{}
BristolDefenda1,Lauvergnac,{}
BristolDefenda1,GraemeHayes,{}
BristolDefenda1,trfpnchr,{}
BristolDefenda1,hilary_aked,{}
BristolDefenda1,ARautiainen,{}
BristolDefenda1,bristolsolfed,{}
BristolDefenda1,ABC_Wien,{}
BristolDefenda1,sinnerbeam,{}
BristolDefenda1,Peckhampulse,{}
BristolDefenda1,ittaix,{}
BristolDefenda1,Islay2015,{}
OddawaCity,OddawaCity,{}
Beth81450411,EthiopiaShall,{}
Jeff_Davis1808,ClioVis,{}
Jeff_Davis1808,chbstone2,{}
Jeff_Davis1808,TheTruthTroopie,{}
Jeff_Davis1808,farra521,{}
Jeff_Davis1808,1WesRebel,{}
Jeff_Davis1808,senator_hclay,{}
Jeff_Davis1808,al_chacho,{}
Jeff_Davis1808,Jeff_Davis1808,{}
Jeff_Davis1808,AlanSte75898462,{}
Jeff_Davis1808,ConfedQuarrels,{}
senate4cjreform,senate4cjreform,{}
KayLaySha,CoreysQueen,{}
MackPolitical,MackPolitical,{}
Eire353,Mr_ReadingTown,{}
sun_king,benfrankliv76,{}
sun_king,JeffreyMeursing,{}
sun_king,CarolynGarman5,{}
sun_king,Progress4TheWin,{}
sun_king,RogerGoossens5,{}
sun_king,frmgrl42,{}
sun_king,Gummbyman32,{}
sun_king,SueLMH17,{}
sun_king,suzyq8825,{}
sun_king,GeorgeBarilla,{}
BoycottQ2,StuartTheRed,{}
BoycottQ2,RoseWorthesee,{}
BoycottQ2,barrie_waller,{}
BoycottQ2,BillWindsor64,{}
BoycottQ2,HC15OnTour,{}
BNCNews,RadicalSocialst,{}
Dilarus,monster_bendii,{}
Dilarus,goddessofsalt,{}
Dilarus,StarDreamer021,{}
Dilarus,KantaritBb,{}
Dilarus,Lonelystarrd22,{}
Dilarus,theSEM,{}
Dilarus,dootsnek,{}
Dilarus,MageKiton,{}
Dilarus,rempitcore,{}
Dilarus,uItrainstincts,{}
Dilarus,Saura_777,{}
Dilarus,wolfzilla89,{}
Dilarus,VinceJo45528386,{}
Dilarus,FLASHSPRUCE,{}
Dilarus,Potto2292,{}
Dilarus,ElViejoPotter,{}
Dilarus,LovelyHchan_,{}
danielascholz7,sillygrandma99,{}
danielascholz7,RedPillDetox,{}
Sora_shka,FurryHelpers,{}
SarahBoyack,FjssGroup,{}
