johnpringdns,Zebra_talks,{}
johnpringdns,Russell_E__,{}
johnpringdns,MDPAccessGroup,{}
johnpringdns,ScrimshawsFire,{}
johnpringdns,acagoldsmith,{}
johnpringdns,purrrmeowpurrr,{}
johnpringdns,lo_sunflower,{}
johnpringdns,Goonobody,{}
johnpringdns,EDalmayne,{}
johnpringdns,johnpringdns,{}
johnpringdns,DMLYONDER,{}
johnpringdns,autismage,{}
johnpringdns,PeerMindset,{}
johnpringdns,neuroschemas,{}
johnpringdns,dzaierneil,{}
johnpringdns,CeeChangeAGEnt,{}
johnpringdns,TripodFor,{}
johnpringdns,YorkDisability,{}
johnpringdns,manatrue,{}
johnpringdns,JAY367,{}
johnpringdns,Jennife05291170,{}
johnpringdns,aroomofmyown1,{}
Russell_E__,autismage,{}
Russell_E__,EDalmayne,{}
purrrmeowpurrr,EDalmayne,{}
EDalmayne,TheHorrorOf97,{}
EDalmayne,maths_in_nature,{}
EDalmayne,BadassActivist,{}
EDalmayne,NyessaGaming,{}
EDalmayne,jcksn1124,{}
EDalmayne,chlobliviate,{}
EDalmayne,Annie_deBhal,{}
EDalmayne,ItBeRenee,{}
EDalmayne,ActivistHat_,{}
EDalmayne,Noodnood966,{}
EDalmayne,MelianJarvis,{}
EDalmayne,thinkingautism,{}
EDalmayne,jbg0801_2,{}
EDalmayne,RyanBCollis,{}
EDalmayne,FartBoxElevator,{}
EDalmayne,soundcube,{}
EDalmayne,gingertedwards,{}
EDalmayne,Darbales1,{}
EDalmayne,LodroRinchen,{}
EDalmayne,BakaLunaFae,{}
EDalmayne,JackParkerArts,{}
EDalmayne,poniessi,{}
EDalmayne,lurker471,{}
EDalmayne,Tenbatsu13,{}
EDalmayne,UmbrellixAD,{}
EDalmayne,niais,{}
EDalmayne,AutSciPerson,{}
EDalmayne,lizziliveslife,{}
EDalmayne,DrAmyPearson,{}
EDalmayne,HMSquared24,{}
EDalmayne,lindsaymohler,{}
EDalmayne,johngreally,{}
EDalmayne,AIMautistic,{}
EDalmayne,autismage,{}
Autist_Writer,advisoronfire,{}
Autist_Writer,maths_in_nature,{}
Autist_Writer,Pharniel,{}
Autist_Writer,kim_crawley,{}
Autist_Writer,insanityovrhaul,{}
Autist_Writer,bigrockbigriver,{}
Autist_Writer,Noodnood966,{}
Autist_Writer,ExistentialAut1,{}
Autist_Writer,social_parasite,{}
autismage,missiemill,{}
autismage,BoycottSpect10k,{}
autismage,niwrowahanol,{}
autismage,JaneCas65,{}
autismage,ElizabethWorsl1,{}
autismage,HMSquared24,{}
autismage,laj83912654,{}
autismage,TanyaAdkin,{}
autismage,Noodnood966,{}
autismage,soundcube,{}
autismage,FadeN2Yuu,{}
autismage,aimautisticusa,{}
BoycottSpect10k,social_parasite,{}
BoycottSpect10k,aucademy,{}
BoycottSpect10k,Stanggal,{}
BoycottSpect10k,transponderings,{}
BoycottSpect10k,Saraheboon,{}
BoycottSpect10k,aimautisticusa,{}
BoycottSpect10k,ExistentialAut1,{}
BoycottSpect10k,sentient_water,{}
BoycottSpect10k,AutismBookClub,{}
BoycottSpect10k,jcksn1124,{}
BoycottSpect10k,RealGreenHorse,{}
BoycottSpect10k,BickertonBryan,{}
BoycottSpect10k,Ghillie_Guide,{}
BoycottSpect10k,lizditz,{}
BoycottSpect10k,ReubenOwen_,{}
BoycottSpect10k,JoPavlopoulou,{}
BoycottSpect10k,MxOolong,{}
BoycottSpect10k,gabrielleE18,{}
BoycottSpect10k,lynn_clunie,{}
BoycottSpect10k,Neurodive1,{}
BoycottSpect10k,alannasaudade,{}
BoycottSpect10k,FirehorseP,{}
BoycottSpect10k,_allisulli,{}
BoycottSpect10k,lindsaymohler,{}
BoycottSpect10k,OT_Expert,{}
BoycottSpect10k,AIMautistic,{}
BoycottSpect10k,ndZombieoid,{}
BoycottSpect10k,alyzande,{}
BoycottSpect10k,StasaMA,{}
FadeN2Yuu,Noodnood966,{}
FadeN2Yuu,TheEndSarsBot,{}
FadeN2Yuu,Gnrl_Strike_Bot,{}
FadeN2Yuu,social_parasite,{}
FadeN2Yuu,LercyMoth,{}
FadeN2Yuu,AIMautistic,{}
FadeN2Yuu,Saraheboon,{}
FadeN2Yuu,aucademy,{}
FadeN2Yuu,transponderings,{}
FadeN2Yuu,ExistentialAut1,{}
FadeN2Yuu,Spells_Against,{}
FadeN2Yuu,natchan1,{}
FadeN2Yuu,RyanHendry94,{}
FadeN2Yuu,StasaMA,{}
FadeN2Yuu,AutSciPerson,{}
Noodnood966,social_parasite,{}
Noodnood966,LercyMoth,{}
Noodnood966,Saraheboon,{}
Noodnood966,A4AOntario,{}
Noodnood966,FunFactsLulu,{}
Noodnood966,avalonbalcony,{}
Noodnood966,Stanggal,{}
Noodnood966,EmoEnbyBoy,{}
Noodnood966,transponderings,{}
Noodnood966,Spells_Against,{}
Noodnood966,ExistentialAut1,{}
Noodnood966,ndZombieoid,{}
soundcube,essie_is_okay,{}
soundcube,transponderings,{}
soundcube,Saraheboon,{}
stuffysour,ekverstania,{}
ekverstania,Saraheboon,{}
ekverstania,MelianJarvis,{}
ekverstania,ekverstania,{}
ekverstania,Angibail,{}
social_parasite,rarephantom9,{}
social_parasite,NeuroRebel,{}
social_parasite,BrennaLentner,{}
social_parasite,benjimancoops,{}
social_parasite,tired_asd,{}
social_parasite,autismsupsoc,{}
social_parasite,tonybonneyba1,{}
social_parasite,ActivistHat_,{}
social_parasite,FightAbleism,{}
social_parasite,Saraheboon,{}
social_parasite,A4AOntario,{}
social_parasite,AutismAdvoCat,{}
social_parasite,aimautisticusa,{}
social_parasite,CounsellorNLond,{}
social_parasite,BaroqueChic,{}
social_parasite,ShyPhilosopher,{}
social_parasite,edgar_a_bitch,{}
social_parasite,lindsaymohler,{}
social_parasite,aucademy,{}
social_parasite,sentient_water,{}
social_parasite,HiggsMandy,{}
social_parasite,TanyaAdkin,{}
social_parasite,Stigmaphrenia_1,{}
social_parasite,notatallprfct,{}
social_parasite,ThatBlokePotter,{}
social_parasite,notthatamanda,{}
social_parasite,johnproctoruk,{}
social_parasite,robbersinsummer,{}
social_parasite,meissieri,{}
social_parasite,avalonbalcony,{}
social_parasite,Cybrarian64,{}
social_parasite,CC_at_YCTAC,{}
social_parasite,Stanggal,{}
social_parasite,leenings_,{}
social_parasite,severn_studios,{}
social_parasite,amathist1998,{}
social_parasite,andi_elsa769,{}
social_parasite,TheRedJinty,{}
social_parasite,LauraOnDuty,{}
social_parasite,autistictic,{}
social_parasite,BakaLunaFae,{}
social_parasite,ImranRa40449907,{}
social_parasite,jessxroug,{}
social_parasite,SandraDunn1955,{}
social_parasite,DifferentlySim1,{}
social_parasite,plscallmeky,{}
social_parasite,CalSocialHermit,{}
social_parasite,shiftlessssheep,{}
social_parasite,SakuraM0chii,{}
social_parasite,GoodInSmllDoses,{}
social_parasite,Tenbatsu13,{}
social_parasite,kim_crawley,{}
social_parasite,isntJen,{}
social_parasite,FatAutiAuntie,{}
social_parasite,autisticdaydre1,{}
social_parasite,headgobrr,{}
social_parasite,puppy_rebel,{}
social_parasite,ExistentialAut1,{}
social_parasite,EnglishNRomania,{}
social_parasite,_larzipan_,{}
social_parasite,NoPuzzl98,{}
social_parasite,StasaMA,{}
social_parasite,woolly_rob,{}
social_parasite,raelee514,{}
social_parasite,Spells_Against,{}
social_parasite,elemental1025,{}
social_parasite,KieranRose7,{}
social_parasite,MyMindGetsLost,{}
social_parasite,Angibail,{}
social_parasite,HRadders,{}
social_parasite,PriscillaEyles,{}
social_parasite,CGSahawneh,{}
social_parasite,JodieSmitten,{}
social_parasite,amorris72103013,{}
social_parasite,NorthernAutie,{}
social_parasite,fishfoot,{}
social_parasite,LDwandaWilson,{}
social_parasite,OutcastNine,{}
social_parasite,FireMagePhoenix,{}
social_parasite,AutSciPerson,{}
social_parasite,natchan1,{}
social_parasite,catethetwaate,{}
social_parasite,Nagikocona,{}
social_parasite,gabrielleE18,{}
social_parasite,kiwi_seed00,{}
social_parasite,joml76,{}
social_parasite,ViewLumia,{}
social_parasite,El_Bx,{}
social_parasite,AutismBookClub,{}
social_parasite,_HELO100,{}
social_parasite,amberlane100,{}
social_parasite,LincolnTapper,{}
social_parasite,SodaPopBarbecue,{}
social_parasite,EmoEnbyBoy,{}
social_parasite,Mammaglamma1,{}
social_parasite,bigrockbigriver,{}
rarephantom9,LercyMoth,{}
NeuroRebel,LercyMoth,{}
NeuroRebel,Saraheboon,{}
BrennaLentner,ExistentialAut1,{}
autismsupsoc,AIMautistic,{}
autismsupsoc,Saraheboon,{}
ActivistHat_,LercyMoth,{}
ActivistHat_,aucademy,{}
ActivistHat_,Stanggal,{}
ActivistHat_,transponderings,{}
ActivistHat_,Spells_Against,{}
FightAbleism,Peonyttylxox,{}
FightAbleism,AutismAdvoCat,{}
FightAbleism,riverwork,{}
FightAbleism,SugarCunt,{}
FightAbleism,FinalFenris,{}
FightAbleism,ProtogenJester,{}
FightAbleism,Zulnahdwiin,{}
FightAbleism,FightAbleism,{}
LercyMoth,billie_flower,{}
LercyMoth,MaddDawgDailey,{}
LercyMoth,MegsDreamDesign,{}
LercyMoth,FartBoxElevator,{}
LercyMoth,h_dgz,{}
LercyMoth,CC_at_YCTAC,{}
LercyMoth,Babe_of_Swolls,{}
LercyMoth,FalSkyWolf,{}
LercyMoth,EChickentender,{}
LercyMoth,kmdvl06,{}
LercyMoth,DarkKunoichi92,{}
LercyMoth,AIMautistic,{}
LercyMoth,Saraheboon,{}
LercyMoth,EmoEnbyBoy,{}
LercyMoth,ExistentialAut1,{}
FartBoxElevator,Saraheboon,{}
FartBoxElevator,FunFactsLulu,{}
h_dgz,FunFactsLulu,{}
EChickentender,ExistentialAut1,{}
maths_in_nature,Saraheboon,{}
BadassActivist,aucademy,{}
BadassActivist,Saraheboon,{}
BadassActivist,ExistentialAut1,{}
BadassActivist,alyzande,{}
AIMautistic,Lau_Cob_,{}
AIMautistic,BaroqueChic,{}
AIMautistic,samdownie,{}
AIMautistic,GSouverein,{}
AIMautistic,puppy_rebel,{}
AIMautistic,El_Bx,{}
AIMautistic,OT_Expert,{}
AIMautistic,AgainstCures,{}
AIMautistic,tori_spratt,{}
AIMautistic,CambridgeIndy,{}
AIMautistic,Shona_Mu,{}
AIMautistic,Stigmaphrenia_1,{}
AIMautistic,NovaBrunswick,{}
AIMautistic,MxStarrHudd,{}
AIMautistic,BakaLunaFae,{}
AIMautistic,RandamuMaki,{}
AIMautistic,Whovian242,{}
AIMautistic,jjarichardson,{}
AIMautistic,PriscillaEyles,{}
AIMautistic,AIMautistic,{}
AIMautistic,severn_studios,{}
AIMautistic,no_tuitearas,{}
AIMautistic,lindsaymohler,{}
AIMautistic,andi_elsa769,{}
AIMautistic,TheRedJinty,{}
AIMautistic,foodofseals,{}
AIMautistic,autistictic,{}
AIMautistic,lizziliveslife,{}
AIMautistic,aimautisticusa,{}
AIMautistic,HRadders,{}
AIMautistic,WorldWatchers97,{}
AIMautistic,transponderings,{}
AIMautistic,Stanggal,{}
Lau_Cob_,aimautisticusa,{}
BaroqueChic,aimautisticusa,{}
BaroqueChic,avalonbalcony,{}
BaroqueChic,Stanggal,{}
BaroqueChic,ExistentialAut1,{}
BaroqueChic,Saraheboon,{}
BaroqueChic,ndZombieoid,{}
OT_Expert,charliclement_,{}
AgainstCures,CraftyGingerJo,{}
AgainstCures,lindsaymohler,{}
AgainstCures,NoPuzzl98,{}
AgainstCures,AgainstCures,{}
AgainstCures,aimautisticusa,{}
AgainstCures,__jord___,{}
AgainstCures,kim_crawley,{}
AgainstCures,ExistentialAut1,{}
AgainstCures,RyanHendry94,{}
Stigmaphrenia_1,Saraheboon,{}
NovaBrunswick,aimautisticusa,{}
BakaLunaFae,aimautisticusa,{}
BakaLunaFae,Stanggal,{}
BakaLunaFae,EmoEnbyBoy,{}
RandamuMaki,Saraheboon,{}
RandamuMaki,aimautisticusa,{}
RandamuMaki,transponderings,{}
Whovian242,aimautisticusa,{}
Whovian242,Stanggal,{}
Whovian242,EmoEnbyBoy,{}
Whovian242,Saraheboon,{}
Whovian242,transponderings,{}
Saraheboon,JosieDraus,{}
Saraheboon,aimautisticusa,{}
Saraheboon,lindsaymohler,{}
Saraheboon,PaleoCameron,{}
Saraheboon,kim_crawley,{}
Saraheboon,ExistentialAut1,{}
Saraheboon,azurpineapples,{}
Saraheboon,whimsiclaw,{}
Saraheboon,spoopyscalene,{}
Saraheboon,diondidurmom,{}
Saraheboon,Finkriel,{}
Saraheboon,LaurenCharters3,{}
Saraheboon,flying_unicorm8,{}
Saraheboon,NiamhIdealai,{}
Saraheboon,Oddsboodkins,{}
Saraheboon,AutistaCearense,{}
Saraheboon,Jesin00,{}
Saraheboon,sias_gem,{}
Saraheboon,malibousprite,{}
Saraheboon,Jovviial,{}
Saraheboon,BallotStrange,{}
Saraheboon,Layilith,{}
Saraheboon,EmmaBushJKM3,{}
Saraheboon,MorganaPertile,{}
Saraheboon,DeanEva32514352,{}
Saraheboon,HMSquared24,{}
Saraheboon,AutisticAnCom,{}
Saraheboon,pixi_adkpixie,{}
Saraheboon,eponinetaire,{}
Saraheboon,criptheirvote,{}
Saraheboon,offcampusCal,{}
Saraheboon,amathist1998,{}
Saraheboon,futrettamer,{}
Saraheboon,IMissCarrie,{}
Saraheboon,MxieSystem,{}
Saraheboon,beanbeantweets,{}
Saraheboon,edgar_a_bitch,{}
Saraheboon,isntJen,{}
Saraheboon,SquizzRadical,{}
Saraheboon,AutismBookClub,{}
Saraheboon,TanyaAdkin,{}
Saraheboon,LauraOnDuty,{}
Saraheboon,drorydress,{}
Saraheboon,AlanGuest10,{}
Saraheboon,lizziliveslife,{}
Saraheboon,SearlsDiane,{}
Saraheboon,3uddy_Winters,{}
Saraheboon,SovereignBain,{}
Saraheboon,CapionMichel,{}
Saraheboon,EADalton02,{}
Saraheboon,holitically,{}
Saraheboon,LornaOB,{}
Saraheboon,NetBrainRot,{}
Saraheboon,Tenbatsu13,{}
Saraheboon,AutisticCallum_,{}
Saraheboon,aucademy,{}
Saraheboon,VryKranky,{}
Saraheboon,PriscillaEyles,{}
Saraheboon,namasteadvice,{}
Saraheboon,MrsArcticride,{}
Saraheboon,LauraKerbey,{}
Saraheboon,fluxcapdoodah,{}
Saraheboon,moonmagicmania,{}
Saraheboon,AceofDragons1,{}
Saraheboon,ebbywaffle,{}
Saraheboon,SENDinfoBucks,{}
Saraheboon,maidinoden,{}
Saraheboon,onomatopotarto,{}
Saraheboon,saharaeugenie,{}
Saraheboon,jburkespraker,{}
Saraheboon,MaxieMoosie,{}
Saraheboon,SuzanneW_1,{}
Saraheboon,commaficionado,{}
Saraheboon,Angibail,{}
Saraheboon,tekgy,{}
Saraheboon,JackParkerArts,{}
Saraheboon,NoMoreToLose1,{}
Saraheboon,Doug5Ty,{}
Saraheboon,MastaOfMp3s,{}
Saraheboon,murtle_turtlebn,{}
Saraheboon,thecatsartist,{}
Saraheboon,CGSahawneh,{}
aimautisticusa,aucademy,{}
aimautisticusa,MyMindGetsLost,{}
aimautisticusa,Angibail,{}
aimautisticusa,Alicekat666,{}
aimautisticusa,laurocerasus__,{}
aimautisticusa,CheMusEducator,{}
aimautisticusa,HRadders,{}
aimautisticusa,ZoeMontgomery66,{}
aimautisticusa,lindsaymohler,{}
aimautisticusa,Frosch_Hexe,{}
aimautisticusa,InfluenceNot,{}
aimautisticusa,Tenbatsu13,{}
aimautisticusa,Iya_Ilene,{}
aimautisticusa,MoonettaBaker,{}
aimautisticusa,enchanting_kcup,{}
aimautisticusa,Sonicfan0012,{}
aimautisticusa,EmoEnbyBoy,{}
aimautisticusa,transponderings,{}
aimautisticusa,kim_crawley,{}
aimautisticusa,PuddingsMam,{}
aimautisticusa,AutismBookClub,{}
aimautisticusa,SENDinfoBucks,{}
aimautisticusa,Nagikocona,{}
aimautisticusa,sentient_water,{}
aimautisticusa,ExistentialAut1,{}
aimautisticusa,Stanggal,{}
aimautisticusa,StasaMA,{}
lindsaymohler,transponderings,{}
lindsaymohler,aucademy,{}
lindsaymohler,charliclement_,{}
lindsaymohler,douglasbass,{}
kim_crawley,A4AOntario,{}
kim_crawley,FunFactsLulu,{}
kim_crawley,RyanHendry94,{}
kim_crawley,alyzande,{}
ExistentialAut1,avalonbalcony,{}
ExistentialAut1,WildSive,{}
ExistentialAut1,sentient_water,{}
ExistentialAut1,autistic_rights,{}
ExistentialAut1,douglasbass,{}
ExistentialAut1,EADalton02,{}
ExistentialAut1,annemariepoet,{}
ExistentialAut1,TheRealGrumpDad,{}
ExistentialAut1,lizziliveslife,{}
ExistentialAut1,Spells_Against,{}
ExistentialAut1,Cybrarian64,{}
ExistentialAut1,lynn_clunie,{}
ExistentialAut1,autisticdaydre1,{}
ExistentialAut1,AlanGuest10,{}
ExistentialAut1,automatonomega,{}
essie_is_okay,archf3y,{}
essie_is_okay,Dee68310692,{}
essie_is_okay,Somethingunder2,{}
essie_is_okay,AutSciPerson,{}
Dee68310692,transponderings,{}
AutSciPerson,AutisticGOAT4,{}
AutSciPerson,Devicentio,{}
AutSciPerson,psionique,{}
AutSciPerson,alaz_ada,{}
AutSciPerson,ThornIrisRibbon,{}
AutSciPerson,Rayne0fTerror,{}
AutSciPerson,Kolyattaboi,{}
AutSciPerson,HopeMarieBonnen,{}
AutSciPerson,kerrysmiles,{}
AutSciPerson,Foxinkling,{}
AutSciPerson,augustusmax,{}
AutSciPerson,tonkllr,{}
AutSciPerson,mommy97giraffe,{}
AutSciPerson,FrancoisOuell15,{}
AutSciPerson,ImZygote,{}
lizziliveslife,Stanggal,{}
lizziliveslife,transponderings,{}
lizziliveslife,alyzande,{}
amathist1998,Stanggal,{}
isntJen,EmoEnbyBoy,{}
transponderings,MyMindGetsLost,{}
transponderings,cryptic_luna,{}
transponderings,RealGreenHorse,{}
transponderings,TanyaAdkin,{}
transponderings,AutismAdvoCat,{}
transponderings,sentient_water,{}
transponderings,NoPuzzl98,{}
transponderings,Spells_Against,{}
transponderings,alyzande,{}
SquizzRadical,EmoEnbyBoy,{}
AutismBookClub,FunFactsLulu,{}
AlanGuest10,Stanggal,{}
KammilleRiz,hiidenhirvi,{}
A4AOntario,CorinaBecker,{}
A4AOntario,Angibail,{}
A4AOntario,RyanHendry94,{}
ItsEmilyKaty,disorderedmindd,{}
ItsEmilyKaty,watermis_,{}
ItsEmilyKaty,RibRab7,{}
ItsEmilyKaty,yunhee1993,{}
ItsEmilyKaty,ItchyHumanSuit,{}
ItsEmilyKaty,AutisticSelves,{}
ItsEmilyKaty,stayforasunset,{}
ItsEmilyKaty,abigailnorton,{}
ItsEmilyKaty,stephanyjasso,{}
ItsEmilyKaty,liam_tweeter,{}
ItsEmilyKaty,lexi_corona,{}
ItsEmilyKaty,meow_burger_,{}
ItsEmilyKaty,kittyxiu,{}
ItsEmilyKaty,eelysiannn_,{}
ItsEmilyKaty,mxxnchild_x,{}
ItsEmilyKaty,LopezAtala,{}
ItsEmilyKaty,sillybillychloe,{}
FunFactsLulu,GryphenCourage,{}
AutismAdvoCat,aucademy,{}
CounsellorNLond,aucademy,{}
CounsellorNLond,StasaMA,{}
aucademy,NoPuzzl98,{}
aucademy,olireiv,{}
aucademy,HRadders,{}
olireiv,AutZebra,{}
Fiona_Clarke_,ARGHighland,{}
Fiona_Clarke_,laj83912654,{}
avalonbalcony,astronautabed,{}
avalonbalcony,leenings_,{}
avalonbalcony,demonique_drag,{}
avalonbalcony,CandiceDionysus,{}
avalonbalcony,BabySham14,{}
avalonbalcony,Spells_Against,{}
avalonbalcony,BC115003,{}
avalonbalcony,SearlsDiane,{}
Spells_Against,Elf_Commie,{}
Spells_Against,notjust_,{}
Spells_Against,autisticdaydre1,{}
Stanggal,TruthAutistic,{}
EmoEnbyBoy,sanityfiltered,{}
autisticdaydre1,StasaMA,{}
StasaMA,DrEmmaLBrown,{}
MxOolong,RyanHendry94,{}
natchan1,youhveverything,{}
RyanHendry94,CJohnstonNI,{}
ndZombieoid,Ondarian_ASMR,{}
ndZombieoid,PernilleFraser,{}
The_Poet_Anne,MaggieSlighte,{}
EveBanshee,bajablasted69,{}
