ICC,MachiKarthik,{}
ICC,surya11145,{}
ICC,dongowthi0,{}
ICC,Spidey_Jana,{}
ICC,MogantiNageswa3,{}
ICC,MdyasinSheikh16,{}
ICC,RohitKu38034719,{}
ICC,Shubham70713971,{}
ICC,JohnEdw47296675,{}
ICC,its_ham_xa,{}
ICC,mohammed98riyas,{}
ICC,poova_Offi,{}
ICC,RanaTalhaKhan17,{}
ICC,all_prabhas,{}
ICC,i_mzohaibz,{}
ICC,_mr_prabhu_ODI_,{}
ICC,PashtonYousafza,{}
ICC,SubrahmanyamY11,{}
ICC,Muhamma41877063,{}
ICC,Mkhaliltweeting,{}
ICC,Indian_manda,{}
ICC,SivasaiRajapu,{}
ICC,SagarNaniJSPK,{}
ICC,BharathNettem,{}
ICC,chetangawan0001,{}
ICC,criccrazy_MOHiT,{}
ICC,iamnaveen05,{}
ICC,karthic18722690,{}
ICC,UppalaRishi,{}
ICC,RahulSh71492231,{}
ICC,no_yes_i,{}
ICC,Manpreetss98,{}
ICC,Vampire76656156,{}
ICC,devuni2302,{}
ICC,srinusm36748766,{}
ICC,Mohan38008211,{}
ICC,Vimal_018,{}
ICC,Shounak_WA,{}
ICC,GantayatPrangya,{}
ICC,RcRaghava777,{}
ICC,Vjslv2,{}
ICC,Sathish11167922,{}
ICC,Iam_Praveen1995,{}
ICC,PrakaPrakash9,{}
ICC,FOREVER_VK_FAN,{}
ICC,roysunnykumar5,{}
ICC,Karthik58347795,{}
ICC,DavidLi01797820,{}
ICC,GanesanUttej,{}
ICC,Jomani96368458,{}
ICC,arbusheik,{}
ICC,dspreddy12345,{}
ICC,varun24221,{}
ICC,Ajaykumarmitra2,{}
ICC,bubblyb20466145,{}
ICC,senakaweeraman,{}
ICC,chintakaprazad,{}
ICC,Sandun_R,{}
ICC,RuckyR,{}
ICC,Nadeez__,{}
ICC,ranukad,{}
ICC,hashhotrebz,{}
ICC,AzharUd15300902,{}
ICC,Saurabhneha07,{}
ICC,vidulaj,{}
ICC,Bee_Hi123,{}
ICC,SarathB58952958,{}
ICC,RajankmSingh1,{}
ICC,gdhanushkraja,{}
ICC,ksbraveenan,{}
ICC,JanjuaKhurram19,{}
ICC,faheem_official,{}
ICC,Sujan88358392,{}
ICC,IftiyarMohd,{}
ICC,NadhirShaik1,{}
ICC,ThePreityEffect,{}
ICC,Dharan75523617,{}
ICC,Zayn261,{}
ICC,123Ramvilas,{}
ICC,UPCOPANUJ,{}
ICC,URiazfanpage,{}
ICC,Jeetgurjar000,{}
ICC,GhoshlyaLal,{}
ICC,Rajastr737,{}
ICC,Itz_ishanvj,{}
ICC,Naniprincefoll3,{}
ICC,tweet4oliver,{}
ICC,Vignesh48230306,{}
ICC,AbuAlan00,{}
ICC,Jayasimhatweetz,{}
ICC,sashi_sebastian,{}
ICC,Rajesh71267768,{}
ICC,DChakaravathi,{}
ICC,ItsKailashRao,{}
ICC,UrstrulyVinod0,{}
ICC,ede_ganesh,{}
ICC,KeeGo775,{}
ICC,BhanuThakur04,{}
ICC,DKgaaru,{}
ICC,HiHyderabad,{}
ICC,mumaralid,{}
ICC,RaxRaksh,{}
ICC,mairee4252,{}
ICC,SriniSrins,{}
ICC,Vin_Phenomenal,{}
ICC,GagandeepM5,{}
ICC,k82838978,{}
ICC,MR360AA,{}
ICC,VinayKu53149492,{}
ICC,Manooobilla,{}
ICC,nivaschem04,{}
ICC,Mohmmad42376449,{}
ICC,Kirankp73871130,{}
ICC,sambu100,{}
ICC,kannan76723092,{}
ICC,Sivy62,{}
ICC,ALakhnour,{}
ICC,Gopi238243385,{}
ICC,YoYoHon45193940,{}
ICC,AdityaC76268337,{}
ICC,nicename_G,{}
ICC,CHANDRA37132330,{}
ICC,VIJAYVK29933960,{}
ICC,TheWarrior0911,{}
ICC,ChotuPandro,{}
ICC,RamaVelivel,{}
ICC,thebestadi,{}
ICC,ThugLaip,{}
ICC,rockybih9876543,{}
ICC,kollabhargav1,{}
ICC,SATHISHZICKY,{}
ICC,rajkish24624662,{}
ICC,SalmanUrstruly,{}
ICC,61MTaylor,{}
ICC,wondertips777,{}
ICC,limbaniabhishek,{}
ICC,smilezboon,{}
ICC,king1to9,{}
ICC,Muhafiz___,{}
ICC,Rashikh88562709,{}
ICC,queenaqsa1000,{}
ICC,talluri_sony,{}
ICC,cholatey,{}
ICC,uziafridi,{}
ICC,Mahenda29557578,{}
ICC,TAHAWAQARYT,{}
ICC,ShahidA58415662,{}
ICC,ThidasWickrama3,{}
ICC,ShahadatSimul,{}
ICC,Iambabar772,{}
ICC,M_Saeed_Javed,{}
ICC,Veer12317,{}
ICC,NaveedN17015530,{}
ICC,nisargabol1,{}
ICC,jasif108,{}
ICC,SalehAslam8,{}
ICC,jassureddy709,{}
ICC,rajputtaha07,{}
ICC,RajSank42533088,{}
ICC,HazaroBharo2712,{}
ICC,anfal_Sk,{}
ICC,BilalAshraf11,{}
ICC,afridi3285,{}
ICC,gulfkookie,{}
ICC,Geeta75428116,{}
ICC,SunnySheikh43,{}
ICC,jhoke63641552,{}
ICC,Amnaa_786,{}
ICC,ZanibNoor11,{}
ICC,AdilSai34628710,{}
ICC,Tfortalhahahaha,{}
ICC,Muzamil101010,{}
ICC,AsadUll12223771,{}
ICC,HaniaAbbasi3,{}
ICC,JISHANUST2,{}
ICC,Mirzayy_Laraib,{}
ICC,azaankhalid_,{}
ICC,AqeelAfridiALM1,{}
ICC,aslamkakar111,{}
ICC,ynaqui,{}
ICC,abd_mustafai,{}
ICC,AhmedMuqaddem,{}
ICC,FarazMa42802404,{}
ICC,HarveyElliot13,{}
ICC,ChDanis56359550,{}
ICC,AleenaASHRAF11,{}
ICC,HB_Gfx1,{}
ICC,NafeesH57922771,{}
ICC,Imran9Afridi,{}
ICC,HaniTwister911,{}
ICC,MianNabeelRYK,{}
ICC,MeoShahzain,{}
ICC,farhad619ali,{}
ICC,OmarHanif19,{}
ICC,RehnumaSamaji,{}
ICC,AftkharRandhawa,{}
ICC,_ahsanammar,{}
ICC,SADIK10JAMAN,{}
ICC,ShayaanRasul,{}
ICC,Izharsher22,{}
ICC,Shoaib2712,{}
ICC,MohitKu63793373,{}
ICC,jjwogies__,{}
ICC,ZiabaigB,{}
ICC,CricketPak549,{}
ICC,AyeshaR01977737,{}
ICC,KumarPandiya2,{}
ICC,NirajSinghChou6,{}
ICC,MohdSam53935441,{}
ICC,AlamirNuzrat007,{}
ICC,LeoRanaAli,{}
ICC,DharmPa30140677,{}
ICC,mri1977,{}
ICC,ArunanKeerthy,{}
ICC,moumankhanawan,{}
ICC,RHTviews,{}
ICC,KhanKralice,{}
ICC,RakeshEmpire,{}
ICC,hunnykhan94,{}
ICC,blahbleh_,{}
ICC,Abida79263837,{}
ICC,MarasiniKulraj,{}
ICC,fahadsafiullah,{}
ICC,SayanHa59329161,{}
ICC,HAMMADI47717806,{}
ICC,Jibran_Saying,{}
ICC,YaziMughal3,{}
ICC,Theniprakashhh,{}
ICC,MJARAEEN,{}
ICC,ali563042,{}
ICC,whosushere,{}
ICC,khurramali212,{}
ICC,itx_iffi,{}
ICC,janali75832736,{}
ICC,aly417ch,{}
ICC,SananRustam,{}
ICC,usamaminhas364,{}
ICC,fayyaz_fayaz,{}
ICC,_pakistani786,{}
ICC,Securitybreak3r,{}
ICC,UmairZaman10,{}
ICC,Zulfiqa22254450,{}
ICC,zubairgujjar,{}
ICC,SOHAILA53205078,{}
ICC,CedricSatya,{}
ICC,AhsanAbbas74,{}
ICC,Asif0246,{}
ICC,BABAR_RMB,{}
ICC,iamin2021,{}
ICC,Hasnath12,{}
ICC,MMudassirHayat1,{}
ICC,TariqJu79385727,{}
ICC,Jawad_Ali_12,{}
ICC,IamMohsin10,{}
ICC,Fahadisconfused,{}
ICC,CliveyScoundrel,{}
ICC,Hani______i,{}
ICC,SardarGhulamM15,{}
ICC,MAdnan37199738,{}
ICC,ismailiki,{}
ICC,babaizbaba381,{}
ICC,tabindarafey,{}
ICC,SMasina88,{}
ICC,REHANRAZAQADRI,{}
ICC,Nimra77773185,{}
ICC,Oyemani10,{}
ICC,HussainSadaqat,{}
ICC,Raza767985131,{}
ICC,marriumkhan20,{}
ICC,MuhammadKhanUn2,{}
ICC,Patilsu91147983,{}
ICC,mdshies_004,{}
ICC,chwasimasghar,{}
ICC,naturalcloth1,{}
ICC,wizz372,{}
ICC,NaseebAliRaja1,{}
ICC,im_realAnila,{}
ICC,MariyaZafar1960,{}
ICC,Painingveins,{}
ICC,MWajahatKhan1,{}
ICC,AeeshaAltaf,{}
ICC,khamis7774,{}
ICC,HridoyK62054234,{}
ICC,tahircdo,{}
ICC,Farma44n,{}
ICC,aleerehmani01,{}
ICC,zaeemkhan15,{}
ICC,ZamanRanagop,{}
ICC,Aaqil00786,{}
ICC,muzammal300,{}
ICC,saahilansari,{}
ICC,sohailamjadpk,{}
ICC,Adeelch09,{}
ICC,RajpuZada,{}
ICC,indCinetrack,{}
ICC,misss_tina21,{}
ICC,MaheshsinghUch3,{}
ICC,SMARTNOMAN1,{}
ICC,RohitSi17437487,{}
ICC,khankha09631139,{}
ICC,RanaShafiq8827,{}
ICC,Walikhanmengal,{}
ICC,ShJaslam3,{}
ICC,AsimSheikh11,{}
ICC,ChaudhryKhurr13,{}
ICC,Arbab39,{}
ICC,VishalokT,{}
ICC,AshrafQ3155,{}
ICC,fatimaygx,{}
ICC,Vicky22042001,{}
ICC,suliman95132132,{}
ICC,MuhammadaKhan,{}
ICC,Nomi_imrankhan,{}
ICC,mahmed_ihsan,{}
ICC,ftnnzrherma,{}
ICC,ArsalanH_Khan,{}
ICC,HafizHamidRaz,{}
ICC,aua705,{}
ICC,AnwarYousufzai5,{}
ICC,Hamdhyaat,{}
ICC,Wahab38374589,{}
ICC,ImtiazMemonPak,{}
ICC,thesyedfarhat,{}
ICC,Shavaizon60fps,{}
ICC,SufiYearnings,{}
ICC,JamiNouman,{}
ICC,ITSALIBUTT,{}
ICC,nomanra32728950,{}
ICC,NiteShRajwade19,{}
ICC,SlickHammyJR,{}
ICC,ChaudhryPti,{}
ICC,Akshayj956,{}
ICC,AnilGur42855087,{}
ICC,Dineshmalakpury,{}
ICC,samratd978,{}
ICC,shakeelkatal,{}
ICC,Anonymo37612041,{}
ICC,radhika500,{}
ICC,Ayesha_Alifa,{}
ICC,IamNavedN,{}
ICC,LlpshaquibI,{}
ICC,SaiKuma33612274,{}
ICC,sanapagari,{}
ICC,DrxHamzakhan,{}
ICC,SMukhkherjee,{}
ICC,_YashVii_,{}
ICC,iamJaiAjith10,{}
ICC,Cricket89804700,{}
ICC,VML2021,{}
ICC,Pratheep_VJ,{}
ICC,iampk0000,{}
ICC,SailathaDarur,{}
ICC,_iamdheeraj,{}
ICC,IrsaKiran2,{}
ICC,janineeeee_moon,{}
ICC,Ashutos92616444,{}
ICC,JunedJack2,{}
ICC,SiwaJilakara,{}
ICC,SheikAb85935089,{}
ICC,urs_ethically,{}
ICC,TheSwarnKumar1,{}
ICC,sami_kachila,{}
ICC,Mohankrishna_19,{}
ICC,puttu481,{}
ICC,Deepu_2304,{}
ICC,AsifSal56265541,{}
ICC,NaeemBaig01,{}
ICC,JasimNazar,{}
ICC,logantayl0r,{}
ICC,Uzma1rehman,{}
ICC,MBosunyia,{}
ICC,Raja_Chaukas,{}
ICC,matthewmcmahon6,{}
ICC,RoshithaVidura1,{}
ICC,Ataulla29502264,{}
ICC,numanalikhan14,{}
ICC,chuhdryubaid,{}
ICC,Govt_SCH00L,{}
ICC,prasadbhagat007,{}
ICC,RaheelMinhas11,{}
ICC,fabiha_jaffri,{}
ICC,MujtabaGillani8,{}
ICC,RRamana10858956,{}
ICC,AbdurRa77025683,{}
ICC,NPrasath0910,{}
ICC,AmiHolamRohan,{}
ICC,NisarUl5599930,{}
ICC,BRlANRAY,{}
ICC,jeeva131199,{}
ICC,MukherjeeWritam,{}
ICC,Ajay31024791,{}
ICC,ChouDharyWaQas8,{}
ICC,suryaprabha816,{}
ICC,_prithive_06,{}
ICC,Hina70081425,{}
ICC,scalpelinhand,{}
surya11145,ESPNcricinfo,{}
surya11145,T20WorldCup,{}
surya11145,OfficialSLC,{}
surya11145,englandcricket,{}
Spidey_Jana,BCCI,{}
Spidey_Jana,RCBTweets,{}
Spidey_Jana,Sportskeeda,{}
Spidey_Jana,WisdenIndia,{}
Spidey_Jana,cricbuzz,{}
Spidey_Jana,toisports,{}
Spidey_Jana,KLRahulTrends_,{}
Spidey_Jana,KKRiders,{}
Spidey_Jana,StarSportsIndia,{}
Spidey_Jana,mipaltan,{}
Spidey_Jana,CricSubhayan,{}
Spidey_Jana,SunRisers,{}
Spidey_Jana,PunjabKingsIPL,{}
MogantiNageswa3,BCCI,{}
RohitKu38034719,BCCI,{}
RohitKu38034719,WasimJaffer14,{}
all_prabhas,BCCI,{}
i_mzohaibz,T20WorldCup,{}
i_mzohaibz,ArfaSays_,{}
_mr_prabhu_ODI_,BCCI,{}
_mr_prabhu_ODI_,T20WorldCup,{}
SubrahmanyamY11,sachin_rt,{}
SubrahmanyamY11,ESPNcricinfo,{}
SubrahmanyamY11,RCBTweets,{}
SubrahmanyamY11,WasimJaffer14,{}
Mkhaliltweeting,SajSadiqCricket,{}
karthic18722690,T20WorldCup,{}
karthic18722690,RCBTweets,{}
karthic18722690,VVSLaxman281,{}
karthic18722690,OfficialCSA,{}
karthic18722690,ESPNcricinfo,{}
karthic18722690,TheBarmyArmy,{}
karthic18722690,BLACKCAPS,{}
karthic18722690,KKRiders,{}
karthic18722690,s_badrinath,{}
RahulSh71492231,RVCJ_FB,{}
RahulSh71492231,T20WorldCup,{}
Mohan38008211,KLRislove,{}
Mohan38008211,RCBTweets,{}
Mohan38008211,PunjabKingsIPL,{}
Mohan38008211,ESPNcricinfo,{}
Mohan38008211,Sportskeeda,{}
Mohan38008211,WisdenIndia,{}
Mohan38008211,cricbuzz,{}
Mohan38008211,toisports,{}
Mohan38008211,DelhiCapitals,{}
Mohan38008211,KKRiders,{}
Mohan38008211,SunRisers,{}
Vimal_018,BCCI,{}
BCCI,Rit7esh_,{}
BCCI,VIN0DYADUVANSHI,{}
BCCI,Muruges51052046,{}
BCCI,_imVsingh,{}
BCCI,Prakash19963690,{}
BCCI,Imshashiraina,{}
BCCI,Charanteja17_,{}
BCCI,Simtasharma014,{}
BCCI,Rohit71115210,{}
BCCI,Kingkoh21108792,{}
BCCI,anbu_in,{}
BCCI,MoinulHuda2,{}
BCCI,KINGKOH20767041,{}
BCCI,vijayku35761194,{}
BCCI,ManiBandaru18,{}
BCCI,ramkumar_45ind,{}
BCCI,Suresh55017093,{}
BCCI,BaluKiccha16,{}
BCCI,srinivasulu0028,{}
BCCI,Santhos33690051,{}
BCCI,RameshTNRamesh1,{}
BCCI,SatyamY23168562,{}
BCCI,RanjitC18434383,{}
BCCI,nivaschem04,{}
BCCI,Nithin02613131,{}
BCCI,Shahnazsheikh99,{}
BCCI,MAHESH07371797,{}
BCCI,NTRabhimaanii,{}
BCCI,PamujulaSameer,{}
BCCI,shekharsanthap1,{}
BCCI,Godofmischeif_,{}
BCCI,kumarpi60900324,{}
BCCI,HarshithMannem,{}
BCCI,sandeepsharanu,{}
BCCI,fan_mysore,{}
BCCI,vamshireddy9182,{}
BCCI,NTRdevotee999,{}
BCCI,nitin_sharma76,{}
BCCI,footballazzler,{}
BCCI,YogeshB09114918,{}
BCCI,TharaneeshThala,{}
BCCI,RaviSwami01,{}
BCCI,CHANDRA37132330,{}
BCCI,mrtlogu1,{}
BCCI,Suthaka40410750,{}
BCCI,isumonghosh,{}
BCCI,Venkate14937230,{}
BCCI,KavinVijay_S,{}
BCCI,Charan47225522,{}
BCCI,Pavan01031,{}
BCCI,ThippeshaDarsh1,{}
BCCI,Phoenixtweezzz,{}
BCCI,sarath_2277,{}
BCCI,SAIRAMNANDAMURI,{}
BCCI,shuvamseal,{}
BCCI,Thalakannan98_,{}
BCCI,ViswaW,{}
BCCI,i_8955,{}
BCCI,SamBrar93032889,{}
BCCI,Guhan_576,{}
BCCI,Pachamannu_,{}
BCCI,Akkik27,{}
BCCI,sudeshsudhi,{}
BCCI,Sathish11167922,{}
BCCI,Jafar74427378,{}
BCCI,NehaDub86934974,{}
BCCI,minnumatthews,{}
BCCI,SuryaPr48678206,{}
BCCI,rishabhsaxena12,{}
BCCI,barathas140,{}
BCCI,SKLM_MB_Fan,{}
BCCI,Mohankrishna_19,{}
BCCI,Raja28O394,{}
BCCI,Tweet2Scotland,{}
BCCI,Tapanjt2,{}
BCCI,cric8holic,{}
BCCI,Vijaidas3,{}
BCCI,NaveenKiccha100,{}
BCCI,Bunny32799424,{}
BCCI,imarpit23,{}
BCCI,Aishuai40083175,{}
BCCI,SivaSwarna2,{}
BCCI,Gayaz_Official,{}
BCCI,ARYANSI66755140,{}
BCCI,AdarshPatel045,{}
BCCI,RaxRaksh,{}
BCCI,TheSwarnKumar1,{}
BCCI,ImViratNavvy,{}
BCCI,SRD85926808,{}
BCCI,tusharshende22,{}
BCCI,ajcasm_,{}
BCCI,AadiSin28600239,{}
BCCI,Gourish65328434,{}
BCCI,Robert06176608,{}
BCCI,OfficeOfDhaval,{}
BCCI,SalmanTheKing_,{}
BCCI,AdvikaSingh19,{}
BCCI,iamrahul183,{}
BCCI,CricBollyBuzz,{}
BCCI,SanjayS97360146,{}
BCCI,Madhuyadav_,{}
BCCI,lokeshBangaram,{}
BCCI,MonuKum98145964,{}
BCCI,Devaraj06427523,{}
BCCI,MirzaJasimBaig2,{}
BCCI,RuhiSha24307662,{}
BCCI,anomittroshah,{}
BCCI,kumarsumitsin08,{}
BCCI,janineeeee_moon,{}
BCCI,Choose10092253,{}
BCCI,pepperminttkiss,{}
BCCI,ShubhamRetweets,{}
BCCI,Kumarvivekrajp1,{}
BCCI,VillathiVillan0,{}
BCCI,SheikFazil15,{}
BCCI,its__kaushik_,{}
BCCI,kannan76723092,{}
BCCI,Deepu_2304,{}
BCCI,Ganpat87106230,{}
BCCI,RajeshYadav118,{}
BCCI,PathallaMarkan1,{}
BCCI,maheshbabu_jr,{}
BCCI,purushottamlcb,{}
BCCI,urstrulykiran18,{}
BCCI,AshirShamsi,{}
BCCI,DabhiSadik,{}
BCCI,estherb44006926,{}
BCCI,RaajakumaraAppu,{}
BCCI,Gopinath8555,{}
BCCI,AThadishetty,{}
BCCI,maddy_vinith,{}
BCCI,Yashkalwani141,{}
BCCI,PavanReddyN777,{}
BCCI,MISHRA1097,{}
BCCI,ganeshmsdian7,{}
BCCI,AbhiKum22976270,{}
BCCI,GaneshGodera,{}
BCCI,Himanshusaroj7,{}
BCCI,PrinceShivaVk3,{}
BCCI,SK_17_VK_18,{}
BCCI,Gunu1803,{}
BCCI,STRmyGOD_,{}
BCCI,AkashPr19001573,{}
BCCI,Anilkal82198643,{}
BCCI,allunaveen_,{}
BCCI,DChakaravathi,{}
BCCI,Udhayarajkumar7,{}
BCCI,vibhavsethi2,{}
BCCI,imranvk0018,{}
BCCI,kevinladani143,{}
BCCI,VgkanAnbu,{}
BCCI,rajeshvanga147,{}
BCCI,HosseinRahaj,{}
BCCI,Saranmathi27,{}
BCCI,arman_guleria,{}
BCCI,TharunC93578083,{}
BCCI,KumandanSaroj,{}
BCCI,GaneshPukale10,{}
BCCI,LavkushKori15,{}
BCCI,thisisgann,{}
BCCI,Saurabh53492200,{}
BCCI,singh_manish09,{}
BCCI,MVRRRR,{}
BCCI,Rakhesh51069129,{}
BCCI,DeepDiverSoul,{}
BCCI,sanyamtaparia,{}
BCCI,vinobrin,{}
BCCI,adarshsavani94,{}
BCCI,NishantJaryal77,{}
BCCI,sigirala,{}
Charanteja17_,sachin_rt,{}
Charanteja17_,Cricketracker,{}
sachin_rt,KPullai91886728,{}
sachin_rt,nagendran_offcl,{}
sachin_rt,Saurabh53492200,{}
sachin_rt,sharanjoe1,{}
sachin_rt,Dipakoffical,{}
sachin_rt,Venkate99313129,{}
sachin_rt,AjjjuVarma,{}
sachin_rt,KumarAbhisheik,{}
sachin_rt,MukeshC50621593,{}
sachin_rt,wwwanilkprajap1,{}
sachin_rt,VIVEKPA45446802,{}
sachin_rt,MangeshSugire,{}
sachin_rt,imvinayrr,{}
sachin_rt,WinnerManish,{}
sachin_rt,DURGESHKUMAR62,{}
sachin_rt,iamKSSaini,{}
sachin_rt,Azzu90499733,{}
sachin_rt,Thala_villan,{}
Venkate99313129,Sportskeeda,{}
Venkate99313129,WisdenIndia,{}
Venkate99313129,cricbuzz,{}
Venkate99313129,toisports,{}
WinnerManish,WasimJaffer14,{}
iamKSSaini,RVCJ_FB,{}
Suresh55017093,TheBarmyArmy,{}
Santhos33690051,ESPNcricinfo,{}
Santhos33690051,Sportskeeda,{}
Santhos33690051,deeputalks,{}
Santhos33690051,s_badrinath,{}
RanjitC18434383,VVSLaxman281,{}
nivaschem04,ESPNcricinfo,{}
nivaschem04,RCBTweets,{}
nivaschem04,cricketaakash,{}
nivaschem04,cricbuzz,{}
MAHESH07371797,rameshlaus,{}
MAHESH07371797,Sportskeeda,{}
MAHESH07371797,cricbuzz,{}
MAHESH07371797,toisports,{}
shekharsanthap1,cricbuzz,{}
HarshithMannem,rohitionss45,{}
Maxiboi23,shailudpol,{}
Maxiboi23,Mahipankaj07,{}
Maxiboi23,srinivas2112,{}
Maxiboi23,maraiyon,{}
Maxiboi23,abhishekroy168,{}
Maxiboi23,IAmAnuragRatna,{}
Maxiboi23,nboal,{}
Maxiboi23,Dhamaka52874127,{}
Maxiboi23,HarshSinghi9,{}
Maxiboi23,ratedAMAN,{}
Maxiboi23,blkingianj,{}
Maxiboi23,tanwirr_1,{}
Maxiboi23,Areyyaaaaaaaar,{}
Maxiboi23,Baitho_Be,{}
Maxiboi23,AadiSin28600239,{}
Maxiboi23,KushSehgal7,{}
Maxiboi23,paragfloyd,{}
Maxiboi23,Amit94924907,{}
Maxiboi23,Yuva_1234,{}
Maxiboi23,MdZubairSaleem2,{}
IAmAnuragRatna,ESPNcricinfo,{}
Baitho_Be,SajSadiqCricket,{}
AadiSin28600239,RCBTweets,{}
AadiSin28600239,cricbuzz,{}
AadiSin28600239,ESPNcricinfo,{}
AadiSin28600239,DelhiCapitals,{}
AadiSin28600239,pragyanojha,{}
AadiSin28600239,KKRiders,{}
AadiSin28600239,CSKFansOfficial,{}
AadiSin28600239,Sportskeeda,{}
AadiSin28600239,cricketaakash,{}
AadiSin28600239,Cricketracker,{}
AadiSin28600239,SushantNMehta,{}
KushSehgal7,TheBarmyArmy,{}
Cricketracker,GaniCharan1,{}
Cricketracker,Ustaadh_RC,{}
Cricketracker,LokeshK86033287,{}
Cricketracker,Iammadhu720,{}
Cricketracker,raghava421,{}
Cricketracker,CharanSmoki,{}
Cricketracker,jeevanrao14,{}
Cricketracker,janasainikblr,{}
Cricketracker,charan_viraaj,{}
Cricketracker,NiruPavan,{}
Cricketracker,vamsi14aug,{}
Cricketracker,Chittibabuy2k,{}
Cricketracker,jaganrajntr,{}
Cricketracker,NTRKingdom9999,{}
Cricketracker,im_RCult,{}
Cricketracker,t9999rakesh,{}
Cricketracker,Ravi50126195,{}
Cricketracker,Manjundhpspk,{}
Cricketracker,RsharathkumarS,{}
Cricketracker,k82838978,{}
Cricketracker,Tarunsai1817,{}
Cricketracker,pacypoorna,{}
Cricketracker,NKapisetti,{}
Cricketracker,iam_tharun007,{}
Cricketracker,TharaneeshThala,{}
Cricketracker,M_Ahmad07,{}
Cricketracker,Antara071,{}
Cricketracker,12ykp12,{}
Cricketracker,MHDHAFEEZ17,{}
Cricketracker,nofilter_telugu,{}
Cricketracker,Iamsaeedumar,{}
Cricketracker,Rizwanrehman8,{}
Cricketracker,barath_sarvesh,{}
Cricketracker,niz_offl,{}
Cricketracker,im_amoghak,{}
Cricketracker,UniverseBos,{}
Cricketracker,Imgokums7,{}
Cricketracker,Sridhar45835729,{}
Cricketracker,krishx008,{}
Cricketracker,vmaheskey,{}
Cricketracker,ViswaW,{}
Cricketracker,Prajwalrai1820,{}
Cricketracker,Sathish11167922,{}
Cricketracker,VirattKohli,{}
Cricketracker,KVenkatesha5,{}
Cricketracker,TFC_meha08,{}
Cricketracker,Ramvj0792,{}
Cricketracker,bubblyb20466145,{}
Cricketracker,ShivaaySarvjeet,{}
Cricketracker,JustLikith,{}
Cricketracker,Imamhasan01,{}
Cricketracker,Never_The_Ness,{}
Cricketracker,Ajithku74063028,{}
Cricketracker,jeyakumardm,{}
Cricketracker,smsubhani1381,{}
Cricketracker,Chaitan47754765,{}
Cricketracker,_Krishna12,{}
Cricketracker,reddirajasheker,{}
Cricketracker,GaneshDompaka,{}
Cricketracker,SheikFazil15,{}
Cricketracker,Pavithra962,{}
Cricketracker,ItsMe76302730,{}
Cricketracker,IMNamanYadav9,{}
Cricketracker,QyamulUrfDiwana,{}
Cricketracker,Bigbossdddkkk,{}
Cricketracker,UrstrulyMbsfpk,{}
Cricketracker,SankarGupta18,{}
Cricketracker,vissupawanism12,{}
Cricketracker,Rohit24987,{}
Cricketracker,Aishuai40083175,{}
Cricketracker,Lukcyyadav1,{}
Cricketracker,StayJii,{}
Cricketracker,Kailash71644940,{}
Cricketracker,DrxHamzakhan,{}
Cricketracker,SaiKishore537,{}
Cricketracker,VJ_Jeson,{}
Cricketracker,Pratheep_VJ,{}
Cricketracker,stanmahirat,{}
Cricketracker,pramod_samy,{}
Cricketracker,Pratiks29168178,{}
Cricketracker,ShameerAhamed_7,{}
Cricketracker,singhalok22,{}
Cricketracker,GunaVjMSD7_,{}
Cricketracker,SlowPoisonHR,{}
Cricketracker,Vinodh_025,{}
Cricketracker,gowthamketavan,{}
Cricketracker,SujithNaidu18,{}
Cricketracker,Palanischin,{}
Cricketracker,mrchiru26,{}
Cricketracker,LoyalFanOfSKY,{}
Cricketracker,StanOfSachin,{}
Cricketracker,Ursdarling45,{}
Cricketracker,tirupatitarak31,{}
Cricketracker,skshahsk786,{}
Cricketracker,Choose10092253,{}
Cricketracker,Navedsa20527584,{}
Cricketracker,bole_fan,{}
Cricketracker,REHANRAZAQADRI,{}
Cricketracker,Muraffz03,{}
Cricketracker,tanver_shaikh,{}
Cricketracker,KhazaPandu,{}
Cricketracker,SyedJillani9,{}
Cricketracker,exorgasmsoul,{}
Cricketracker,kmd_arivu,{}
Cricketracker,Ahmed44593693,{}
Cricketracker,MKhan76755452,{}
Cricketracker,Rowdy_stark,{}
Cricketracker,vj_charan303,{}
Cricketracker,RahulJa36980937,{}
Cricketracker,MdObaid07315330,{}
CharanSmoki,cricbuzz,{}
CharanSmoki,KLRahulTrends_,{}
CharanSmoki,KKRiders,{}
CharanSmoki,CricSubhayan,{}
akshayakash2636,Raphazard007,{}
akshayakash2636,baner_rahul,{}
akshayakash2636,MuthyalaBola,{}
akshayakash2636,VishalK05322529,{}
akshayakash2636,Sahilsharma036,{}
akshayakash2636,KlRahulmadhan,{}
akshayakash2636,Fckoff59797834,{}
akshayakash2636,AkashLa86908470,{}
akshayakash2636,Ravinde95319286,{}
akshayakash2636,nolimitshri,{}
akshayakash2636,InvestmentVenom,{}
akshayakash2636,spandan_chavan,{}
akshayakash2636,Sandeep60603636,{}
akshayakash2636,Vimlesh85614608,{}
akshayakash2636,Arpitkoriya2,{}
akshayakash2636,Nndhu8,{}
akshayakash2636,VHUBOOM1,{}
akshayakash2636,Anil82772836,{}
Sathish11167922,ESPNcricinfo,{}
Iam_Praveen1995,Sportskeeda,{}
roysunnykumar5,RCBTweets,{}
bubblyb20466145,mipaltan,{}
bubblyb20466145,RCBTweets,{}
bubblyb20466145,PunjabKingsIPL,{}
bubblyb20466145,ESPNcricinfo,{}
bubblyb20466145,SunRisers,{}
bubblyb20466145,KKRiders,{}
ESPNcricinfo,Arslaan________,{}
ESPNcricinfo,waqi_khann,{}
ESPNcricinfo,AsadAliAwan57,{}
ESPNcricinfo,ain_quotes,{}
ESPNcricinfo,umairali56,{}
ESPNcricinfo,GondalChoudhary,{}
ESPNcricinfo,shah__akash,{}
ESPNcricinfo,jUtt_SAAB1,{}
ESPNcricinfo,RoohUll62725263,{}
ESPNcricinfo,Junaidtweets98,{}
ESPNcricinfo,hassan_aqeeb,{}
ESPNcricinfo,ShahidRaahim,{}
ESPNcricinfo,izaidshafiq,{}
ESPNcricinfo,ismailqadri1997,{}
ESPNcricinfo,AidenAR3,{}
ESPNcricinfo,M_Shafique_G,{}
ESPNcricinfo,Prajwalrai1820,{}
ESPNcricinfo,roh77777,{}
ESPNcricinfo,SriniSrins,{}
ESPNcricinfo,Chandan30400311,{}
ESPNcricinfo,Gopi238243385,{}
ESPNcricinfo,VijayDurgaRao2,{}
ESPNcricinfo,ayaz_khan007,{}
ESPNcricinfo,arshadko,{}
ESPNcricinfo,rohitsmannan,{}
ESPNcricinfo,GamingLearning,{}
ESPNcricinfo,Udayviratian18,{}
ESPNcricinfo,Senthil__VJ,{}
ESPNcricinfo,Ghilliajay,{}
ESPNcricinfo,vandana64816004,{}
ESPNcricinfo,imAnkitShar,{}
ESPNcricinfo,Chandan67518213,{}
ESPNcricinfo,TejasKu64833148,{}
ESPNcricinfo,imranvk0018,{}
ESPNcricinfo,RomanRajnish,{}
ESPNcricinfo,CHANDRA37132330,{}
ESPNcricinfo,raja_69,{}
ESPNcricinfo,CricStreamsTv,{}
ESPNcricinfo,imcricfanatic,{}
ESPNcricinfo,UniverseBos,{}
ESPNcricinfo,SaleemRizwan,{}
ESPNcricinfo,SalmanAhmad_1,{}
ESPNcricinfo,arvind17_sonkar,{}
ESPNcricinfo,Junior_Uzzy,{}
ESPNcricinfo,karthikpkk87,{}
ESPNcricinfo,61MTaylor,{}
ESPNcricinfo,parts79,{}
ESPNcricinfo,bnb952,{}
ESPNcricinfo,SaifQuadri,{}
ESPNcricinfo,Venkate14937230,{}
ESPNcricinfo,naveenrodrix,{}
ESPNcricinfo,123Ramvilas,{}
ESPNcricinfo,Gauthamsundarr1,{}
ESPNcricinfo,Sridhar29810429,{}
ESPNcricinfo,Ashok46542784,{}
ESPNcricinfo,18Kohlified,{}
ESPNcricinfo,OLEWTV,{}
ESPNcricinfo,info32dinesh,{}
ESPNcricinfo,nicknameabhi111,{}
ESPNcricinfo,dankumar_,{}
ESPNcricinfo,SauravP96204106,{}
ESPNcricinfo,sastaloha,{}
ESPNcricinfo,ANSH272727,{}
ESPNcricinfo,UppalapuSrinu,{}
ESPNcricinfo,AnasKohli2,{}
ESPNcricinfo,KvamseeKrish1,{}
ESPNcricinfo,SundharesanSrs,{}
ESPNcricinfo,krishnav628,{}
ESPNcricinfo,QyamulUrfDiwana,{}
ESPNcricinfo,bmurugan578gma1,{}
ESPNcricinfo,MISHRA1097,{}
ESPNcricinfo,Imamhasan01,{}
ESPNcricinfo,RaxRaksh,{}
ESPNcricinfo,UPushpankar,{}
ESPNcricinfo,AqeelViews,{}
ESPNcricinfo,fazal_157,{}
ESPNcricinfo,Dheeraj7874,{}
ESPNcricinfo,SubhamNarayanD4,{}
ESPNcricinfo,kumara_pspk,{}
ESPNcricinfo,Bharath03236702,{}
ESPNcricinfo,TBKRNBKR,{}
ESPNcricinfo,Kodz_53,{}
ESPNcricinfo,j_jophin,{}
ESPNcricinfo,sharifS10187,{}
ESPNcricinfo,SeethaRamaRajRC,{}
ESPNcricinfo,AzharUd15300902,{}
ESPNcricinfo,Manigkk1,{}
ESPNcricinfo,Sharifullah005,{}
ESPNcricinfo,SRD85926808,{}
ESPNcricinfo,2ooth_Less,{}
ESPNcricinfo,sb_saajit_rijal,{}
ESPNcricinfo,tweet4oliver,{}
ESPNcricinfo,sunnysingh695,{}
ESPNcricinfo,Ayyappan__S,{}
ESPNcricinfo,BeingYash100,{}
ESPNcricinfo,GhoshlyaLal,{}
ESPNcricinfo,PitchumaniH,{}
ESPNcricinfo,SnehKumarYadav1,{}
ESPNcricinfo,jvkumar86,{}
ESPNcricinfo,Raja070281,{}
ESPNcricinfo,UjjawalAdit,{}
ESPNcricinfo,Prashan17291085,{}
ESPNcricinfo,Cricket_Sexpert,{}
ESPNcricinfo,Malana_stuff,{}
ESPNcricinfo,RizzuAnsari,{}
ESPNcricinfo,callmejayy91,{}
ESPNcricinfo,i_8955,{}
ESPNcricinfo,SriAkshayghy,{}
ESPNcricinfo,AdityaP44094595,{}
ESPNcricinfo,HemanthTeju1,{}
ESPNcricinfo,SailathaDarur,{}
ESPNcricinfo,ursrajareddy,{}
ESPNcricinfo,SandyChinny1,{}
ESPNcricinfo,MElango78030717,{}
ESPNcricinfo,clumsy_daisy_,{}
ESPNcricinfo,msh6,{}
ESPNcricinfo,RathinamRamasa3,{}
ESPNcricinfo,AryaGanguly16,{}
ESPNcricinfo,mayavi3_6_9,{}
ESPNcricinfo,Chitramysore1,{}
ESPNcricinfo,shuvamseal,{}
ESPNcricinfo,mansurmishal,{}
ESPNcricinfo,TirukuralKaram,{}
ESPNcricinfo,BRlANRAY,{}
ESPNcricinfo,BabyDol35921294,{}
ESPNcricinfo,Hariteja_Baz42,{}
ESPNcricinfo,Fahad_PTI,{}
ESPNcricinfo,MHDHAFEEZ17,{}
ESPNcricinfo,ab_shakeel2,{}
ESPNcricinfo,Suryapr47924674,{}
ESPNcricinfo,RomeshRomu,{}
ESPNcricinfo,VijayOfficiall,{}
ESPNcricinfo,MuhammadAsif357,{}
ESPNcricinfo,Umairlaar,{}
ESPNcricinfo,thedean_za,{}
ESPNcricinfo,abdurehm4n,{}
ESPNcricinfo,StayHomStaySafe,{}
ESPNcricinfo,Vin_Phenomenal,{}
ESPNcricinfo,Dhirul681,{}
ESPNcricinfo,swap_das,{}
ESPNcricinfo,SkArif15589470,{}
ESPNcricinfo,Raja28O394,{}
ESPNcricinfo,ManishJ456,{}
ESPNcricinfo,imsbhatt0707,{}
ESPNcricinfo,eswardhfp,{}
ESPNcricinfo,BHUTANIPRIYANSH,{}
ESPNcricinfo,Thalapa07273734,{}
ESPNcricinfo,ImRajesh16_,{}
ESPNcricinfo,Dipendr76370996,{}
ESPNcricinfo,monalissaa22,{}
ESPNcricinfo,ViswaW,{}
ESPNcricinfo,REHANRAZAQADRI,{}
ESPNcricinfo,Tapanjt2,{}
ESPNcricinfo,thisz_rohit,{}
ESPNcricinfo,ShivamP08088890,{}
ESPNcricinfo,Its_JunaidAkh,{}
ESPNcricinfo,tarunkholi4,{}
ESPNcricinfo,minhazshaik07,{}
ESPNcricinfo,Dharma78618192,{}
ESPNcricinfo,Tamizh_AK99,{}
ESPNcricinfo,NareshKsolanki5,{}
ESPNcricinfo,GuPta____,{}
ESPNcricinfo,MUmarDa24976992,{}
ESPNcricinfo,RyanEckford,{}
ESPNcricinfo,JonSnow29593484,{}
ESPNcricinfo,Deejaysaikumar,{}
ESPNcricinfo,Ajithku74063028,{}
ESPNcricinfo,LeMsira1,{}
ESPNcricinfo,missriya219,{}
ESPNcricinfo,Imankit6908,{}
ESPNcricinfo,Aliakht36578812,{}
ESPNcricinfo,INDRAATWEETS,{}
ESPNcricinfo,DrxHamzakhan,{}
ESPNcricinfo,MuniraMurtazaMW,{}
ESPNcricinfo,Kumarvivekrajp1,{}
ESPNcricinfo,karthikmee8,{}
ESPNcricinfo,AmarGokhale1,{}
ESPNcricinfo,jKolhe14,{}
ESPNcricinfo,Vijay96107986,{}
ESPNcricinfo,Edge2slip,{}
ESPNcricinfo,skesy10,{}
M_Shafique_G,ArfaSays_,{}
M_Shafique_G,SajSadiqCricket,{}
CHANDRA37132330,circleofcricket,{}
CHANDRA37132330,Ajith_tweets,{}
CHANDRA37132330,ChloeAmandaB,{}
mrtlogu1,RVCJ_FB,{}
isumonghosh,1Vishwajitrao,{}
isumonghosh,KLRislove,{}
isumonghosh,T20WorldCup,{}
isumonghosh,cricketaakash,{}
Venkate14937230,mipaltan,{}
mipaltan,ARAVINT48798445,{}
mipaltan,amir_iqubal,{}
mipaltan,Gauthamsundarr1,{}
mipaltan,MayuriP91450237,{}
mipaltan,MonuKum98145964,{}
mipaltan,Gopi238243385,{}
mipaltan,7lionsvignesh7,{}
mipaltan,SaqibKh913728,{}
mipaltan,venkat_reddy__,{}
mipaltan,AbdulRa20955971,{}
mipaltan,RuhiSha24307662,{}
mipaltan,KhanAfzalahmad,{}
mipaltan,AamirKh08079863,{}
mipaltan,Strange69304388,{}
mipaltan,farman_pasha,{}
mipaltan,RazatKu,{}
mipaltan,SRD85926808,{}
mipaltan,iquebal_arshad,{}
mipaltan,ArunSethu13,{}
mipaltan,sweety_sunny35,{}
mipaltan,MahiTarak6,{}
mipaltan,Tarun54224101,{}
mipaltan,jaggubhai45,{}
mipaltan,hitman20835,{}
mipaltan,SidAAdhf45,{}
mipaltan,PudiChaitanya1,{}
mipaltan,anky19120,{}
mipaltan,ede_ganesh,{}
mipaltan,APowerism,{}
mipaltan,connect2sumesh,{}
mipaltan,KartikYadaba,{}
mipaltan,AlluSk45,{}
mipaltan,QyamulUrfDiwana,{}
mipaltan,BharatKrJha_,{}
mipaltan,NehaDub86934974,{}
mipaltan,deeban1997,{}
mipaltan,AkhilAarya143,{}
mipaltan,prasadbhagat007,{}
mipaltan,ImViratNavvy,{}
mipaltan,PrasanthRoy143,{}
mipaltan,DhfmDathu,{}
mipaltan,MersalVasant45,{}
mipaltan,Chandra07641961,{}
mipaltan,JosephB80680425,{}
mipaltan,Haribal87280756,{}
mipaltan,SoniTayade,{}
mipaltan,Jyotii515,{}
mipaltan,iam_wasee_66,{}
mipaltan,BobbiliSrinuvas,{}
mipaltan,Thalapa54581909,{}
mipaltan,AjayDblood,{}
mipaltan,MDTariq82327730,{}
mipaltan,LaxmanG967683,{}
mipaltan,TigerTarak99991,{}
mipaltan,AayushBohara20,{}
mipaltan,Fahim6t,{}
mipaltan,GBabu12021320,{}
mipaltan,Naveen65702716,{}
mipaltan,ILLUMINATI_ofcl,{}
mipaltan,NaveenV14540448,{}
mipaltan,AmarGokhale1,{}
mipaltan,AlwayzJagadeesh,{}
mipaltan,manjughiremath,{}
mipaltan,iamRajP7,{}
mipaltan,MishraPriyanci,{}
mipaltan,Gauravl28031995,{}
mipaltan,MLokeshReddy126,{}
mipaltan,GlitteryGaurav,{}
mipaltan,Kaithisivaspd,{}
mipaltan,Manikan28012300,{}
mipaltan,StanOfSachin,{}
mipaltan,ItSmESasnkSasi,{}
mipaltan,TusharBaghel_,{}
mipaltan,RavisRavis8,{}
mipaltan,lphagodvalhalla,{}
mipaltan,urstruly_msc,{}
mipaltan,jackspho,{}
mipaltan,Sukhmeet000087,{}
mipaltan,Gokul_INC,{}
mipaltan,Navi_Vennavalli,{}
mipaltan,GulshanDharne,{}
mipaltan,scalpelinhand,{}
mipaltan,rohithrediee07,{}
mipaltan,Mr_hypo_thetic,{}
mipaltan,Sandy_GirlRider,{}
mipaltan,RanjithJilla9,{}
mipaltan,Sasikan48989252,{}
mipaltan,veersub,{}
mipaltan,f_h_khan,{}
mipaltan,Saran53747655,{}
mipaltan,PamisettySivas1,{}
mipaltan,KingOfMaasCraze,{}
mipaltan,UniverseBos,{}
mipaltan,BunnyFa73661696,{}
mipaltan,ShivaAadhf3,{}
mipaltan,SShreela,{}
mipaltan,anoj_rp,{}
mipaltan,AhmedRa69736257,{}
mipaltan,jeshy_sano,{}
mipaltan,firdauskhushboo,{}
mipaltan,AyushRa86699213,{}
mipaltan,Siddhar29180487,{}
mipaltan,Udayviratian18,{}
mipaltan,mpmuthu33,{}
mipaltan,Prabhumadival2,{}
mipaltan,AlwaysAdarsh_,{}
mipaltan,alwaysraki3,{}
mipaltan,imkig45,{}
mipaltan,Ciao_Adio,{}
mipaltan,Shubham75075,{}
mipaltan,Anki4uever,{}
mipaltan,Siddhar51243438,{}
mipaltan,Shreem23,{}
mipaltan,DKgaaru,{}
mipaltan,AkashKu22246959,{}
mipaltan,prajak_patil,{}
mipaltan,PRATIKSINCE1999,{}
mipaltan,owais5555,{}
mipaltan,tarakStan999,{}
mipaltan,allunaveen_,{}
mipaltan,Pawancena3,{}
mipaltan,Visvesvaran1891,{}
mipaltan,AkshayModern,{}
mipaltan,Darsha87432985,{}
ARAVINT48798445,s_badrinath,{}
MonuKum98145964,ChloeAmandaB,{}
Gopi238243385,PunjabKingsIPL,{}
Gopi238243385,WisdenIndia,{}
Gopi238243385,TheBarmyArmy,{}
Gopi238243385,KKRiders,{}
Gopi238243385,ChloeAmandaB,{}
Gopi238243385,CricSubhayan,{}
Gopi238243385,Fukkard,{}
Gopi238243385,RCBTweets,{}
Gopi238243385,ANI,{}
Gopi238243385,circleofcricket,{}
RuhiSha24307662,RCBTweets,{}
Strange69304388,RVCJ_FB,{}
Strange69304388,cricbuzz,{}
Strange69304388,s_badrinath,{}
farman_pasha,s_badrinath,{}
SRD85926808,WisdenIndia,{}
SRD85926808,hemangkbadani,{}
SRD85926808,DeviLDhoniFan07,{}
SRD85926808,CricSubhayan,{}
iquebal_arshad,PunjabKingsIPL,{}
1Vishwajitrao,Aaliya_Zain5,{}
1Vishwajitrao,Prakash60163526,{}
1Vishwajitrao,MohithKrishna47,{}
1Vishwajitrao,riturahulmishra,{}
1Vishwajitrao,abhirocky590,{}
1Vishwajitrao,professor9_,{}
1Vishwajitrao,Dineshmalakpury,{}
1Vishwajitrao,MUJAHID26220676,{}
1Vishwajitrao,Lucky14746993,{}
1Vishwajitrao,SagarRanjan10,{}
1Vishwajitrao,SahilKumarDas17,{}
1Vishwajitrao,Avni_7_2005,{}
1Vishwajitrao,Vishu93459033,{}
1Vishwajitrao,YugandharThota9,{}
1Vishwajitrao,iamkeshyan,{}
1Vishwajitrao,Flower46961449,{}
Aaliya_Zain5,KLRislove,{}
Aaliya_Zain5,ITzyash_07,{}
MohithKrishna47,StarSportsIndia,{}
professor9_,SportsR3public,{}
ANI,newschauraha,{}
ANI,nemityadav1,{}
ANI,Namita67793491,{}
ANI,IndianCitizenK,{}
ANI,GOTVETICETAN,{}
ANI,alok_020,{}
ANI,CricBollyBuzz,{}
ANI,IamPushpendra18,{}
ANI,Abhishe87860842,{}
ANI,BabupspkFan,{}
ANI,iamshivamyogi,{}
ANI,SonuJin55598967,{}
ANI,GodIsGr82148817,{}
ANI,ListenAkhter26,{}
ANI,ViveksVoice,{}
ANI,likhilkavalekar,{}
ANI,WhiteCoat_no_48,{}
ANI,PiyuNair,{}
ANI,kingufanikkada,{}
ANI,Himanshu_108108,{}
ANI,chamanzehra1,{}
ANI,Rahul_Kucha,{}
ANI,PabloChoccobarr,{}
ANI,PlayBoldVk18,{}
ANI,Manibhu18115809,{}
ANI,Gauravk80921809,{}
ANI,Vishal80374087,{}
ANI,SummiRai4,{}
ANI,that_weird_soul,{}
ANI,MOHITSINGH18729,{}
ANI,KaushikNath96,{}
ANI,kkkankur,{}
ANI,Dieheartakkian,{}
ANI,Parthap10794688,{}
CricBollyBuzz,cricbuzz,{}
WhiteCoat_no_48,deeputalks,{}
WhiteCoat_no_48,Sportskeeda,{}
k82838978,ComeOnCricket,{}
NKapisetti,deeputalks,{}
MHDHAFEEZ17,rameshlaus,{}
MHDHAFEEZ17,BLACKCAPS,{}
MHDHAFEEZ17,cricbuzz,{}
Iamsaeedumar,KazmiWajahat,{}
im_amoghak,RVCJ_FB,{}
UniverseBos,cricbuzz,{}
UniverseBos,CricWick,{}
Imgokums7,ChloeAmandaB,{}
KLRislove,Rakesh29230959,{}
KLRislove,adore_asim,{}
KLRislove,Sinsterrr,{}
KLRislove,MuskanK56610314,{}
KLRislove,Abd00069,{}
KLRislove,sidnaazlovelove,{}
KLRislove,Jahnavi_118,{}
KLRislove,ShamshadMirza94,{}
KLRislove,KLassy_elegance,{}
KLRislove,Gunu1803,{}
KLRislove,GulshanDharne,{}
KLRislove,PrasanthRoy143,{}
KLRislove,bmurugan578gma1,{}
KLRislove,adnanazmi05,{}
KLRislove,ganeshmudiraj_1,{}
adore_asim,RCBTweets,{}
adore_asim,KKRiders,{}
adore_asim,CricSubhayan,{}
sidnaazlovelove,SportsR3public,{}
Gunu1803,ComeOnCricket,{}
Gunu1803,ITzyash_07,{}
GulshanDharne,SunRisers,{}
GulshanDharne,Fukkard,{}
PrasanthRoy143,Nav4Prince,{}
PrasanthRoy143,MsDFan_kLTiger,{}
PrasanthRoy143,KLRahulTrends_,{}
bmurugan578gma1,SunRisers,{}
bmurugan578gma1,KLRahulTrends_,{}
bmurugan578gma1,CricSubhayan,{}
bmurugan578gma1,PunjabKingsIPL,{}
ganeshmudiraj_1,Fukkard,{}
T20WorldCup,jaikirankohli18,{}
T20WorldCup,NPrudhviTweetz,{}
T20WorldCup,perarivalan333,{}
T20WorldCup,IndrajithTweets,{}
T20WorldCup,RambabSurisetty,{}
T20WorldCup,ugendhergoud143,{}
T20WorldCup,MuhammedFatheeh,{}
T20WorldCup,sami_kachila,{}
T20WorldCup,FINALGAMERS3,{}
T20WorldCup,Nawijn06,{}
T20WorldCup,Karann82692848,{}
T20WorldCup,smollboy_abby,{}
T20WorldCup,ede_ganesh,{}
T20WorldCup,NameisNani94,{}
T20WorldCup,dankumar_,{}
T20WorldCup,hkthalafan,{}
T20WorldCup,Karansoren24,{}
T20WorldCup,SharfSays,{}
T20WorldCup,VIPER_Quote,{}
T20WorldCup,CricketMatches9,{}
T20WorldCup,Junior_Uzzy,{}
T20WorldCup,sivalakshman778,{}
T20WorldCup,RIKIDEKA20,{}
T20WorldCup,Lasantha_NP,{}
T20WorldCup,tjtex26,{}
T20WorldCup,Itz_ishanvj,{}
T20WorldCup,ShaikhA96786891,{}
T20WorldCup,hunnyAhsanShaya,{}
T20WorldCup,amch366,{}
T20WorldCup,lodhifive,{}
T20WorldCup,madam_jadeja,{}
T20WorldCup,RCheruvathoor,{}
T20WorldCup,Aatmanirbhar4,{}
T20WorldCup,VinayakNair2001,{}
T20WorldCup,PhysioPhenix,{}
T20WorldCup,AhmedNoraz,{}
T20WorldCup,RaxRaksh,{}
T20WorldCup,mairee4252,{}
T20WorldCup,umair1808,{}
T20WorldCup,Amangup43063418,{}
T20WorldCup,umate_kunal,{}
T20WorldCup,SolomziGwayi,{}
T20WorldCup,SKSHABBER,{}
T20WorldCup,Bhushanpatilgis,{}
T20WorldCup,RaviTempt,{}
T20WorldCup,SailathaDarur,{}
T20WorldCup,AQKazmi2,{}
T20WorldCup,SS_mpro,{}
T20WorldCup,pandugaduaug09,{}
T20WorldCup,RealRohitNaseem,{}
T20WorldCup,Sanjay10108759,{}
T20WorldCup,vaathiyaaru,{}
T20WorldCup,imranvk0018,{}
T20WorldCup,Chandan67518213,{}
T20WorldCup,imarpit23,{}
T20WorldCup,Vijaidas3,{}
T20WorldCup,RahamathQuadri4,{}
T20WorldCup,researchAditya,{}
T20WorldCup,immali14,{}
T20WorldCup,jeeva131199,{}
T20WorldCup,prathmesh_1702,{}
T20WorldCup,aswinsr23,{}
T20WorldCup,NavedKh92902184,{}
T20WorldCup,nairasharma1402,{}
T20WorldCup,AbdurRa77025683,{}
T20WorldCup,Akhil7Cena,{}
T20WorldCup,ThilakVr,{}
T20WorldCup,An_MSDian,{}
T20WorldCup,ShivArmy4,{}
T20WorldCup,wescrihmer,{}
T20WorldCup,AnanditaDube,{}
T20WorldCup,QyamulUrfDiwana,{}
T20WorldCup,Anandpavutty,{}
T20WorldCup,SaimHaq4,{}
T20WorldCup,kh02149094,{}
T20WorldCup,salmangopi,{}
T20WorldCup,Shoaibthinks,{}
T20WorldCup,hamzashah12512,{}
T20WorldCup,UsmanLiaquat9,{}
T20WorldCup,LionKin35851038,{}
T20WorldCup,Muhamma12046964,{}
T20WorldCup,BigfanOfCricke2,{}
T20WorldCup,umercsstudent,{}
T20WorldCup,PeaceTyping,{}
T20WorldCup,AloveSammyMow95,{}
T20WorldCup,talal_ahmed19,{}
T20WorldCup,AsadMal16291912,{}
T20WorldCup,HamaadKaleem,{}
T20WorldCup,Bye_billu,{}
T20WorldCup,MuhyZaka,{}
T20WorldCup,Umairlaar,{}
T20WorldCup,usman7881,{}
ede_ganesh,PunjabKingsIPL,{}
ede_ganesh,SunRisers,{}
ede_ganesh,RCBTweets,{}
ede_ganesh,ComeOnCricket,{}
RVCJ_FB,itsmahya45,{}
RVCJ_FB,SidduNyk,{}
RVCJ_FB,DarlingAfreed,{}
RVCJ_FB,ViswaW,{}
RVCJ_FB,Chupkarnayaar,{}
RVCJ_FB,apurb_a,{}
RVCJ_FB,KadagaManoj,{}
RVCJ_FB,GhoshlyaLal,{}
RVCJ_FB,debajnai,{}
RVCJ_FB,Vijayofficial05,{}
RVCJ_FB,dineshjangir121,{}
RVCJ_FB,imSumon96,{}
RVCJ_FB,Mandeepds36,{}
RVCJ_FB,MISHRA1097,{}
RVCJ_FB,Fenolinxavier,{}
RVCJ_FB,Drkkchauhan7661,{}
RVCJ_FB,babu_stan07,{}
RVCJ_FB,StayJii,{}
RVCJ_FB,AshishS81991759,{}
RVCJ_FB,TheInsa37204444,{}
RVCJ_FB,KunalKu63113307,{}
RVCJ_FB,BadMan51653618,{}
RVCJ_FB,HaswanthHeatVK,{}
RVCJ_FB,DSloversss,{}
RVCJ_FB,Bidhin13147861,{}
RVCJ_FB,Ahmad38800383,{}
RVCJ_FB,Suraj0167,{}
RVCJ_FB,VISHALbhai_jaan,{}
RVCJ_FB,VijayAnna_Fans,{}
RVCJ_FB,shaharyarKhan_6,{}
RVCJ_FB,NimmaVishala,{}
RVCJ_FB,addiiiiiii_____,{}
RVCJ_FB,BhanuPr98748349,{}
RVCJ_FB,rupesh1719,{}
RVCJ_FB,thala01yogi18,{}
RVCJ_FB,nicknameabhi111,{}
RVCJ_FB,BabliDey8,{}
RVCJ_FB,thepiyush23,{}
RVCJ_FB,crazyid37817686,{}
RVCJ_FB,ShaikhA96786891,{}
RVCJ_FB,Amanverm6,{}
RVCJ_FB,nagi_dewanshu,{}
RVCJ_FB,Ajith_Offcl,{}
RVCJ_FB,ChetanHarkude,{}
RVCJ_FB,thesurajroy,{}
RVCJ_FB,BHUTANIPRIYANSH,{}
RVCJ_FB,TusharBaghel_,{}
RVCJ_FB,ice_man786,{}
RVCJ_FB,saurabh89169620,{}
RVCJ_FB,p523_bhamu,{}
RVCJ_FB,ApoorvKhade,{}
RVCJ_FB,habeebullanani,{}
RVCJ_FB,SumadhvaG,{}
RVCJ_FB,Parth_Shivi_FP,{}
RVCJ_FB,moosa46964507,{}
RVCJ_FB,iamejazking,{}
RVCJ_FB,gdhanushkraja,{}
RVCJ_FB,BTadakale,{}
RVCJ_FB,AJAYMEH81694760,{}
RVCJ_FB,Mr__Viratian,{}
RVCJ_FB,ashwaniksingh13,{}
RVCJ_FB,imbunny30,{}
RVCJ_FB,EUPHORIA3333,{}
RVCJ_FB,thebadguy_18,{}
RVCJ_FB,_Happy_Manish,{}
RVCJ_FB,AdarshS81511827,{}
RVCJ_FB,rajeshcherry143,{}
RVCJ_FB,likesseriouslyy,{}
RVCJ_FB,SuryaRasigan20,{}
RVCJ_FB,harish_27gugan,{}
RVCJ_FB,Imrahul19Gupta,{}
RVCJ_FB,VishwasCP2,{}
RVCJ_FB,Santosh41165820,{}
RVCJ_FB,Arpit634977775,{}
RVCJ_FB,dasht_i_tanhai,{}
RVCJ_FB,sumeetsmt,{}
RVCJ_FB,Niraj_102,{}
RVCJ_FB,harris_501,{}
RVCJ_FB,ShivamSi0007,{}
RVCJ_FB,anomittroshah,{}
RVCJ_FB,619dhnarajkuma1,{}
RVCJ_FB,Ramchary00,{}
RVCJ_FB,MananTaheem,{}
RVCJ_FB,Awara_ilahi,{}
RVCJ_FB,RKs_Tilllast,{}
RVCJ_FB,kieronz999,{}
RVCJ_FB,NipunRabha4,{}
RVCJ_FB,sahir_captain_A,{}
RVCJ_FB,i_am_rvp,{}
RVCJ_FB,CrickeT45fans,{}
RVCJ_FB,rahulrbajaj410,{}
RVCJ_FB,RealMohsinAli1,{}
RVCJ_FB,Anshuma74548540,{}
RVCJ_FB,Shivansh1602,{}
RVCJ_FB,madhu_indian,{}
RVCJ_FB,PavanNa02012225,{}
RVCJ_FB,Sahi_haiii,{}
RVCJ_FB,Itstanujmehra,{}
RVCJ_FB,khktweet,{}
RVCJ_FB,ravibihta007,{}
RVCJ_FB,Vickyy_TheHuman,{}
RVCJ_FB,irajanikmiishra,{}
RVCJ_FB,Gaurai1984,{}
ViswaW,cricbuzz,{}
Chupkarnayaar,Sport360,{}
GhoshlyaLal,PratikSingh_,{}
GhoshlyaLal,india_fantasy,{}
MISHRA1097,RCBTweets,{}
MISHRA1097,SunRisers,{}
MISHRA1097,KKRiders,{}
MISHRA1097,cricbuzz,{}
SharfSays,ArfaSays_,{}
SharfSays,SajSadiqCricket,{}
SajSadiqCricket,PTInottingham,{}
SajSadiqCricket,AkKi284,{}
SajSadiqCricket,ausafliaquat,{}
SajSadiqCricket,nimrafication,{}
SajSadiqCricket,Maham59051014,{}
SajSadiqCricket,Memes_By_King,{}
SajSadiqCricket,awais52870192,{}
SajSadiqCricket,Raja54183714,{}
SajSadiqCricket,hadiqa_rajput,{}
SajSadiqCricket,thisrabia,{}
SajSadiqCricket,AqeelViews,{}
SajSadiqCricket,fsaqi101,{}
SajSadiqCricket,XaddiMalik,{}
SajSadiqCricket,TabishMahtab,{}
SajSadiqCricket,Neutral786,{}
SajSadiqCricket,Towqeermadni09,{}
SajSadiqCricket,Rose7043,{}
SajSadiqCricket,Concern73138794,{}
SajSadiqCricket,sunnysingh695,{}
SajSadiqCricket,talashkhokhar,{}
SajSadiqCricket,Awaiszap390,{}
SajSadiqCricket,JabirHameedBha7,{}
SajSadiqCricket,Muhamma76529576,{}
SajSadiqCricket,Rithuuuu,{}
SajSadiqCricket,Mohamma21503314,{}
SajSadiqCricket,AmnaSadia12,{}
SajSadiqCricket,Abhishe76596859,{}
SajSadiqCricket,HereIsRaxaRaju,{}
SajSadiqCricket,CallerAr,{}
SajSadiqCricket,eng_qi_asim,{}
SajSadiqCricket,FureeOye,{}
SajSadiqCricket,Uzma1rehman,{}
SajSadiqCricket,majubabo,{}
SajSadiqCricket,MuhyZaka,{}
SajSadiqCricket,Saqibveer786,{}
SajSadiqCricket,TayabShafique,{}
SajSadiqCricket,muzammal300,{}
SajSadiqCricket,Maryam107988874,{}
SajSadiqCricket,PowerFo61564545,{}
SajSadiqCricket,Sadaqatullah14,{}
SajSadiqCricket,SlickHammyJR,{}
SajSadiqCricket,theshumail,{}
SajSadiqCricket,Dheeraj7874,{}
SajSadiqCricket,REHANRAZAQADRI,{}
SajSadiqCricket,TanvirA46504211,{}
SajSadiqCricket,SartajChandio13,{}
SajSadiqCricket,AsifTig18,{}
SajSadiqCricket,Bestreg71701070,{}
SajSadiqCricket,Z_A_Khan_Lodi,{}
SajSadiqCricket,BattleAbid,{}
SajSadiqCricket,bilalqureshi92,{}
SajSadiqCricket,noman_murtaza,{}
SajSadiqCricket,Karan_Gurjar7,{}
SajSadiqCricket,FizzaMaliik,{}
SajSadiqCricket,adnancheema3,{}
SajSadiqCricket,HasanShiekh,{}
SajSadiqCricket,saj_sajal,{}
SajSadiqCricket,FracturedMalang,{}
SajSadiqCricket,Noman_Pak123,{}
SajSadiqCricket,Fahama_Ali_Khan,{}
SajSadiqCricket,Fahad_PTI,{}
SajSadiqCricket,NoumanBinYounas,{}
SajSadiqCricket,Muhamma24875633,{}
SajSadiqCricket,adeelkhawaja18,{}
SajSadiqCricket,BhasaddSingh,{}
SajSadiqCricket,UmerAamirIam,{}
SajSadiqCricket,AbbasSays786,{}
SajSadiqCricket,HamzaIq48274907,{}
SajSadiqCricket,haroonrazalive,{}
SajSadiqCricket,Ohh_Shoot,{}
SajSadiqCricket,danishusmani16,{}
SajSadiqCricket,uziIzBack,{}
SajSadiqCricket,EjazASheikh5,{}
SajSadiqCricket,MAsif51214,{}
SajSadiqCricket,IamClerkEhsan,{}
SajSadiqCricket,Umairlaar,{}
SajSadiqCricket,0786GM,{}
SajSadiqCricket,M_Amin340,{}
SajSadiqCricket,Zeemoo316,{}
SajSadiqCricket,Arif31524306,{}
SajSadiqCricket,TayyaabKhan,{}
SajSadiqCricket,ArbabKh02511408,{}
SajSadiqCricket,HumaRoyal_,{}
SajSadiqCricket,umercsstudent,{}
SajSadiqCricket,SPxial4411,{}
SajSadiqCricket,imHMHanif,{}
SajSadiqCricket,muneebtweets_,{}
SajSadiqCricket,andaywalaboy,{}
SajSadiqCricket,ankush_katyayan,{}
SajSadiqCricket,Zeeshiikhan11,{}
SajSadiqCricket,fhafeez64,{}
SajSadiqCricket,jaiswalvickykum,{}
SajSadiqCricket,Dahri85Waqar,{}
SajSadiqCricket,chnoumannaveed6,{}
SajSadiqCricket,Cricketartist_,{}
SajSadiqCricket,Atifjakhrani1,{}
Maham59051014,cricketpakcompk,{}
hadiqa_rajput,ArfaSays_,{}
hadiqa_rajput,daniel86cricket,{}
AqeelViews,cricbuzz,{}
AqeelViews,CricWick,{}
AqeelViews,TheBarmyArmy,{}
AqeelViews,englandcricket,{}
AqeelViews,Sport360,{}
AqeelViews,ThePapareSports,{}
AqeelViews,iamqadirkhawaja,{}
AqeelViews,cricketaakash,{}
AqeelViews,daniel86cricket,{}
TabishMahtab,daniel86cricket,{}
RCBTweets,MR360AA,{}
RCBTweets,Zayn261,{}
RCBTweets,VikasBh08557720,{}
RCBTweets,MVRRRR,{}
RCBTweets,Sanjay63759,{}
RCBTweets,RiyaSahil2,{}
RCBTweets,Aishuai40083175,{}
RCBTweets,ShivaaySarvjeet,{}
RCBTweets,SachinC49585301,{}
RCBTweets,Imankit6908,{}
RCBTweets,ImViratNavvy,{}
RCBTweets,mb___tharun,{}
RCBTweets,SanthuK10544678,{}
RCBTweets,SuttaBoss,{}
RCBTweets,Mohankrishna_19,{}
RCBTweets,ursrajareddy,{}
RCBTweets,puttu481,{}
RCBTweets,_Cyborg_Offl3,{}
RCBTweets,ViratBoji,{}
RCBTweets,Ravi_rubi1,{}
RCBTweets,DKgaaru,{}
RCBTweets,Deejaysaikumar,{}
RCBTweets,SriniSrins,{}
RCBTweets,Aravind070292,{}
RCBTweets,ThotaSaikiran4,{}
RCBTweets,RaxRaksh,{}
RCBTweets,Vin_Phenomenal,{}
RCBTweets,Saloni05007919,{}
RCBTweets,ajay32__ajay__,{}
RCBTweets,SK_Fan_Of_PK,{}
RCBTweets,Charan47225522,{}
RCBTweets,maddy_vinith,{}
RCBTweets,DeepaG92572930,{}
RCBTweets,RamaVelivel,{}
RCBTweets,Prasanth32400,{}
RCBTweets,UppalapuSrinu,{}
RCBTweets,shaandarsri,{}
RCBTweets,mohanfrancis2,{}
RCBTweets,PavanReddyN777,{}
RCBTweets,Anil_Pawanist,{}
RCBTweets,spooky_DQ,{}
RCBTweets,Santhos43789497,{}
RCBTweets,ViratVicky6,{}
RCBTweets,UshaVer57739992,{}
RCBTweets,Pavan01031,{}
RCBTweets,Hariom45752750,{}
RCBTweets,SatishShroti,{}
RCBTweets,KillerF06129668,{}
RCBTweets,PrinceJabbar12,{}
RCBTweets,krishx008,{}
RCBTweets,ManojKu88506274,{}
RCBTweets,Manooobilla,{}
RCBTweets,Yogesh86163927,{}
RCBTweets,ankitpandey_222,{}
RCBTweets,Vignesh48230306,{}
RCBTweets,Bhavik76771168,{}
RCBTweets,RebeL_Lokie,{}
RCBTweets,owais5555,{}
RCBTweets,dhanushAthiru,{}
RCBTweets,ManjuMa49824053,{}
RCBTweets,lmroLonW0kVVCTq,{}
RCBTweets,ruthless_MBfan,{}
RCBTweets,SHAIKABDULZAHEE,{}
RCBTweets,RamRam06,{}
RCBTweets,urstrulykiran18,{}
RCBTweets,Mohamma5719997,{}
RCBTweets,SheikFazil15,{}
RCBTweets,AvniKhan13,{}
RCBTweets,SiwaJilakara,{}
RCBTweets,Shanwaz74731965,{}
RCBTweets,RamavathRakesh6,{}
RCBTweets,balu_AADHF,{}
RCBTweets,AnkushS75853987,{}
RCBTweets,barshaVkohli18,{}
RCBTweets,NandaAkkineni,{}
RCBTweets,youngpraveen9,{}
RCBTweets,Jagadee34995779,{}
RCBTweets,46_jameel,{}
RCBTweets,Ajithku69948815,{}
RCBTweets,sarath_2277,{}
RCBTweets,AkkineniCult,{}
RCBTweets,ViratSiva3355,{}
RCBTweets,Vipvimal03,{}
RCBTweets,MohamedSahiM03,{}
RCBTweets,Imazhar15,{}
RCBTweets,tharani_s_k_78,{}
RCBTweets,shaik_sharik,{}
RCBTweets,SuryaPr45363425,{}
RCBTweets,princemaheshptl,{}
RCBTweets,imgovinddd,{}
RCBTweets,Rahul_1296,{}
RCBTweets,MaddhelaSasi,{}
RCBTweets,SK_17_VK_18,{}
RCBTweets,jASunn9,{}
RCBTweets,VishnuGopal112,{}
RCBTweets,makay22360012,{}
RCBTweets,suhelkhan8634,{}
RCBTweets,Chandan67518213,{}
RCBTweets,Rishabh84284526,{}
RCBTweets,Bunny96131785,{}
RCBTweets,TejasKu64833148,{}
RCBTweets,AkKannekanti,{}
RCBTweets,CultIsRising,{}
RCBTweets,SailathaDarur,{}
RCBTweets,ram_abbireddy17,{}
RCBTweets,vikram_OP18,{}
RCBTweets,Afg_fan_offcl,{}
RCBTweets,GaneshKohliOffi,{}
RCBTweets,Manoran11537067,{}
RCBTweets,Chandra75088594,{}
RCBTweets,Akash_joshi27,{}
RCBTweets,Tweet2Mrx,{}
RCBTweets,PunithGowda9368,{}
RCBTweets,KingOfCricket__,{}
RCBTweets,PremD8055,{}
RCBTweets,Sendhan283S,{}
RCBTweets,AlluArjunFanRK,{}
RCBTweets,_itsAdityaraj,{}
RCBTweets,Shafiq75770069,{}
RCBTweets,imjp96,{}
RCBTweets,Jeevan20855193,{}
RCBTweets,sourabhsn790,{}
RCBTweets,tely6lAGZTjqySn,{}
RCBTweets,ViratVenkatesh9,{}
RCBTweets,BittuKu65208954,{}
RCBTweets,KiranRe97483884,{}
RCBTweets,im_Vijay7,{}
RCBTweets,maddiralarajes5,{}
RCBTweets,Devaraj06427523,{}
RCBTweets,Sathish25478983,{}
RCBTweets,Shashan99329934,{}
RCBTweets,Virat09878980,{}
RCBTweets,CG689795,{}
RCBTweets,SaiPrakashGoud1,{}
RCBTweets,fanofdboss0,{}
RCBTweets,Pughal07633100,{}
MR360AA,SunRisers,{}
Zayn261,pragyanojha,{}
Zayn261,ChloeAmandaB,{}
Zayn261,india_fantasy,{}
MVRRRR,PunjabKingsIPL,{}
RiyaSahil2,cricbuzz,{}
SachinC49585301,WisdenIndia,{}
SachinC49585301,Sportskeeda,{}
SachinC49585301,cricbuzz,{}
SachinC49585301,toisports,{}
SachinC49585301,PunjabKingsIPL,{}
Imankit6908,circleofcricket,{}
Imankit6908,CricSubhayan,{}
Imankit6908,SushantNMehta,{}
Mohankrishna_19,CSKFansOfficial,{}
Mohankrishna_19,StarSportsIndia,{}
Lasantha_NP,OfficialSLC,{}
Itz_ishanvj,Csk_army1,{}
Sandun_R,cricketaakash,{}
Sandun_R,RusselArnold69,{}
ksbraveenan,ThePapareSports,{}
Pavan01031,ComeOnCricket,{}
sarath_2277,cricbuzz,{}
SAIRAMNANDAMURI,CSKFansOfficial,{}
shuvamseal,BLACKCAPS,{}
Thalakannan98_,KKRiders,{}
Thalakannan98_,ComeOnCricket,{}
Thalakannan98_,rajp3006,{}
Thalakannan98_,tn_ipl_fans,{}
i_8955,cricbuzz,{}
i_8955,CSKFansOfficial,{}
Khan_Junaid83,CodeInfosys,{}
Khan_Junaid83,anwer_afzaal,{}
Khan_Junaid83,ishtiaq_jabbar,{}
Khan_Junaid83,Muhamma46487874,{}
Khan_Junaid83,WasifJa44312458,{}
Khan_Junaid83,AliAwan51756965,{}
Khan_Junaid83,t_sohaila,{}
Khan_Junaid83,Engr_UmarKhalil,{}
Khan_Junaid83,afzaliqbalKumbo,{}
Khan_Junaid83,RaheelK40502881,{}
Khan_Junaid83,h51MeB12k6nsSVl,{}
SriniSrins,StarSportsIndia,{}
Chandan30400311,cricbuzz,{}
VijayDurgaRao2,cricbuzz,{}
VijayDurgaRao2,Sport360,{}
vandana64816004,DelhiCapitals,{}
vandana64816004,cricbuzz,{}
Chandan67518213,Sportskeeda,{}
TejasKu64833148,cricbuzz,{}
shubh_ind,jeena203,{}
shubh_ind,GuPta____,{}
shubh_ind,pavan_sethi,{}
shubh_ind,donanantsingh,{}
NehaDub86934974,StarSportsIndia,{}
Raja28O394,cricbuzz,{}
Raja28O394,KKRiders,{}
Tapanjt2,DelhiCapitals,{}
DKgaaru,PunjabKingsIPL,{}
DKgaaru,VVSLaxman281,{}
DKgaaru,StarSportsIndia,{}
DKgaaru,KKRiders,{}
Deejaysaikumar,KKRiders,{}
Aravind070292,cricbuzz,{}
RaxRaksh,cricbuzz,{}
RaxRaksh,Ajith_tweets,{}
RaxRaksh,CricSubhayan,{}
Vin_Phenomenal,StarSportsIndia,{}
Vin_Phenomenal,KKRiders,{}
OfficialSLC,A_S_345,{}
OfficialSLC,KumarNiros,{}
OfficialSLC,kannar852,{}
OfficialSLC,NehanShanuka,{}
OfficialSLC,Ashandulakshana,{}
OfficialSLC,cyed512,{}
OfficialSLC,nethmaransara,{}
OfficialSLC,ClassySha1,{}
OfficialSLC,Yk_taekook,{}
saberhc,DMAZIZ27,{}
saberhc,Nahid66577,{}
saberhc,AlomHai,{}
saberhc,alamshaiful1978,{}
saberhc,nasimulGaniKha2,{}
saberhc,jubaett,{}
saberhc,SomratOfficial,{}
saberhc,benasbd,{}
saberhc,i_m_durjoy,{}
saberhc,walihaque,{}
saberhc,bddreamer_101,{}
saberhc,KhandakerRed,{}
saberhc,DjBHOOT,{}
saberhc,RayhanChowdur12,{}
saberhc,navid182,{}
saberhc,Rahman_Rakib10,{}
saberhc,Ahafiz1,{}
saberhc,DinMoha61943667,{}
Prasanth32400,ChloeAmandaB,{}
UppalapuSrinu,circleofcricket,{}
PavanReddyN777,PunjabKingsIPL,{}
Anil_Pawanist,ChloeAmandaB,{}
UshaVer57739992,CSKFansOfficial,{}
UshaVer57739992,india_fantasy,{}
StraightDrive_,ThurunuJ,{}
ankitpandey_222,cricketaakash,{}
ankitpandey_222,ChloeAmandaB,{}
Vignesh48230306,ChloeAmandaB,{}
owais5555,WisdenIndia,{}
owais5555,KLRahulTrends_,{}
owais5555,KKRiders,{}
owais5555,Fukkard,{}
iamarchis16,ArchizOp,{}
cricketaakash,Saurabh02131989,{}
cricketaakash,IftiyarMohd,{}
cricketaakash,lokeshBangaram,{}
cricketaakash,4adivya,{}
cricketaakash,Prasant53096604,{}
cricketaakash,URiazfanpage,{}
cricketaakash,SanthuG09510487,{}
cricketaakash,CultDinesh,{}
cricketaakash,im_Yashwant14,{}
cricketaakash,Harsh199888,{}
cricketaakash,KartikYadaba,{}
cricketaakash,Shahidakhter789,{}
cricketaakash,Iam_Sudarshann,{}
cricketaakash,purushottamlcb,{}
cricketaakash,devchavda13,{}
cricketaakash,callmejayy91,{}
cricketaakash,Mishraj84836477,{}
cricketaakash,donnyankles,{}
cricketaakash,Pawan_Pk_Freak,{}
cricketaakash,TheWarrior0911,{}
cricketaakash,Eddie_eee,{}
cricketaakash,mohanpgdm,{}
cricketaakash,PathumWimukthi7,{}
cricketaakash,catchakhilesh,{}
cricketaakash,braganzie,{}
cricketaakash,parts79,{}
cricketaakash,kishore0126,{}
cricketaakash,shafuuuuu1,{}
cricketaakash,abuharris085,{}
cricketaakash,sayandas2503,{}
cricketaakash,beingmirzaa,{}
cricketaakash,bharath9907,{}
cricketaakash,abdul_rehman263,{}
cricketaakash,LiyaZak,{}
cricketaakash,PushpendraVas10,{}
cricketaakash,Khadiminnocnt,{}
cricketaakash,FILMYCRAZE29,{}
cricketaakash,TBKRNBKR,{}
cricketaakash,Bhavya_Kaushik,{}
cricketaakash,Rohit38454074,{}
cricketaakash,Rajputsumitsi13,{}
cricketaakash,Ramvignesh490,{}
cricketaakash,aniketshinde_7,{}
cricketaakash,BirendraChoube6,{}
cricketaakash,ninadb27,{}
cricketaakash,Mawwa27,{}
cricketaakash,Rolex53677408,{}
cricketaakash,rakesh31046324,{}
cricketaakash,dragDnara,{}
cricketaakash,true_alpha____x,{}
cricketaakash,Kimjangun1,{}
cricketaakash,Shivam8923,{}
IftiyarMohd,CricWick,{}
IftiyarMohd,StarSportsIndia,{}
IftiyarMohd,daniel86cricket,{}
4adivya,rameshlaus,{}
4adivya,cricbuzz,{}
SanthuG09510487,SunRisers,{}
KartikYadaba,VVSLaxman281,{}
PunjabKingsIPL,NiteShRajwade19,{}
PunjabKingsIPL,_shubham177,{}
PunjabKingsIPL,Manojku12026918,{}
PunjabKingsIPL,tely6lAGZTjqySn,{}
PunjabKingsIPL,mahesh_imran,{}
PunjabKingsIPL,Vishal80374087,{}
PunjabKingsIPL,prasadbhagat007,{}
PunjabKingsIPL,rafi7845,{}
PunjabKingsIPL,KEERTHIAJAY4,{}
PunjabKingsIPL,PPacchiii,{}
PunjabKingsIPL,girishchaithu18,{}
PunjabKingsIPL,vamsiprince20,{}
PunjabKingsIPL,Foxgame98383625,{}
PunjabKingsIPL,Sanjay10108759,{}
PunjabKingsIPL,Raaj91139738,{}
PunjabKingsIPL,naveenrodrix,{}
PunjabKingsIPL,SiddiqSha13,{}
PunjabKingsIPL,DileepK66564158,{}
PunjabKingsIPL,Sridhar29810429,{}
PunjabKingsIPL,ShekharJamadar1,{}
PunjabKingsIPL,VithuVi45504300,{}
PunjabKingsIPL,devanshkumar498,{}
PunjabKingsIPL,GPS_Trackee,{}
PunjabKingsIPL,Ciao_Adio,{}
PunjabKingsIPL,ThirumaleshPri3,{}
PunjabKingsIPL,PJBKINGS,{}
PunjabKingsIPL,thisz_rohit,{}
PunjabKingsIPL,rushikesh_96,{}
PunjabKingsIPL,PraveenBullet5,{}
PunjabKingsIPL,YerraboyinaK,{}
PunjabKingsIPL,srvna_,{}
PunjabKingsIPL,Subin99822559,{}
PunjabKingsIPL,355Pavan,{}
PunjabKingsIPL,Kumarvivekrajp1,{}
PunjabKingsIPL,rubenlal65,{}
PunjabKingsIPL,PenabakaP,{}
PunjabKingsIPL,urmitydv07,{}
PunjabKingsIPL,ganeshmsdian7,{}
PunjabKingsIPL,AwesomeAravin13,{}
PunjabKingsIPL,harish9449,{}
PunjabKingsIPL,gautamhere_,{}
PunjabKingsIPL,RohanBhatti14,{}
PunjabKingsIPL,PandaSrujan,{}
PunjabKingsIPL,Vishalk98688601,{}
PunjabKingsIPL,Mr_K_Pushpendra,{}
PunjabKingsIPL,harshith_rebel1,{}
PunjabKingsIPL,NBKLions12,{}
PunjabKingsIPL,Abp07150478,{}
PunjabKingsIPL,eswardhfp,{}
PunjabKingsIPL,ismailvijay,{}
PunjabKingsIPL,Siddhar29180487,{}
PunjabKingsIPL,RajeshR0808,{}
PunjabKingsIPL,AkKannekanti,{}
PunjabKingsIPL,SonuOjha25,{}
PunjabKingsIPL,Guru34130545,{}
PunjabKingsIPL,ViratKo59965343,{}
PunjabKingsIPL,alwayskarunakr,{}
PunjabKingsIPL,KAILASH25012008,{}
NiteShRajwade19,VVSLaxman281,{}
mahesh_imran,KKRiders,{}
prasadbhagat007,WisdenIndia,{}
prasadbhagat007,KKRiders,{}
girishchaithu18,cricbuzz,{}
girishchaithu18,Ajith_tweets,{}
rameshlaus,DINESHK84828649,{}
rameshlaus,Mohamed99542233,{}
rameshlaus,SAKETHOFFICAL,{}
rameshlaus,johnwes93288750,{}
rameshlaus,Amanjitghosh,{}
rameshlaus,AnilVirat18VK,{}
rameshlaus,PraveeSfc404202,{}
rameshlaus,TejRoy6,{}
rameshlaus,MrWante88308067,{}
rameshlaus,Raghuram2909,{}
rameshlaus,NaveenK12691157,{}
rameshlaus,Saravan81083804,{}
rameshlaus,EsakksV,{}
rameshlaus,TorqueRider369,{}
rameshlaus,Jmk_024,{}
rameshlaus,kassim_jack,{}
AnilVirat18VK,VVSLaxman281,{}
ARYANSI66755140,SportsR3public,{}
TheSwarnKumar1,DeviLDhoniFan07,{}
TheSwarnKumar1,SushantNMehta,{}
TheSwarnKumar1,CricSubhayan,{}
CensorBuz,Mcnagesh1,{}
CensorBuz,DharmaR16767135,{}
CensorBuz,MVeeramaneni,{}
CensorBuz,ReddyVeneeth,{}
CensorBuz,Ganesh__arya13,{}
CensorBuz,SANJU___REDDY,{}
CensorBuz,Siddhart_Roy_,{}
CensorBuz,Pratik_Army__,{}
bnb952,MuraliPod,{}
Myself_Prince__,SRKJTHJ,{}
Myself_Prince__,SharaniaJ,{}
Myself_Prince__,Thanos7860,{}
Myself_Prince__,_Srkholic_87,{}
Myself_Prince__,CharlieSRK555,{}
Myself_Prince__,AbhitanshSinha2,{}
Myself_Prince__,SRKian_Arijit,{}
Myself_Prince__,Fakeaccoun5552,{}
Myself_Prince__,lcaromunoz,{}
Myself_Prince__,ZalzalaMass,{}
ArfaSays_,As__SP,{}
ArfaSays_,screwdriver4821,{}
ArfaSays_,Umairlaar,{}
ArfaSays_,talhabhatti97,{}
ArfaSays_,iftiKha64490102,{}
ArfaSays_,SoCalledArshman,{}
ArfaSays_,moeedbinqamar,{}
ArfaSays_,atifscorpio,{}
ArfaSays_,Shakil_Syed74,{}
ArfaSays_,CricketPromo,{}
ArfaSays_,theshumail,{}
ArfaSays_,michaelsahotra,{}
ArfaSays_,masim15,{}
ArfaSays_,ChargerAlpha,{}
ArfaSays_,Muhamma76529576,{}
ArfaSays_,Fizzy9826,{}
ArfaSays_,drkaykaypk,{}
ArfaSays_,MuhamadAfzalECP,{}
ArfaSays_,AbbasSays786,{}
ArfaSays_,abdul_rehman263,{}
ArfaSays_,FracturedMalang,{}
ArfaSays_,PTI_Tiger_Force,{}
ArfaSays_,fhafeez64,{}
ArfaSays_,TheMoiz30,{}
ArfaSays_,MuniraMurtazaMW,{}
ArfaSays_,drsfashraf,{}
As__SP,CricWick,{}
Umairlaar,iamqadirkhawaja,{}
Umairlaar,RusselArnold69,{}
Umairlaar,KazmiWajahat,{}
iftiKha64490102,daniel86cricket,{}
Shakil_Syed74,khelshel,{}
theshumail,englandcricket,{}
VVSLaxman281,PavankalyanBan6,{}
VVSLaxman281,TheWarrior0911,{}
VVSLaxman281,MageshK79196746,{}
VVSLaxman281,DileepK66564158,{}
VVSLaxman281,ahirnavneet1,{}
VVSLaxman281,ysrayudu9999,{}
VVSLaxman281,Sanjeev05148270,{}
VVSLaxman281,Sathi97839931,{}
VVSLaxman281,Imamhasan01,{}
VVSLaxman281,THERAJPUT24,{}
VVSLaxman281,Iron_man_PTI,{}
VVSLaxman281,IamAbdurCr7,{}
VVSLaxman281,Raju_patil7699,{}
TheWarrior0911,KKRiders,{}
TheWarrior0911,cricbuzz,{}
TheWarrior0911,WasimJaffer14,{}
TheWarrior0911,pragyanojha,{}
DileepK66564158,Ajith_tweets,{}
DileepK66564158,WisdenIndia,{}
ysrayudu9999,cricbuzz,{}
naveenrodrix,DelhiCapitals,{}
naveenrodrix,KKRiders,{}
SiddiqSha13,KKRiders,{}
SunRisers,Gshirish7,{}
SunRisers,Harshambkajal,{}
SunRisers,punnashiva7,{}
SunRisers,srh_raww,{}
SunRisers,MOHDSHABEEL1,{}
SunRisers,SRPradhan__,{}
SunRisers,Aakash49545154,{}
SunRisers,LakkojuPhanind1,{}
SunRisers,thefilthywriter,{}
SunRisers,Khan89317659,{}
SunRisers,akhylreddy,{}
SunRisers,MSENIORADVOCATE,{}
SunRisers,BawaPahaadi_,{}
SunRisers,JainulA11173449,{}
SunRisers,VishnuGopal112,{}
SunRisers,Praveen_Prabha_,{}
SunRisers,shashik70091154,{}
SunRisers,MEGAfansNlgonda,{}
SunRisers,Kuldeep26142474,{}
SunRisers,sweety_sunny35,{}
SunRisers,Subbu71868606,{}
SunRisers,TauhedL,{}
SunRisers,Dhf__prabhas_,{}
SunRisers,MohanKandimalla,{}
SunRisers,DhiwakarKambham,{}
SunRisers,TarakDilip9999,{}
SunRisers,Govi52,{}
SunRisers,YoYoHon45193940,{}
SunRisers,SumanKu32093820,{}
SunRisers,QyamulUrfDiwana,{}
SunRisers,NTRandKohliFan,{}
SunRisers,SouthPeNoDoubt,{}
SunRisers,iamskpash,{}
SunRisers,RSrishti7,{}
SunRisers,UrstrulyJosh1,{}
SunRisers,VajrapuSatish,{}
SunRisers,Karthik87895464,{}
SunRisers,HiteshYadav1092,{}
SunRisers,ganeshmsdian7,{}
SunRisers,CherryAakash,{}
SunRisers,Chandra07641961,{}
SunRisers,eswardhfp,{}
SunRisers,AyyagaruNumber1,{}
SunRisers,ManiSubbu15,{}
SunRisers,AnmolGollar,{}
SunRisers,raj_31kl,{}
SunRisers,DVS790,{}
SunRisers,KommeraGopi,{}
SunRisers,Radhakr01656387,{}
SunRisers,himmat_x,{}
VishnuGopal112,StarSportsIndia,{}
VishnuGopal112,DelhiCapitals,{}
VishnuGopal112,cricbuzz,{}
shashik70091154,DelhiCapitals,{}
KKRiders,Drkkchauhan7661,{}
KKRiders,sv_shimage,{}
KKRiders,Bishnu31083891,{}
KKRiders,srk_addictt,{}
KKRiders,QasidThe,{}
KKRiders,RubinaS91302833,{}
KKRiders,SaveConstituti3,{}
KKRiders,Thegame40623569,{}
KKRiders,badnamlawyer,{}
KKRiders,kazimaqeel3,{}
KKRiders,mashu_2001,{}
KKRiders,shaikhsaleem64,{}
KKRiders,BeingKhanFaizzz,{}
KKRiders,ShauvikSaha,{}
KKRiders,RohitDu81295481,{}
KKRiders,ImranSh67750853,{}
KKRiders,karanjjoshi,{}
KKRiders,PranayMaity25,{}
KKRiders,parames79265189,{}
KKRiders,srkianAmanking,{}
KKRiders,KlRahul74007518,{}
KKRiders,ursMaahi2322,{}
KKRiders,iHrithikWarrior,{}
KKRiders,IconicViratian,{}
KKRiders,mayer_doi,{}
KKRiders,Irbazure,{}
KKRiders,VarshRaja,{}
KKRiders,Shafiq75770069,{}
KKRiders,Msd0787432938,{}
KKRiders,SRKsSweetiee,{}
KKRiders,RamRam06,{}
KKRiders,Srinu79570088,{}
KKRiders,ArunKum82771469,{}
KKRiders,SRKAdilabadCFC,{}
KKRiders,iamrihal55,{}
KKRiders,SRKLaturCFC,{}
KKRiders,SRKCHENNAIFC,{}
KKRiders,DrSatishH,{}
KKRiders,Jyotii515,{}
KKRiders,rshah2611,{}
KKRiders,Moulidarling95,{}
KKRiders,KhandarePushpak,{}
KKRiders,Gokul_215,{}
KKRiders,imyokes1,{}
KKRiders,AyanRaheem,{}
KKRiders,kamleshwar44,{}
KKRiders,VajrapuSatish,{}
KKRiders,Karthik87895464,{}
KKRiders,AnmolGollar,{}
KKRiders,Yedida_Siva_Sai,{}
KKRiders,SRKsABHI,{}
KKRiders,shanu_deekshith,{}
KKRiders,suriya_vijay123,{}
KKRiders,Siddhar29180487,{}
KKRiders,Im_ArunYadav11,{}
KKRiders,raghuveer_akula,{}
KKRiders,iamsaif02,{}
KKRiders,Anilpbholic,{}
KKRiders,PKJillu,{}
KKRiders,SunilBa17144894,{}
KKRiders,Skn77_NTR,{}
KKRiders,Shadabm62912729,{}
KKRiders,Amaan44599912,{}
KKRiders,Don3TheMovieFC,{}
KKRiders,Vinayakvijayak6,{}
KKRiders,itsNaresh555,{}
KKRiders,scalpelinhand,{}
KKRiders,iam_brand_raees,{}
KKRiders,Akkineniabhi2,{}
KKRiders,surojit9647,{}
KKRiders,officialrajkr,{}
KKRiders,jeshy_sano,{}
KKRiders,TusharBaghel_,{}
KKRiders,amaanpathan056,{}
KKRiders,Bidhin13147861,{}
KKRiders,realanshuu,{}
KKRiders,gauravr73262284,{}
KKRiders,FatimaZarrin3,{}
KKRiders,BittuKu65208954,{}
KKRiders,ArshadAlom15,{}
KKRiders,Mohamma96372996,{}
KKRiders,QyamulUrfDiwana,{}
KKRiders,MsvSaksham,{}
KKRiders,PareshSRKian,{}
KKRiders,SRKNashikCFC,{}
KKRiders,Barca_Makh,{}
KKRiders,rahebarahman,{}
KKRiders,JacksonYT15,{}
KKRiders,Chandra07641961,{}
KKRiders,amankathuria_4u,{}
Drkkchauhan7661,samcasm07,{}
sweety_sunny35,Fukkard,{}
Tarun54224101,Sportskeeda,{}
hitman20835,loyalSachfan,{}
hitman20835,ComeOnCricket,{}
PudiChaitanya1,rohitionss45,{}
AlluSk45,rohitionss45,{}
QyamulUrfDiwana,circleofcricket,{}
QyamulUrfDiwana,Sportskeeda,{}
deeban1997,circleofcricket,{}
leelasai_517,CRICKET_discord,{}
cricbuzz,Sumanthnallaga2,{}
cricbuzz,Gokulnath154,{}
cricbuzz,jeetudhingra,{}
cricbuzz,mass_fan26,{}
cricbuzz,RajjRajj0703,{}
cricbuzz,Lolita_TNIE,{}
cricbuzz,ANSH272727,{}
cricbuzz,INDRAATWEETS,{}
cricbuzz,Atifjakhrani1,{}
cricbuzz,dp_karthik,{}
cricbuzz,SuNilGudle1,{}
cricbuzz,ClSaro,{}
cricbuzz,enporoarmai,{}
cricbuzz,Bikky87676083,{}
cricbuzz,Siddhar51243438,{}
cricbuzz,Darsha87432985,{}
cricbuzz,Aravind83603339,{}
cricbuzz,cdeka678,{}
cricbuzz,CricketFreakQ1,{}
cricbuzz,ursMaahi2322,{}
cricbuzz,seval_official,{}
cricbuzz,Shahruk33909489,{}
cricbuzz,ManozPandey2,{}
cricbuzz,Rithuuuu,{}
cricbuzz,luckkybaba,{}
cricbuzz,e8f65f4448f945b,{}
cricbuzz,OfficialGreenS7,{}
cricbuzz,terence_fdes,{}
cricbuzz,hang85out,{}
cricbuzz,AArunKumar826,{}
cricbuzz,ganeshmsdian7,{}
cricbuzz,REHANRAZAQADRI,{}
cricbuzz,towseefKhan_099,{}
cricbuzz,BikramS79594670,{}
cricbuzz,RiyaAgr38367646,{}
cricbuzz,NagarjiPriya,{}
cricbuzz,loveindia828,{}
cricbuzz,eswardhfp,{}
cricbuzz,tejaYadav19,{}
cricbuzz,Chandra07641961,{}
cricbuzz,SujithNaidu18,{}
cricbuzz,Moulidarling95,{}
cricbuzz,varshasappidi31,{}
cricbuzz,GAndrangi,{}
cricbuzz,SaiKuma72068219,{}
cricbuzz,Vicky_officl,{}
cricbuzz,DIL_HIDILMAI,{}
cricbuzz,AnanditaDube,{}
cricbuzz,dips1,{}
cricbuzz,VISWANATHSINGA3,{}
cricbuzz,Rehan___054,{}
cricbuzz,Thisissai6,{}
cricbuzz,itssathish_us,{}
cricbuzz,KingOfCricket__,{}
cricbuzz,saitharak9999,{}
cricbuzz,SaleemPashaSha4,{}
cricbuzz,Akkipatil1802,{}
cricbuzz,simpledude777,{}
cricbuzz,mano1907,{}
cricbuzz,CricketSourabh,{}
cricbuzz,saksham40564385,{}
cricbuzz,DhavalGurnani,{}
cricbuzz,jubinMchacko,{}
cricbuzz,shuklajee25,{}
cricbuzz,adambasha958,{}
cricbuzz,tamil_vijaybro,{}
cricbuzz,misssunshineex,{}
cricbuzz,nishhhhit,{}
cricbuzz,jitendr28684955,{}
Sumanthnallaga2,CSKFansOfficial,{}
Gokulnath154,Ajith_tweets,{}
Gokulnath154,Cric_beat,{}
Gokulnath154,ComeOnCricket,{}
ANSH272727,india_fantasy,{}
INDRAATWEETS,StarSportsIndia,{}
Atifjakhrani1,CricWick,{}
samcasm07,Chuckle_Some2,{}
samcasm07,hiteshm09,{}
samcasm07,CALLMEBIBHU,{}
samcasm07,tanyeahhh_xo,{}
samcasm07,upasana_07,{}
samcasm07,ItsMahicasm,{}
samcasm07,adiba_sabahat,{}
samcasm07,comedibanda,{}
samcasm07,kishankr672,{}
samcasm07,_Bit_2,{}
samcasm07,Memeswalaladka,{}
samcasm07,Gauri_doonite,{}
samcasm07,manushya_,{}
samcasm07,Ekdum_jhakaasss,{}
samcasm07,mrkaranarya,{}
samcasm07,Bcmc_111,{}
samcasm07,murda_hasti,{}
samcasm07,monicas_7777,{}
comedibanda,DrShivasis,{}
MuraliPod,robmck79,{}
MuraliPod,andronic_galina,{}
MuraliPod,ath007,{}
MuraliPod,VickiJoKitty,{}
MuraliPod,leavemout,{}
MuraliPod,IamCTandyournot,{}
MuraliPod,Tom139uk,{}
MuraliPod,andynkirk,{}
MuraliPod,MrsMoneyPennyUK,{}
MuraliPod,deanne2622,{}
MuraliPod,busterjames1,{}
MuraliPod,Johnson53Debbie,{}
MuraliPod,AlmaDelMar6,{}
MuraliPod,chrisyboy6,{}
MuraliPod,Gilbers1983,{}
MuraliPod,TaxiTeresa,{}
MuraliPod,muminchester,{}
MuraliPod,MimicMummy,{}
MuraliPod,moonlightlady2,{}
circleofcricket,PremchandVempu1,{}
circleofcricket,iamKarthi7,{}
circleofcricket,mallick_munu,{}
circleofcricket,swastik_bargarh,{}
circleofcricket,Kumarvivekrajp1,{}
circleofcricket,vickythube6,{}
circleofcricket,JohnYad66251399,{}
circleofcricket,RIFAY90950431,{}
circleofcricket,SyedSam51439843,{}
circleofcricket,indiancrickguy,{}
circleofcricket,AdityaJ61145241,{}
circleofcricket,Umeshmahalik4,{}
circleofcricket,VishaL_NavY13,{}
circleofcricket,Pavitra94720444,{}
circleofcricket,rahulnewstoday,{}
circleofcricket,AkshitVohra5,{}
circleofcricket,iambiswanath96,{}
circleofcricket,legendvk18,{}
circleofcricket,Freakoh,{}
circleofcricket,CricketSourabh,{}
circleofcricket,Thishanthan224,{}
circleofcricket,SathishBhuvi2,{}
circleofcricket,NehaSin84077111,{}
circleofcricket,PraveenMass18vk,{}
circleofcricket,Rizzvi73,{}
Kumarvivekrajp1,SushantNMehta,{}
Kumarvivekrajp1,s_badrinath,{}
Kumarvivekrajp1,BLACKCAPS,{}
AdityaJ61145241,SushantNMehta,{}
AdityaJ61145241,s_badrinath,{}
OfficialCSA,milehighjokic,{}
OfficialCSA,AmogelangLefa,{}
OfficialCSA,GijaWilson,{}
OfficialCSA,CalPotata,{}
OfficialCSA,TheBenjMark,{}
OfficialCSA,Ayanda50928810,{}
OfficialCSA,dikeledi87,{}
OfficialCSA,MzansisHP,{}
OfficialCSA,Ntezana_NT,{}
OfficialCSA,AQKazmi2,{}
OfficialCSA,KM_Khanye,{}
OfficialCSA,Gauravk80921809,{}
OfficialCSA,chabalala_kb,{}
OfficialCSA,siduduzoj12,{}
OfficialCSA,Wilhelmjnr,{}
OfficialCSA,__Njabulo,{}
OfficialCSA,MalusiMakhoba,{}
OfficialCSA,Siyawusbu,{}
OfficialCSA,Suryapr47924674,{}
AQKazmi2,Sikanderbakhts,{}
Suryapr47924674,deeputalks,{}
Suryapr47924674,BLACKCAPS,{}
NTRFanTrends,DharmaT45762805,{}
NTRFanTrends,NTRdevoteKP,{}
NTRFanTrends,KumarBheemNTR,{}
NTRFanTrends,kartheek_konda,{}
NTRFanTrends,tweet_Tarak,{}
NTRFanTrends,DrONaTarakian,{}
NTRFanTrends,sivasanthosh999,{}
NTRFanTrends,Keerthan_67,{}
NTRFanTrends,RajeshT27908970,{}
NTRFanTrends,Venkata75898292,{}
NTRFanTrends,AshokSi17808219,{}
NTRFanTrends,kohli_naren,{}
NTRFanTrends,Nikhilkota20,{}
NTRFanTrends,manofmasssesNTR,{}
NTRFanTrends,DharmaR08919646,{}
NTRFanTrends,Ashwath65147204,{}
NTRFanTrends,eswar_tarak,{}
NTRFanTrends,kaNTRi__,{}
NTRFanTrends,jasti_bhanu,{}
NTRFanTrends,MassesNtr,{}
Never_The_Ness,india_fantasy,{}
Chaitan47754765,Ajith_tweets,{}
_Krishna12,Cric_beat,{}
iamqadirkhawaja,imRKabir,{}
iamqadirkhawaja,KashiAnsi,{}
iamqadirkhawaja,WaqasSi86632528,{}
iamqadirkhawaja,aamemon990,{}
iamqadirkhawaja,khull_ke_bol,{}
iamqadirkhawaja,imannansari27,{}
iamqadirkhawaja,mairee4252,{}
iamqadirkhawaja,MWaQarFaZal10,{}
iamqadirkhawaja,skesy10,{}
iamqadirkhawaja,Iambabarian56,{}
iamqadirkhawaja,hunaizawaseem1,{}
iamqadirkhawaja,UmairIsmail9935,{}
iamqadirkhawaja,Mohd_Waleed,{}
iamqadirkhawaja,WaseemHayder12,{}
iamqadirkhawaja,RomeshRomu,{}
iamqadirkhawaja,Mastermind_Uins,{}
iamqadirkhawaja,Usman61166217,{}
iamqadirkhawaja,AsadMal16291912,{}
iamqadirkhawaja,HananAzhar56,{}
iamqadirkhawaja,bobbyazam56,{}
DChakaravathi,hemangkbadani,{}
KeeGo775,CSKFansOfficial,{}
BhanuThakur04,Sportskeeda,{}
Dheeraj7874,CricWick,{}
RamRam06,DelhiCapitals,{}
SheikFazil15,CSKFansOfficial,{}
SheikFazil15,StarSportsIndia,{}
SheikFazil15,s_badrinath,{}
AvniKhan13,pragyanojha,{}
SiwaJilakara,StarSportsIndia,{}
SiwaJilakara,india_fantasy,{}
CSKFansOfficial,JaiChaituu,{}
CSKFansOfficial,Ajithku69948815,{}
CSKFansOfficial,imsbhatt0707,{}
CSKFansOfficial,SmartyVishnu557,{}
CSKFansOfficial,JagguAaarmy,{}
CSKFansOfficial,Chitramysore1,{}
CSKFansOfficial,Malathi04037373,{}
CSKFansOfficial,deepika_eswar,{}
CSKFansOfficial,JOSHMS12,{}
CSKFansOfficial,Anu_CskFanGirl,{}
CSKFansOfficial,Parth_Shivi_FP,{}
CSKFansOfficial,Riyariy02530070,{}
CSKFansOfficial,sakle_vishal,{}
CSKFansOfficial,Yugathish1,{}
CSKFansOfficial,kareem4620,{}
CSKFansOfficial,Singhkushal7,{}
CSKFansOfficial,Raushan_803,{}
CSKFansOfficial,raju_truly,{}
CSKFansOfficial,ganeshmsdian7,{}
CSKFansOfficial,go_knack07,{}
CSKFansOfficial,Pavithraselvi2,{}
CSKFansOfficial,SHAIKNASARAHAM1,{}
CSKFansOfficial,GopicallisM,{}
CSKFansOfficial,KiranRe97483884,{}
CSKFansOfficial,Ganesh90506190,{}
CSKFansOfficial,MReventhiran,{}
Chitramysore1,s_badrinath,{}
CricWick,HaMAQureshi2,{}
CricWick,_cricingif,{}
CricWick,Ghazanfar6016,{}
CricWick,MdSalih1807,{}
CricWick,BhargavKohli7,{}
CricWick,EjazASheikh5,{}
CricWick,JamilRajput01,{}
CricWick,MuhyZaka,{}
CricWick,ChargerAlpha,{}
CricWick,SlickHammyJR,{}
CricWick,MurtazaZain,{}
CricWick,utallat5,{}
CricWick,Onnaib7,{}
CricWick,M_SAMI_KK,{}
CricWick,NaumanK45876860,{}
CricWick,SalmanHassan__,{}
CricWick,saaadmalikk,{}
CricWick,ShaykShack,{}
CricWick,Dahri85Waqar,{}
CricWick,HananAzhar56,{}
CricWick,khannnazmar,{}
CricWick,Kaleeem_m,{}
CricWick,Artistical071,{}
CricWick,Grey_Neon_747,{}
CricWick,Silentobservor1,{}
CricWick,emclub77,{}
CricWick,ShahidAfridian,{}
CricWick,BarriHamza3,{}
CricWick,HudaAsfeen,{}
46_jameel,AmbraneIndia,{}
ViratSiva3355,pragyanojha,{}
Sportskeeda,Hemanga22,{}
Sportskeeda,Nanishiva1510,{}
Sportskeeda,DGTera_Ishq,{}
Sportskeeda,ManishK65275644,{}
Sportskeeda,Newfriendsrini,{}
Sportskeeda,HarshRaj11223,{}
Sportskeeda,KesavanR786,{}
Sportskeeda,oldtraffard,{}
Sportskeeda,yokesh8,{}
Sportskeeda,ChetanGK4,{}
Sportskeeda,0ydvmanish,{}
Sportskeeda,No1Doctorking,{}
Sportskeeda,Iamvaishnav18,{}
Sportskeeda,harish_27gugan,{}
Sportskeeda,am260195,{}
Sportskeeda,Princesisodiy33,{}
Sportskeeda,Siddhar29180487,{}
Sportskeeda,Darsha87432985,{}
Sportskeeda,Naveen79271776,{}
Sportskeeda,CricketFreakQ1,{}
Sportskeeda,Manoj_26_04,{}
Sportskeeda,JosePuliampatta,{}
Sportskeeda,injigod,{}
Sportskeeda,kamuk88,{}
Sportskeeda,Yash_Waghela_,{}
Sportskeeda,OfficialGreenS7,{}
Sportskeeda,terence_fdes,{}
Sportskeeda,Harsh99928525,{}
Sportskeeda,U1ROCKI,{}
Sportskeeda,IPLT20_TezLive,{}
Sportskeeda,Ambivert_medic,{}
Sportskeeda,RanjanN16269632,{}
Sportskeeda,viral_shah88,{}
Sportskeeda,rithishdhoni7,{}
WasimJaffer14,sumitsomanioo7,{}
WasimJaffer14,ManishR87629586,{}
WasimJaffer14,KajalGu38166979,{}
WasimJaffer14,anishrdy2411,{}
WasimJaffer14,RJ29632859,{}
WasimJaffer14,Bherula58051399,{}
WasimJaffer14,darshan_patil,{}
WasimJaffer14,sathweeka,{}
WasimJaffer14,imran07703796,{}
WasimJaffer14,Nandkis23328343,{}
WasimJaffer14,MohanRa65903493,{}
WasimJaffer14,imshub_,{}
WasimJaffer14,RanglalLovewan5,{}
WasimJaffer14,Atharv33949603,{}
Ajith_tweets,plm3480,{}
Ajith_tweets,Sudeepboss45,{}
Ajith_tweets,bunny_admirer4,{}
Ajith_tweets,khyati19889044,{}
Ajith_tweets,Ankit_patel_AP,{}
Ajith_tweets,s44600634,{}
Ajith_tweets,Parth_shah1998,{}
Ajith_tweets,Amish___,{}
Ajith_tweets,Sidheart_10000,{}
Ajith_tweets,Shubham_0703,{}
Ajith_tweets,NtrArdent,{}
Ajith_tweets,John51787146,{}
Ajith_tweets,VishnuR01560327,{}
Ajith_tweets,SathishDx8,{}
StarSportsIndia,ku29336308,{}
StarSportsIndia,Barkatwap26,{}
StarSportsIndia,Rakhesh51069129,{}
StarSportsIndia,rohanvankadaru,{}
StarSportsIndia,R23837756Roy,{}
StarSportsIndia,devotteofcharan,{}
StarSportsIndia,Siva89001161,{}
StarSportsIndia,CherryAakash,{}
StarSportsIndia,James92811626,{}
StarSportsIndia,Devi28731156,{}
StarSportsIndia,iam_brand_raees,{}
StarSportsIndia,Rajajain123,{}
StarSportsIndia,AlwaysAdarsh_,{}
StarSportsIndia,Santhos74396593,{}
StarSportsIndia,Bikky87676083,{}
StarSportsIndia,PalmistYash,{}
StarSportsIndia,Harsha80117765,{}
StarSportsIndia,SketchRahul2,{}
StarSportsIndia,impayal918,{}
StarSportsIndia,Yuvraaj1799,{}
StarSportsIndia,pullshotx45,{}
StarSportsIndia,MuslimR21670284,{}
StarSportsIndia,JohnnyMukherje6,{}
StarSportsIndia,PrakharPandya4,{}
StarSportsIndia,JohnnyMukherje5,{}
StarSportsIndia,iamramviyyapu,{}
StarSportsIndia,JohnnyMukherje4,{}
CherryAakash,s_badrinath,{}
Nav4Prince,Vijju_Ro45,{}
Sivy62,sparknzsport,{}
WisdenIndia,dineshitRo_45,{}
WisdenIndia,ILoveYouJanu134,{}
WisdenIndia,OfficialGreenS7,{}
WisdenIndia,terence_fdes,{}
WisdenIndia,Atlas_1824,{}
WisdenIndia,ganeshmsdian7,{}
WisdenIndia,Hero_RamK,{}
WisdenIndia,REHANRAZAQADRI,{}
WisdenIndia,towseefKhan_099,{}
WisdenIndia,aliRizvi0011,{}
WisdenIndia,SHAIKNASARAHAM1,{}
WisdenIndia,Safi70SidNazz,{}
WisdenIndia,Anvesh77846777,{}
WisdenIndia,winstonjoel026,{}
WisdenIndia,Surendr75674598,{}
WisdenIndia,NaveenItzzzz,{}
WisdenIndia,venkatramulu_t,{}
WisdenIndia,channuG_rumma,{}
WisdenIndia,Dhf__prabhas_,{}
WisdenIndia,Vasim46407191,{}
WisdenIndia,TereBaapHiHum,{}
WisdenIndia,HiteshYadav1092,{}
WisdenIndia,Lakshmiputra96,{}
WisdenIndia,NareshTweet1,{}
WisdenIndia,Raj15O8,{}
WisdenIndia,kingufanikkada,{}
WisdenIndia,IcwaiV,{}
WisdenIndia,SunilAr61147499,{}
WisdenIndia,CedricSatya,{}
WisdenIndia,urstrulyRohit_,{}
WisdenIndia,i_amARJUNSINGH,{}
WisdenIndia,KunjanKumar45,{}
WisdenIndia,Dhanush66597914,{}
WisdenIndia,Mukesh73310081,{}
WisdenIndia,SailathaDarur,{}
WisdenIndia,SurajSaraaf,{}
WisdenIndia,Thala_Virat18,{}
WisdenIndia,Kiran76025100,{}
WisdenIndia,itsmemahee33,{}
WisdenIndia,indCinetrack,{}
dineshitRo_45,SportsR3public,{}
ILoveYouJanu134,rohitionss45,{}
ILoveYouJanu134,SportsR3public,{}
OfficialGreenS7,toisports,{}
ganeshmsdian7,Csk_army1,{}
REHANRAZAQADRI,captainmisbahpk,{}
towseefKhan_099,BLACKCAPS,{}
towseefKhan_099,SushantNMehta,{}
lodhifive,daniel86cricket,{}
TusharBaghel_,SkyCricket,{}
daniel86cricket,WaqarGull11,{}
daniel86cricket,MumtazObaid,{}
daniel86cricket,ammar_masaud,{}
daniel86cricket,TipuSul94537438,{}
daniel86cricket,BCSBART,{}
daniel86cricket,HaiderRasool18,{}
daniel86cricket,shbzsk,{}
daniel86cricket,IrfanBa06236791,{}
daniel86cricket,Irfankhanowaisi,{}
daniel86cricket,SaniaAli86,{}
daniel86cricket,atifdesignz,{}
daniel86cricket,SajidHussainMR,{}
daniel86cricket,Mayerdeep,{}
daniel86cricket,Ranjhya,{}
daniel86cricket,UmerAamirIam,{}
daniel86cricket,KB007Kashmir,{}
daniel86cricket,hunaizawaseem1,{}
daniel86cricket,smzubairbukhari,{}
daniel86cricket,Sajuaroopian56,{}
daniel86cricket,ChaChaNoorDeen,{}
daniel86cricket,M_SAMI__KK,{}
daniel86cricket,UmairIsmail9935,{}
daniel86cricket,TalhaRa44526927,{}
daniel86cricket,Ali33579940,{}
daniel86cricket,rajawajidali,{}
daniel86cricket,Ahmadali19137,{}
daniel86cricket,Mussab_Nagra,{}
daniel86cricket,Zeeshan_Rana0,{}
daniel86cricket,Karatogay1,{}
daniel86cricket,Qatil100,{}
daniel86cricket,AliHaid76587875,{}
daniel86cricket,Hijazey1,{}
daniel86cricket,NomanDar12,{}
Irfankhanowaisi,CricketNamibia1,{}
KB007Kashmir,HerNameIs_Bea,{}
smzubairbukhari,TheRealPCB,{}
smzubairbukhari,AtifMatinAnsari,{}
Siddhar29180487,toisports,{}
Darsha87432985,toisports,{}
injigod,toisports,{}
MOHDRIHAN54321,Ek_Musafir_13,{}
MOHDRIHAN54321,SumanSh42478368,{}
AasifAli2018,bacha_sufyan,{}
AasifAli2018,M_SAMI__KK,{}
AasifAli2018,hasnain111122,{}
AasifAli2018,i_em_Adnan,{}
AasifAli2018,MohammadzainPa3,{}
AasifAli2018,Kratika4Gurmeet,{}
AasifAli2018,Tubaa1011,{}
AasifAli2018,ItxBlacky,{}
AasifAli2018,AliHassan45312,{}
AasifAli2018,KamranShaikh4u,{}
AasifAli2018,RehnumaSamaji,{}
AasifAli2018,ShoaibSb01,{}
AasifAli2018,SYEDRAZ59179642,{}
AasifAli2018,sufiyan_pmln,{}
AasifAli2018,huzaifakhan030,{}
AasifAli2018,SardarFaheem007,{}
AasifAli2018,tahir102eb,{}
Kratika4Gurmeet,KazmiWajahat,{}
Muhamma76529576,TheRealPCB,{}
Muhamma76529576,_CricStats_,{}
Muhamma76529576,khelshel,{}
MsDFan_kLTiger,Rohitkideewanii,{}
ComeOn_Sports,i_amARJUNSINGH,{}
ComeOn_Sports,cric_pratik,{}
ComeOn_Sports,aspirant_im,{}
ComeOn_Sports,anonymusk_,{}
ComeOn_Sports,Virat_Fans_Army,{}
aspirant_im,pragyanojha,{}
deeputalks,sunnysingh695,{}
deeputalks,rooney10_fan,{}
deeputalks,NathanGonsalves,{}
deeputalks,shehzadkha4,{}
deeputalks,Sandeep41939411,{}
deeputalks,_hp321_,{}
deeputalks,wescrihmer,{}
deeputalks,Ved1266,{}
deeputalks,hrsh7dhoni,{}
deeputalks,786_nadz,{}
deeputalks,cricinsomniac17,{}
deeputalks,ShortThirdMan93,{}
deeputalks,massmusharaffg,{}
deeputalks,BRlANRAY,{}
deeputalks,KaushikNath96,{}
deeputalks,Krishna43990571,{}
wescrihmer,CricSubhayan,{}
ShortThirdMan93,ComeOnCricket,{}
massmusharaffg,gauravkalra75,{}
BRlANRAY,BLACKCAPS,{}
KaushikNath96,Cric_beat,{}
PakPMO,Iftakhar__Anjum,{}
PakPMO,Ahsanta567,{}
PakPMO,Khadzsheikh1974,{}
PakPMO,MunibaRizwan2,{}
PakPMO,ByDaniya,{}
PakPMO,SyedIjazUlHass1,{}
PakPMO,AwaisKhaNiazi99,{}
PakPMO,456krax99807654,{}
PakPMO,ShahzadAdeel564,{}
PakPMO,MAdnan37199738,{}
PakPMO,khanaqadir,{}
PakPMO,humeraali7,{}
PakPMO,salman437813,{}
PakPMO,PowerFo61564545,{}
PakPMO,zubair83039934,{}
PakPMO,Maahin77945047,{}
PakPMO,DilawarRajpoo16,{}
PakPMO,ChudharyAhmad23,{}
PakPMO,AyeshaS93126935,{}
PakPMO,javedbinfarooq,{}
Bikky87676083,toisports,{}
cdeka678,CricketNDTV,{}
ursMaahi2322,CricSubhayan,{}
seval_official,TheRealPCB,{}
ManozPandey2,Sport360,{}
Rithuuuu,toisports,{}
luckkybaba,toisports,{}
ZeeNewsEnglish,NishaDu41096382,{}
ZeeNewsEnglish,MannMast_Magan,{}
ZeeNewsEnglish,hinduraj_singh,{}
loyalSachfan,siddhisingh45,{}
loyalSachfan,vigneshMSD07,{}
loyalSachfan,loyalSachfan,{}
vigneshMSD07,Csk_army1,{}
toisports,harishkumark_,{}
toisports,Kiran23456002,{}
toisports,MohitKu29535109,{}
toisports,Aaryan8534,{}
toisports,Mohit30308886,{}
toisports,DefiHunter6,{}
anomittroshah,Csk_army1,{}
kumarsumitsin08,ChloeAmandaB,{}
KLRahulTrends_,NtrSivakrishna,{}
KLRahulTrends_,YashNTRFan,{}
KLRahulTrends_,Darling7723,{}
KLRahulTrends_,Subin99822559,{}
KLRahulTrends_,Raj13583145,{}
KLRahulTrends_,rohithrediee,{}
KLRahulTrends_,Aravinth_467,{}
KLRahulTrends_,RagulkannanRk,{}
KLRahulTrends_,Tharshini_1,{}
KLRahulTrends_,Kalaiofficial01,{}
KLRahulTrends_,gOkZz369,{}
NtrSivakrishna,CricSubhayan,{}
YashNTRFan,CricSubhayan,{}
DelhiCapitals,MurmuShasikanta,{}
DelhiCapitals,bharath9907,{}
DelhiCapitals,Akkineniabhi2,{}
DelhiCapitals,santoshhpandey,{}
DelhiCapitals,Ruthish51825808,{}
DelhiCapitals,An_MSDian,{}
DelhiCapitals,alexrajprince,{}
DelhiCapitals,Shreays41,{}
DelhiCapitals,Rockharishc3,{}
DelhiCapitals,vickyraina17,{}
DelhiCapitals,BharathReyan1,{}
salmancheema96,SteveAu59016835,{}
salmancheema96,Mohamme91535727,{}
salmancheema96,ToufikS37456490,{}
salmancheema96,YadavShaurya32,{}
salmancheema96,Sridhar_pkcult,{}
salmancheema96,Pran_shu_17,{}
salmancheema96,Ssy45450873,{}
salmancheema96,jangirmonu056,{}
salmancheema96,Shah78477461,{}
salmancheema96,Mere_Shyam,{}
TheBarmyArmy,ArsenalWise,{}
TheBarmyArmy,JagathPriyanka8,{}
TheBarmyArmy,Jpsewell,{}
TheBarmyArmy,ward_kwa,{}
TheBarmyArmy,lindsey_bridge,{}
TheBarmyArmy,avfcandengland,{}
TheBarmyArmy,iamsudhanshu98,{}
TheBarmyArmy,SoumyajitChan20,{}
TheBarmyArmy,Ahmed007786R,{}
TheBarmyArmy,PatsPress9,{}
TheBarmyArmy,AgneshKumar7,{}
TheBarmyArmy,AshrayArora2,{}
TheBarmyArmy,mattstride6697,{}
TheBarmyArmy,lilpowers1985,{}
TheBarmyArmy,Cricketfan6655,{}
TheBarmyArmy,BattertonMaxine,{}
TheBarmyArmy,Aathish051,{}
TheBarmyArmy,LukeConlaund4,{}
TheBarmyArmy,GalacticMoon__,{}
TheBarmyArmy,AhmedRa69736257,{}
TheBarmyArmy,Rafahev,{}
TheBarmyArmy,Ajaygolmalgobi,{}
TheBarmyArmy,Vijay96107986,{}
JagathPriyanka8,englandcricket,{}
SoumyajitChan20,deepfekchahar,{}
Bigbossdddkkk,Ghilli_Nandha14,{}
DrxHamzakhan,englandcricket,{}
BLACKCAPS,KoliShakir,{}
BLACKCAPS,BabyDol35921294,{}
BLACKCAPS,Hariteja_Baz42,{}
BLACKCAPS,BazMcCullum42NZ,{}
BLACKCAPS,Abdulla80429384,{}
BLACKCAPS,Fahad_PTI,{}
BLACKCAPS,dinasimbu,{}
BLACKCAPS,Hooriyaaaa_1,{}
BLACKCAPS,xlilxshadow,{}
BLACKCAPS,PKJillu,{}
BLACKCAPS,Birbal_29,{}
BLACKCAPS,Ajay77353453,{}
BLACKCAPS,UzairBajwa007,{}
BLACKCAPS,RomeshRomu,{}
BLACKCAPS,SFKHalim4,{}
BLACKCAPS,ABdULLahPTI84,{}
BLACKCAPS,Marshall_75,{}
BLACKCAPS,NisarUl5599930,{}
BLACKCAPS,Somya_NZGIRL,{}
BLACKCAPS,dnskhns,{}
BLACKCAPS,Arshada80369447,{}
BLACKCAPS,AyeshaA442,{}
BLACKCAPS,MainakIndu,{}
BLACKCAPS,jaynefrances63,{}
BLACKCAPS,AsifSal56265541,{}
BLACKCAPS,cerisewolfeah,{}
BLACKCAPS,harneet_sahni,{}
BLACKCAPS,motherfuckhaha,{}
BLACKCAPS,aniket_tarlekar,{}
BLACKCAPS,pailiyettan,{}
BLACKCAPS,TMukeshian,{}
BLACKCAPS,AlokSingh7575,{}
BLACKCAPS,swap_stories,{}
BLACKCAPS,Mangoorita,{}
BLACKCAPS,Murugan00205956,{}
BLACKCAPS,Amith14448707,{}
BazMcCullum42NZ,sparknzsport,{}
Fahad_PTI,HerNameIs_Bea,{}
RomeshRomu,Sikanderbakhts,{}
RomeshRomu,SushantNMehta,{}
rohitionss45,Jisben_SR,{}
rohitionss45,goglekumar,{}
rohitionss45,SajalSwapnil1,{}
rohitionss45,Priyans93318701,{}
rohitionss45,AjithLSiva,{}
rohitionss45,Alandeva1045555,{}
rohitionss45,KManojk00489281,{}
rohitionss45,RSSatheesh2,{}
rohitionss45,ImMuraliKrish14,{}
rohitionss45,Vigneshwaran908,{}
rohitionss45,nasuru_tarak,{}
rohitionss45,princeharishraj,{}
AhmedRa69736257,KazmiWajahat,{}
pragyanojha,Ashutos70069520,{}
pragyanojha,Lalgovind1991,{}
pragyanojha,LikhithLittu,{}
pragyanojha,CRSridhar007,{}
pragyanojha,AnkitPr77226242,{}
pragyanojha,SUCHISM59236623,{}
pragyanojha,faizan_u1098,{}
pragyanojha,TemperSai9999,{}
pragyanojha,kingufanikkada,{}
pragyanojha,Chandan37375327,{}
pragyanojha,imjp96,{}
pragyanojha,javirnitin1,{}
kingufanikkada,Sport360,{}
SFKHalim4,captainmisbahpk,{}
SFKHalim4,Viniii112,{}
RShahzadi10,infolinity,{}
RShahzadi10,TheRealPCB,{}
infolinity,sarab1907,{}
Karthik87895464,ITzyash_07,{}
AnmolGollar,CricSubhayan,{}
CricketNDTV,jubinMchacko,{}
CricketNDTV,PRATIKSINCE1999,{}
CricketNDTV,sampath533,{}
CricketNDTV,GUGUTEAMINDIA,{}
CricketNDTV,Gobinaath16,{}
CricketNDTV,iam_nagendra95,{}
CricketNDTV,UtsavDutta18,{}
CricketNDTV,Sports_NDTV,{}
BittuKu65208954,s_badrinath,{}
Movies4u_Officl,Only_Pavan1,{}
Movies4u_Officl,Krishna24365301,{}
Movies4u_Officl,SatyaMailavara1,{}
Movies4u_Officl,RDominar,{}
Movies4u_Officl,AakashDommaraju,{}
Movies4u_Officl,knotsekhar,{}
englandcricket,RockzzzOn,{}
englandcricket,HeshadaSandeepa,{}
englandcricket,RajanBrantly,{}
englandcricket,Mrs_Worm,{}
englandcricket,Bainesyy15,{}
englandcricket,cookiewba,{}
englandcricket,vikasithamvp,{}
englandcricket,Bluebird131999,{}
englandcricket,tomroper87,{}
englandcricket,Els_M02,{}
englandcricket,ADAIRON,{}
RockzzzOn,SushantNMehta,{}
ChloeAmandaB,AThadishetty,{}
ChloeAmandaB,Sendhan283S,{}
ChloeAmandaB,mohanani398,{}
ChloeAmandaB,ff_shyam,{}
ChloeAmandaB,AjayVig12,{}
ChloeAmandaB,Shubham81759074,{}
ChloeAmandaB,AnoopThakur089,{}
ChloeAmandaB,RAH_0306,{}
ChloeAmandaB,amarendrak176,{}
ChloeAmandaB,Rahuldayanand05,{}
donanantsingh,thefield_in,{}
PGita21,JioNews,{}
ComeOnCricket,Rago_hitman,{}
ComeOnCricket,Naina60927092,{}
ComeOnCricket,Thalapathy2k1,{}
ComeOnCricket,Mr_hypo_thetic,{}
ComeOnCricket,SurajSh62486404,{}
ComeOnCricket,YuvanKu84773257,{}
ComeOnCricket,abdiratcult,{}
ComeOnCricket,Shrawan1498,{}
ComeOnCricket,Man_4Cricket,{}
ComeOnCricket,sejal_mokal,{}
ComeOnCricket,Abhicricket18,{}
ComeOnCricket,Mass_Cult_NTR,{}
ComeOnCricket,MrStarksPeter,{}
ComeOnCricket,sibans_behera5,{}
ComeOnCricket,KingOfCricket__,{}
ComeOnCricket,BaluRonaldo,{}
ComeOnCricket,Rajadurait4,{}
ComeOnCricket,iamfaceoff0,{}
ComeOnCricket,MSD_Sankar19,{}
ComeOnCricket,iammeghanadh45,{}
ComeOnCricket,WillOsprey,{}
ComeOnCricket,RS1744,{}
ComeOnCricket,cchamaBaba,{}
ComeOnCricket,Suvampaikaray,{}
ComeOnCricket,Sambitd54464013,{}
ComeOnCricket,krishna89991,{}
ComeOnCricket,CricCrazyJohns,{}
ComeOnCricket,imViratVK18,{}
ComeOnCricket,JEBANYON,{}
abdiratcult,india_fantasy,{}
abdiratcult,SushantNMehta,{}
JioNews,SantoshPethkar9,{}
JioNews,AkhilaBegum5,{}
JioNews,khemka_nidhi,{}
JioNews,RichardSamArul,{}
JioNews,VanshitaTalreja,{}
JioNews,manjeet_madam,{}
JioNews,MeghnaJ46032597,{}
JioNews,Kapinath440,{}
JioNews,glorious_mess86,{}
JioNews,manmoji_pahadi,{}
JioNews,Jagruti1810,{}
JioNews,amanrathore178,{}
JioNews,ImChandana01,{}
JioNews,musicmagic10,{}
JioNews,UmeshRUgale,{}
JioNews,Aa_mir_Khan,{}
JioNews,NamitaSasmal,{}
JioNews,SunilKumarSasm1,{}
JioNews,SonaliSBera,{}
JioNews,shikha123poddar,{}
JioNews,AbhishekIPLFeak,{}
JioNews,y_shivv,{}
JioNews,kmcheb12,{}
JioNews,Ranjank1706,{}
JioNews,indian_niraj,{}
JioNews,NiketChavhan,{}
JioNews,SonalJ_89,{}
JioNews,gohelminakshi,{}
JioNews,DeepikaDVyas,{}
JioNews,Stranger_701,{}
JioNews,msminakshi123,{}
JioNews,Subramoniam07,{}
JioNews,iKaushik365,{}
JioNews,MadhviHanda,{}
JioNews,HarishR199,{}
JioNews,gawandesam1,{}
Pavithraselvi2,s_badrinath,{}
ahmadjutt006,sunny63747546,{}
ahmadjutt006,ahmadjutt006,{}
TheRealPCB,haliass,{}
TheRealPCB,Daniyal43033779,{}
TheRealPCB,DrAsifOfficial,{}
TheRealPCB,thehmsofficial,{}
TheRealPCB,Raz_khan789,{}
TheRealPCB,MuqaribKhurram,{}
TheRealPCB,RomanKh51761125,{}
TheRealPCB,InamUlH23479244,{}
TheRealPCB,jabri_shah,{}
TheRealPCB,nafrez560,{}
TheRealPCB,TalalGemini,{}
TheRealPCB,HaneenQayyum,{}
TheRealPCB,mysticmiyy,{}
TheRealPCB,indCinetrack,{}
TheRealPCB,varung123,{}
TheRealPCB,richadams439,{}
TheRealPCB,Srhfans1,{}
TheRealPCB,asifkhaaann,{}
TheRealPCB,AdnanShahzadAJK,{}
TheRealPCB,Ohh_Shoot,{}
TheRealPCB,rajaazeem,{}
TheRealPCB,taimjamal,{}
TheRealPCB,burraq444,{}
TheRealPCB,air971522334034,{}
TheRealPCB,SAHSHAH3,{}
TheRealPCB,DrWajeeH5,{}
TheRealPCB,AreIcecreams,{}
TheRealPCB,UmairIsmail9935,{}
TheRealPCB,khalidalikhan13,{}
TheRealPCB,shutuphaifa,{}
TheRealPCB,Afaqriaz143,{}
TheRealPCB,Maryam107988874,{}
TheRealPCB,shahzad_bcn,{}
TheRealPCB,RanaShafiq8827,{}
rohithrediee07,SushantNMehta,{}
veersub,Cric_beat,{}
rajp3006,Pavin_Virat,{}
rajp3006,SUVANKARDASH15,{}
rajp3006,resumesample789,{}
SUVANKARDASH15,captainmisbahpk,{}
OsamaMalhi,beastieboy07,{}
Pawancena3,SportsR3public,{}
Sport360,HariVir52748520,{}
Sport360,Rishi97633092,{}
Sport360,LordVk_18,{}
Sport360,kautilya_49,{}
Sport360,izainarshad,{}
Sport360,haran_tweets,{}
Sport360,Anandmadhav96,{}
Sport360,sports_fann5,{}
Sport360,yashu0204,{}
Sport360,vasureddyYS,{}
Sport360,RashtrakutaP,{}
Sport360,CultIsRising,{}
Sport360,KohliAdore_,{}
Sport360,allueswarnaik,{}
Sport360,M_G9999,{}
VISWANATHSINGA3,Fukkard,{}
MUmarDa24976992,Sikanderbakhts,{}
hemangkbadani,bharathchipli,{}
hemangkbadani,satyaRnadar,{}
hemangkbadani,sainareshkumarm,{}
hemangkbadani,ismailvijay,{}
hemangkbadani,RajasekarJayap3,{}
hemangkbadani,Muthu63167452,{}
hemangkbadani,sri_cinemaboy,{}
sainareshkumarm,Fukkard,{}
CricketNamibia1,shahbazmdin,{}
CricketNamibia1,asmanosheen06,{}
CricketNamibia1,AsimSarfraz15,{}
CricketNamibia1,Jahussnain,{}
CricketNamibia1,AbdullahIlahi,{}
CricketNamibia1,MDanyalKhan14,{}
CricketNamibia1,ArifSultanPTI,{}
CricketNamibia1,asif_roman,{}
CricketNamibia1,hai_zaman,{}
CricketNamibia1,shahidsaeed15,{}
CricketNamibia1,Basitwaris1,{}
CricketNamibia1,faisalsmar2,{}
CricketNamibia1,shapango1,{}
CricketNamibia1,HaideryMuhammed,{}
CricketNamibia1,Abdulla34173228,{}
CricketNamibia1,ihatebiochemi,{}
CricketNamibia1,Imranworldtrade,{}
CricketNamibia1,zainabsarroya,{}
CricketNamibia1,khanasif987,{}
tn_ipl_fans,manoj_velusamy1,{}
tn_ipl_fans,santhoshvjvj,{}
tn_ipl_fans,Kichaaa45,{}
tn_ipl_fans,ItzProfessor,{}
ThePapareSports,steve4you4ever,{}
ThePapareSports,hasalaonline,{}
ThePapareSports,sachinpeiris98,{}
ThePapareSports,WimanManjana,{}
ThePapareSports,prabhath_ari,{}
ThePapareSports,vinujiiii,{}
ThePapareSports,Vindyanipuni,{}
ThePapareSports,NusandCricket,{}
ThePapareSports,Damith1994,{}
ThePapareSports,lakshithadasan3,{}
ThePapareSports,KasurikaO,{}
ThePapareSports,dasun_pamod,{}
NusandCricket,RusselArnold69,{}
arman_guleria,captainmisbahpk,{}
PathanBhaiii,Bhavesh52975834,{}
PathanBhaiii,CRYPTOOFFICIAL6,{}
PathanBhaiii,MaheshK92527728,{}
PathanBhaiii,SohailK89384415,{}
PathanBhaiii,RaghibRja,{}
PathanBhaiii,RealMohsinAli1,{}
PathanBhaiii,beingvick,{}
PathanBhaiii,ND_Dufresne,{}
PathanBhaiii,VinitKu40196622,{}
PathanBhaiii,Black_Truth1,{}
PathanBhaiii,Credenc93133692,{}
PathanBhaiii,Akarsh162002,{}
PathanBhaiii,DoctorDankGami1,{}
PathanBhaiii,Tasvi6,{}
PathanBhaiii,JaiRam86960323,{}
PathanBhaiii,Venkatr30081865,{}
PathanBhaiii,GaurawS64635340,{}
SohailK89384415,thebharatarmy,{}
sanyamtaparia,CricSubhayan,{}
PratikSingh_,durgeshpatel89,{}
PratikSingh_,Tej02265776,{}
PratikSingh_,reni_01_rzzz,{}
PratikSingh_,hardcorerahul,{}
PratikSingh_,SallawadYogesh,{}
PratikSingh_,azad_human,{}
PratikSingh_,VedantistPrince,{}
CedricSatya,s_badrinath,{}
YousafCricket,YousafAfghans,{}
DeviLDhoniFan07,Aalsi_lrka,{}
DeviLDhoniFan07,Anthony_nirosh,{}
DeviLDhoniFan07,imnsamyy,{}
DeviLDhoniFan07,misssunshineex,{}
DeviLDhoniFan07,Abdullah60T,{}
DeviLDhoniFan07,pavanvr17,{}
DeviLDhoniFan07,__vishaljain__,{}
DeviLDhoniFan07,impandeykunal,{}
DeviLDhoniFan07,mark_danny10,{}
DeviLDhoniFan07,vishwajeet_rd,{}
DeviLDhoniFan07,be_baddiee,{}
DeviLDhoniFan07,SiDdiqUi_FaRiY,{}
DeviLDhoniFan07,LeOLuCiFe,{}
DeviLDhoniFan07,rachit_vk,{}
DeviLDhoniFan07,shashankRC7,{}
DeviLDhoniFan07,Dhruv085,{}
SubbaraoSomela,manishhome,{}
SubbaraoSomela,poojaRai639,{}
india_fantasy,gmojeshndd,{}
india_fantasy,RohitMeenavk18,{}
india_fantasy,bb_vidrohi_stan,{}
india_fantasy,StonerSuryAA,{}
india_fantasy,NameisVarshi,{}
india_fantasy,ManiS94275410,{}
india_fantasy,KohliKalyan2,{}
india_fantasy,TN_Bond_007,{}
india_fantasy,Sugam_Luthra,{}
india_fantasy,HarinathswamyJ,{}
india_fantasy,RahulRj30634715,{}
CricSubhayan,alapati3636,{}
CricSubhayan,feat_gee,{}
CricSubhayan,ChiniZyaada,{}
CricSubhayan,kingshitsuckass,{}
CricSubhayan,MShortleg,{}
CricSubhayan,gaumahalpure,{}
CricSubhayan,Saching__,{}
CricSubhayan,lords_varun,{}
CricSubhayan,jayhind22090440,{}
CricSubhayan,cricketInfinite,{}
CricSubhayan,ryalisaivamsi,{}
CricSubhayan,RealHarshMD,{}
Csk_army1,RitikBafna,{}
Csk_army1,How_U_Doin_001,{}
Csk_army1,Sam_Kalund,{}
Csk_army1,imkohli9705,{}
Csk_army1,Saiganeshbunny1,{}
Csk_army1,innocent2904,{}
Csk_army1,Jaidevvv,{}
Csk_army1,Your_siddhartha,{}
Csk_army1,itzShreyas07,{}
Csk_army1,ashMSDIAN7,{}
Csk_army1,be_mewadi,{}
Csk_army1,Csk_army1,{}
Csk_army1,AshishM36062231,{}
Csk_army1,_rajputboy_03,{}
Csk_army1,sanver_you,{}
Csk_army1,Shafin2104,{}
Csk_army1,SaranReDact,{}
Csk_army1,its_MsdKutty,{}
Csk_army1,Ankit80804674,{}
Csk_army1,Abhisochanahi7,{}
Csk_army1,CricCrazyV,{}
be_mewadi,DrShivasis,{}
be_mewadi,deepfekchahar,{}
kajolmanshad,tweetsby_queen,{}
kajolmanshad,LBACPk,{}
Arif31524306,HerNameIs_Bea,{}
SMukhkherjee,iamshikhar__,{}
HerNameIs_Bea,The_Raza_Malik,{}
HerNameIs_Bea,ParwezA93851760,{}
HerNameIs_Bea,officiallysal,{}
HerNameIs_Bea,naveedkhan02,{}
HerNameIs_Bea,AdnanHussainuk,{}
HerNameIs_Bea,Sangeen_Shah,{}
HerNameIs_Bea,khalidjp,{}
HerNameIs_Bea,PanamaDemocracy,{}
HerNameIs_Bea,Faisal2607,{}
HerNameIs_Bea,ArchonAvalon,{}
HerNameIs_Bea,Ijaz11660494,{}
HerNameIs_Bea,Giva_mc,{}
HerNameIs_Bea,Cricket2242,{}
HerNameIs_Bea,AzamKha46384290,{}
HerNameIs_Bea,Aquaguy_Khi,{}
HerNameIs_Bea,GKhan_222,{}
HerNameIs_Bea,1887GreenLeaf,{}
SushantNMehta,subhamydv10,{}
SushantNMehta,AmitMeena4412,{}
SushantNMehta,KishanPaatel,{}
SushantNMehta,ParthPa07241800,{}
SushantNMehta,shubhs_R_77,{}
SushantNMehta,ErManindar,{}
SushantNMehta,samyakkulshres2,{}
SushantNMehta,Un_Karen_,{}
SushantNMehta,AnkitSachinRaj,{}
SushantNMehta,YuviKuldeep,{}
SushantNMehta,viplnt,{}
SushantNMehta,kartiksehgal3,{}
SushantNMehta,bhai25800,{}
SushantNMehta,Pratham47297137,{}
SushantNMehta,jhilyz91,{}
SushantNMehta,Ozzy_Kabanek,{}
SushantNMehta,therahuulyadav,{}
SushantNMehta,VijayanV10,{}
SushantNMehta,avi4sallu,{}
SushantNMehta,PatelDictator7,{}
SushantNMehta,AnuragP52225,{}
SushantNMehta,puviarasan10,{}
SushantNMehta,anubhavdhoju,{}
SushantNMehta,alokdude007,{}
SushantNMehta,Himansh90959783,{}
SushantNMehta,akashra86492205,{}
SushantNMehta,Pratham66503689,{}
SushantNMehta,iamShyam623,{}
SushantNMehta,Amit42659163,{}
ManiSubbu15,Fukkard,{}
SwordOfDestiny_,Vijaythepokkiri,{}
SwordOfDestiny_,Mytheeswaran9,{}
SwordOfDestiny_,TFO_off,{}
SwordOfDestiny_,Ajmalkh00815702,{}
SwordOfDestiny_,vijayrulesonly,{}
newsradiolk,tharakasenavi,{}
newsradiolk,anp66,{}
SkyCricket,Cricketmasta102,{}
SkyCricket,vinaykapoorinc,{}
SkyCricket,emclub77,{}
SkyCricket,zazobossct,{}
vinaykapoorinc,gauravkalra75,{}
iamshikhar__,Hitesh_____,{}
iamshikhar__,Tushar_mishra_7,{}
iamshikhar__,MsameerAmalik,{}
iamshikhar__,R__Ankit,{}
iamshikhar__,Amarjee39511753,{}
iamshikhar__,ananyaa_rai,{}
iamshikhar__,gamehhhover,{}
iamshikhar__,Saurabh40813140,{}
iamshikhar__,yashk007,{}
iamshikhar__,jha_subhashkar,{}
iamshikhar__,JordanDevid,{}
iamshikhar__,NaiadNeptune8,{}
iamshikhar__,PawanKu06708544,{}
iamshikhar__,HindusWho,{}
iamshikhar__,Himansh90959783,{}
iamshikhar__,Abhishe28590858,{}
iamshikhar__,jackiedadaji,{}
iamshikhar__,ravi_rollins143,{}
iamshikhar__,drmananbishnoi,{}
Himansh90959783,Fukkard,{}
omareziz,harris_manzoor1,{}
omareziz,salmansarwarbut,{}
omareziz,Bend_the_kneee,{}
omareziz,rohan_maken199,{}
omareziz,DSBcricket,{}
omareziz,im_SalmanButt,{}
AbdurRa77025683,Sikanderbakhts,{}
vijayarumugam,SanjayS00663282,{}
beastieboy07,akshay40731150,{}
beastieboy07,RathishSanjana,{}
beastieboy07,water_king10,{}
beastieboy07,imLovepreetS,{}
beastieboy07,aayushj30_12,{}
beastieboy07,viv0909,{}
beastieboy07,IMShutterBug_,{}
beastieboy07,awaisarcasm,{}
beastieboy07,naveednadeem91,{}
beastieboy07,yashgandhi_,{}
beastieboy07,souvik_tw,{}
beastieboy07,ARKO25,{}
beastieboy07,rohantwinkle,{}
beastieboy07,officeoftanuj,{}
beastieboy07,DesaiHardiik,{}
beastieboy07,im_Vijay7,{}
beastieboy07,mrnair83,{}
beastieboy07,Amancho48771455,{}
QueenNisha2022,TiaTigera,{}
QueenNisha2022,TaniaTannya118,{}
QueenNisha2022,Vishuu_AB17,{}
QueenNisha2022,Godkohli18,{}
QueenNisha2022,itz_ammar18,{}
QueenNisha2022,ViratPandit242,{}
QueenNisha2022,ShamsiHaidri,{}
gauravkalra75,subbu1617,{}
gauravkalra75,leftarmchinamen,{}
gauravkalra75,chithram1888,{}
gauravkalra75,Utkarsh36234014,{}
gauravkalra75,mundapunjabi_,{}
gauravkalra75,THANGADURAIMECH,{}
gauravkalra75,RESH_RAGHAW,{}
gauravkalra75,Imdevesh30,{}
gauravkalra75,jaypandya333,{}
gauravkalra75,AhankariV,{}
gauravkalra75,Yasin96666532,{}
gauravkalra75,SeOb_8496,{}
gauravkalra75,rinkesh1213,{}
gauravkalra75,Suvampaikaray,{}
gauravkalra75,PspkJanasena1,{}
gauravkalra75,Madan1242,{}
gauravkalra75,aknightwatchman,{}
gauravkalra75,sports_freak_rd,{}
thescoopbeats,sachinsupporter,{}
thescoopbeats,An_trueindian,{}
thescoopbeats,King17kohli,{}
thescoopbeats,shashank_ssj,{}
thescoopbeats,shubhamdutt13,{}
thescoopbeats,divya_gandotra,{}
thescoopbeats,BhanuGo91601318,{}
thescoopbeats,human_vik,{}
thescoopbeats,akhilendra_sahu,{}
thescoopbeats,JageHritik,{}
thescoopbeats,Shivang42094399,{}
thescoopbeats,HarishK8511,{}
thescoopbeats,The_Tech_Frenzy,{}
thescoopbeats,rajeshgandotra,{}
Cric_beat,himadri_mandal,{}
Cric_beat,PT_263,{}
Cric_beat,vj_charan303,{}
Cric_beat,sagartweetx,{}
Cric_beat,luvvtweetss,{}
Cric_beat,Deepak30247843,{}
Cric_beat,Yogesh_Offl,{}
Cric_beat,rvikramramesh,{}
Cric_beat,allusumanth22,{}
Cric_beat,Suryanshkumar64,{}
Cric_beat,U8KARSH,{}
Cric_beat,imgautianraj,{}
Cric_beat,ImGurupal,{}
Cric_beat,CbCb43041556,{}
Cric_beat,PgMothi,{}
Cric_beat,Prashant30698,{}
luvvtweetss,DrShivasis,{}
RusselArnold69,buyazed288,{}
RusselArnold69,Wikumjayawarda1,{}
RusselArnold69,abzal_zarook,{}
RusselArnold69,repenzall,{}
RusselArnold69,yadhawa,{}
RusselArnold69,oradev8,{}
RusselArnold69,IamThe_CJ,{}
RusselArnold69,harshatsilva,{}
RusselArnold69,rseetharam29,{}
RusselArnold69,VinithChrishan,{}
RusselArnold69,Ragul53591586,{}
RusselArnold69,BinYaruq,{}
RusselArnold69,RoshithaVidura1,{}
RusselArnold69,Uzman31406868,{}
RusselArnold69,ChamikaCp,{}
RusselArnold69,hatem23,{}
_CricStats_,engrwb,{}
_CricStats_,Myherosalman,{}
_CricStats_,ChAamirsohail68,{}
_CricStats_,SteynThaya,{}
DrShivasis,DrShivasis,{}
DrShivasis,nickhunterr,{}
DrShivasis,thatpushguy,{}
DrShivasis,tintin_bharti,{}
DrShivasis,nihs58570547,{}
DrShivasis,Madan_Chikna,{}
DrShivasis,Vishalrajput103,{}
khelshel,NajeebAsghar_12,{}
khelshel,Stylix15,{}
khelshel,ultradesi_,{}
vikram_OP18,deepfekchahar,{}
Fukkard,kiranyadav3999,{}
Fukkard,Vamsi20114765,{}
Fukkard,areyyabhi7,{}
Fukkard,mrimper9999,{}
Fukkard,bunny_mgs,{}
Fukkard,Sachin007004,{}
Fukkard,PradeepHRx,{}
Fukkard,vamc_i,{}
Fukkard,HarshaMadarapu,{}
Fukkard,Rakesh84898907,{}
Fukkard,SudhuBunny15,{}
Fukkard,Tejs3271,{}
Fukkard,OddamYogesh,{}
Fukkard,ChaitanyaNtr1,{}
Fukkard,Maneesha45,{}
Fukkard,GJadyada,{}
Fukkard,ManoharPatel985,{}
Fukkard,Upu_upendra,{}
Fukkard,sevakpriyank1,{}
Fukkard,chaitanyadec23,{}
Fukkard,Pavan21993614,{}
Fukkard,JawadShaik10,{}
thebharatarmy,SurajAd00006857,{}
thebharatarmy,Ananyacricket,{}
thebharatarmy,CNuu18,{}
thebharatarmy,dnpanchal1234,{}
thebharatarmy,Shivavirat18000,{}
ninadb27,s_badrinath,{}
AtifMatinAnsari,Madeeat,{}
RJ_Zaroo,Eisha_Tir_Razia,{}
cricketpakcompk,AdnanAz90,{}
cricketpakcompk,rajaalyas5,{}
cricketpakcompk,DAngel987,{}
cricketpakcompk,next_level786,{}
cricketpakcompk,TeamShellyBS,{}
cricketpakcompk,mmianbilal,{}
cricketpakcompk,etribune,{}
cricketpakcompk,ETribuneSports,{}
youngtiger5,MoulaliNTR1,{}
youngtiger5,tirupatitarak31,{}
cric_blog,DGBeswick1,{}
s_badrinath,msd_preyan,{}
s_badrinath,Kevinsubash2,{}
s_badrinath,Afriditweetz,{}
s_badrinath,vinaykumars1706,{}
s_badrinath,Karthik11630055,{}
Govt_SCH00L,KazmiWajahat,{}
Sikanderbakhts,Aa86504076,{}
Sikanderbakhts,JamalUd88366949,{}
Sikanderbakhts,Ashraf26Saqib,{}
Sikanderbakhts,Sialsalyana,{}
Sikanderbakhts,imsalmanmirza,{}
Sikanderbakhts,Hamza_Najeeeb,{}
Sikanderbakhts,TakeGuts,{}
Sikanderbakhts,SR_Khan5,{}
Sikanderbakhts,smukhtiargaho,{}
Sikanderbakhts,Mohsin950958312,{}
Sikanderbakhts,Shani_4849,{}
Sikanderbakhts,SPehlwanHaider,{}
Sikanderbakhts,iaimshahfaisal,{}
Sikanderbakhts,imusmanchaudhry,{}
Sikanderbakhts,Suleman85539785,{}
Sikanderbakhts,Ahmed_moosa1,{}
captainmisbahpk,Faaro01,{}
captainmisbahpk,AfghanKhaksR,{}
captainmisbahpk,umairmahsood,{}
captainmisbahpk,btkarayelfaize,{}
captainmisbahpk,trollmaker87,{}
captainmisbahpk,MianMuhammadZah,{}
captainmisbahpk,ubUI1gf7f07Iawc,{}
captainmisbahpk,NaseebAchak88,{}
captainmisbahpk,Sanjay34066876,{}
captainmisbahpk,fanny20054,{}
captainmisbahpk,AfridaHossain19,{}
captainmisbahpk,NoorzaiKhial,{}
captainmisbahpk,FazalHa55216000,{}
captainmisbahpk,ShashiS39008888,{}
captainmisbahpk,GauravMashal,{}
Ghilli_Nandha14,Ammuvj_01,{}
Ghilli_Nandha14,varunSa36333508,{}
Ghilli_Nandha14,Thalapathydur10,{}
Ghilli_Nandha14,AlwaysRCDHF,{}
KazmiWajahat,BilalRahmaniDr,{}
KazmiWajahat,SAVAGEP14006357,{}
KazmiWajahat,zingershinger,{}
KazmiWajahat,talal_ahmed19,{}
KazmiWajahat,ShabanSafdar4,{}
KazmiWajahat,soha_ibadat,{}
KazmiWajahat,MZohaib_pak,{}
KazmiWajahat,Shahmee78172348,{}
KazmiWajahat,BaigShahzil,{}
KazmiWajahat,faty_345,{}
KazmiWajahat,SMKhale55692125,{}
KazmiWajahat,LintaKh64352180,{}
KazmiWajahat,rsalan_ansari,{}
KazmiWajahat,HamaadKaleem,{}
KazmiWajahat,jerry_here10,{}
KazmiWajahat,sumbalyyy,{}
KazmiWajahat,panzer_1993,{}
KazmiWajahat,Noor_Marriii,{}
KazmiWajahat,Shahruk19664814,{}
KazmiWajahat,TheSanaK,{}
KazmiWajahat,YourQalandarguy,{}
KazmiWajahat,SunjayJK,{}
KazmiWajahat,SameelK99193263,{}
KazmiWajahat,Eror_____404,{}
KazmiWajahat,realhashirpti,{}
Zeus66sport,Saikira65534803,{}
Zeus66sport,Zeus66sport,{}
Zeus66sport,maubec18,{}
Zeus66sport,Varun_Kothuri,{}
deepfekchahar,MXVVll,{}
deepfekchahar,deepfekchahar,{}
deepfekchahar,Ankit80804674,{}
deepfekchahar,Dishon41831995,{}
deepfekchahar,PatrioticPerso4,{}
deepfekchahar,OogawayMaster,{}
deepfekchahar,Harshal99944832,{}
deepfekchahar,MahavirKharola,{}
deepfekchahar,ERRORNF,{}
Viniii112,YourBro_isHere,{}
Viniii112,Saqibukhari,{}
ShaziyaaMehmood,aavi_23,{}
ShaziyaaMehmood,PlasticInsafi,{}
ShaziyaaMehmood,naveed1904,{}
ShaziyaaMehmood,Zubair_kissana,{}
ShaziyaaMehmood,ANJUMSOHAIL16,{}
ShaziyaaMehmood,Khuram62477940,{}
ShaziyaaMehmood,Niazi_Matador,{}
ShaziyaaMehmood,dr_usmananjum,{}
ShaziyaaMehmood,Muhamma29385400,{}
ShaziyaaMehmood,Kashif78Kashi,{}
ShaziyaaMehmood,syed_kashaan,{}
ShaziyaaMehmood,TQTan0Li,{}
ShaziyaaMehmood,Murz_ch,{}
ShaziyaaMehmood,MirzaZia10,{}
ShaziyaaMehmood,Drhamzagilani,{}
ShaziyaaMehmood,mtajammal9711,{}
ShaziyaaMehmood,ZahraImran10,{}
ShaziyaaMehmood,shaihd,{}
ShaziyaaMehmood,wajahatwrites10,{}
TheHinduSports,1014Want,{}
TheHinduSports,VishalG69659290,{}
TheHinduSports,Smiley_sibi2070,{}
TheHinduSports,ANISHRAJPOOT135,{}
TheHinduSports,AryamanKashya,{}
TheHinduSports,the_hindu,{}
KunalSarangi,deepakpratapsi,{}
KunalSarangi,nesar_bjp,{}
KunalSarangi,BantyHashmi,{}
KunalSarangi,Jayantakumar08,{}
KunalSarangi,Rajan_verma21,{}
KunalSarangi,PurnenduPatra5,{}
KunalSarangi,biswajeet_maity,{}
stufflistings,YT_surya_007,{}
stufflistings,guptashubhamece,{}
stufflistings,Nittz_17,{}
stufflistings,Indian19100,{}
stufflistings,DhruvSi97462410,{}
stufflistings,Sanket_R_,{}
stufflistings,Subramoniam07,{}
stufflistings,sachinhagare92,{}
stufflistings,Rohitmourya02,{}
stufflistings,Pigeonlover19,{}
stufflistings,niranjanmali431,{}
stufflistings,Abhay_Yadav_62,{}
stufflistings,AkshajH,{}
stufflistings,Karim1Sk,{}
stufflistings,Ashwatnandagaw1,{}
stufflistings,NiravMaisuriya2,{}
stufflistings,Devan2750,{}
stufflistings,NayanKeshrani,{}
stufflistings,Abhi49749800,{}
stufflistings,PATELRO85497388,{}
emaannoor8,chaudry_shehzad,{}
emaannoor8,AbdullahUfaq,{}
emaannoor8,Usamazahid2100,{}
emaannoor8,shabanAli56,{}
Sahoogangadhar0,Ranjank1706,{}
Sahoogangadhar0,Chandansahoo378,{}
Ranjank1706,Chandansahoo378,{}
thefield_in,adi31141,{}
thefield_in,BinayDeo1,{}
thefield_in,ShahiddaJ,{}
thefield_in,pratikmoda219,{}
thefield_in,HussainRakid,{}
thefield_in,Zafarjaveed1,{}
thefield_in,VishwaSKumbar1,{}
thefield_in,devendra1920,{}
thefield_in,AarishShah7,{}
thefield_in,krushnasis,{}
thefield_in,Ailwas_18,{}
thefield_in,maroofkhanqmc,{}
thefield_in,rspatil3502,{}
thefield_in,Rkgajria,{}
thefield_in,Harsandhu5982,{}
thefield_in,PrannoyRoyNDTV,{}
thefield_in,scroll_in,{}
rcbanddc,Yq8fDs79e1vHRCy,{}
rcbanddc,YogiMsd07,{}
SportsR3public,afreen785,{}
SportsR3public,sachinSachin080,{}
SportsR3public,BunnyNagu8,{}
SportsR3public,ARYANG13115449,{}
SportsR3public,SandeshKamte,{}
SportsR3public,Mr_Harsh_Chavda,{}
SportsR3public,VikasMic,{}
policybazaar,sadasemb,{}
freebitco,StarlingLg,{}
freebitco,RichieRufila,{}
freebitco,Mohamed89627847,{}
freebitco,Sarmad58706138,{}
freebitco,Kavitha59824943,{}
freebitco,Alexponam1,{}
freebitco,Saleh14616768,{}
freebitco,YanLanJaya,{}
freebitco,eldark09099663,{}
freebitco,crucighalz,{}
freebitco,jadidi_smael,{}
freebitco,AsadSab30213871,{}
freebitco,remchik71,{}
freebitco,j_masradi,{}
freebitco,f312m0n,{}
freebitco,sanyasv86,{}
freebitco,Hsncan38,{}
freebitco,MJamil27867223,{}
freebitco,gino88p,{}
freebitco,Beban31,{}
Q_KhanOfficial,uzair_amjaid,{}
cricketagency,JamesColeCricX,{}
OPPOIndia,IsaacCopenhave3,{}
OPPOIndia,CheboluVasantha,{}
OPPOIndia,mrs_hope_007,{}
OPPOIndia,Srimurthy999,{}
OPPOIndia,deepakgurunath,{}
OPPOIndia,GiridharRuppa,{}
OPPOIndia,viratian_boy,{}
OPPOIndia,me_angel0802,{}
OPPOIndia,vigneshv3241,{}
OPPOIndia,ash_bangarr,{}
OPPOIndia,KDivya18740584,{}
OPPOIndia,DhanBah32272486,{}
OPPOIndia,GopalBera2020,{}
OPPOIndia,vickypure99,{}
OPPOIndia,AuthorInLife,{}
OPPOIndia,AmreenA78792410,{}
OPPOIndia,MeenuVJ23,{}
OPPOIndia,ur50nly,{}
OPPOIndia,souvikwinner,{}
OPPOIndia,ChilledSup,{}
