AjazRubz,aaron_maralit,{}
AjazRubz,Sivasunil11,{}
AjazRubz,Hafiz09351398,{}
zerosimms,BitrichInfo,{}
zerosimms,Star_Side141,{}
zerosimms,DevMicrocosm,{}
zerosimms,Discovertech3,{}
gate_io,BCxqSrzopY2tU1b,{}
gate_io,polemicbrain,{}
gate_io,BurakBaysal01,{}
gate_io,Atikxmer,{}
gate_io,DanialHBB,{}
gate_io,Kinlesen1,{}
gate_io,TobiB1976,{}
gate_io,parabolicpups,{}
gate_io,SILIH6,{}
gate_io,madhub8,{}
gate_io,stockgazer3,{}
gate_io,darulnaeam,{}
gate_io,Proofofgoblin,{}
gate_io,NorRooster1,{}
gate_io,LorettaMavros,{}
gate_io,Selcukk007,{}
gate_io,PtrVRA,{}
gate_io,inamoonmission,{}
gate_io,sven2478,{}
gate_io,okore_chinyere,{}
gate_io,Nils30429763,{}
BCxqSrzopY2tU1b,nerve_network,{}
polemicbrain,SteHodl,{}
polemicbrain,TheUFOtoken,{}
parabolicpups,ZT_exchange,{}
parabolicpups,Xv_HADES_vX,{}
LorettaMavros,owner_ferrari,{}
LorettaMavros,Ufo_P2E,{}
LorettaMavros,ZT_exchange,{}
LorettaMavros,Hoo_exchange,{}
LorettaMavros,Crypto_Joker69,{}
SteHodl,Carla_Parrish,{}
SteHodl,mdhengy,{}
SteHodl,Glekisobran,{}
SteHodl,JohnnyCrypto51,{}
SteHodl,besukt,{}
SteHodl,Innes51089048,{}
SteHodl,Mikhai74861336,{}
SteHodl,nukejattt,{}
mdhengy,Hoo_exchange,{}
Glekisobran,nerve_network,{}
Glekisobran,Hoo_exchange,{}
JohnnyCrypto51,CryptoCT10,{}
JohnnyCrypto51,zenCRypy,{}
JohnnyCrypto51,Grabdpopcorn,{}
JohnnyCrypto51,nerve_network,{}
JohnnyCrypto51,Ufo_P2E,{}
JohnnyCrypto51,TheUFOtoken,{}
JohnnyCrypto51,Hoo_exchange,{}
JohnnyCrypto51,Crypto_Joker69,{}
Innes51089048,zenCRypy,{}
Innes51089048,Grabdpopcorn,{}
Innes51089048,Hoo_exchange,{}
Mikhai74861336,Proxy_90,{}
Mikhai74861336,TheUFOtoken,{}
Mikhai74861336,CryptoSlimer,{}
Mikhai74861336,du5_t1,{}
Mikhai74861336,CryptoCT10,{}
MinhTung273,ZevsAndromeda,{}
Car01am,Car01am,{}
Car01am,robert_suret,{}
Car01am,971Dark,{}
Car01am,CWOFM,{}
Car01am,ulybrath,{}
Car01am,penny_hampson,{}
Car01am,ThaddeusArjuna,{}
Car01am,roylmurry425,{}
Car01am,Sonia4Him,{}
Car01am,luciagrey2,{}
Car01am,TudorTweep,{}
Car01am,FrostGigi,{}
Car01am,MravikPal,{}
Car01am,paul_cude,{}
Car01am,CristofaloC,{}
Car01am,HollowManSeries,{}
Car01am,Callie_Carmen,{}
Car01am,MarcosFizzotti,{}
Car01am,Jilly66408011,{}
Car01am,MartinG8177,{}
Car01am,Rjrhotmailcom2,{}
Car01am,CatherineMesick,{}
Car01am,lawrence_wray,{}
Car01am,judehaste_write,{}
Car01am,colbenjamin,{}
Car01am,CAASBREY,{}
Car01am,EvaFarohi,{}
Car01am,JoshuaScribner3,{}
Car01am,Brettmagnusmazz,{}
Car01am,Badass_Reads,{}
Car01am,hobbspond,{}
Car01am,StephenRoss48,{}
Car01am,molina_elorza,{}
Car01am,Mansfie68309459,{}
Car01am,MartinJBest1,{}
Car01am,1976write,{}
Car01am,barbiesway,{}
Car01am,yuuandhiro,{}
Car01am,StrattonTrae,{}
Car01am,IncomingBook,{}
Car01am,Z_Gottlieb,{}
Car01am,JennyBurnley1,{}
Car01am,MELLOWCELLO1,{}
Car01am,ReneeANDSharon,{}
Car01am,memphis_jn,{}
Car01am,RemmyMeggs,{}
Car01am,BookDuke,{}
Car01am,RuthWatsonMorr1,{}
Car01am,dkdk459,{}
Car01am,AriaStorm3,{}
Car01am,jtatkinson666,{}
Car01am,HarryOxford6,{}
Car01am,GeoffreyDWest,{}
Car01am,jake_mical,{}
Car01am,JohnLWeitzel1,{}
Car01am,TS19912,{}
Car01am,Keithrommel,{}
Car01am,sak_stories,{}
Car01am,AuthorAlexBaile,{}
Car01am,SusanneLeist,{}
Car01am,AlanAlanrove,{}
Car01am,RaymondDuchene2,{}
Car01am,Joywoodauthor,{}
Car01am,X_or_Cist,{}
Car01am,jslstories,{}
Car01am,PennilessScribe,{}
Car01am,tiffeejasso,{}
Car01am,AnnaCampbelloz,{}
Car01am,Michael63866990,{}
Car01am,MarkAnthonySm16,{}
Car01am,GBHolley1,{}
Car01am,LuCorreaAuthor,{}
Car01am,BetterBrainsB,{}
Car01am,BobGeor27574923,{}
Car01am,cjbahr,{}
Car01am,StevenJFritchie,{}
Car01am,iotcybersec24,{}
Car01am,DavidARiley1,{}
Car01am,blacksta1111,{}
Car01am,magdaolchawska,{}
Car01am,jballou6,{}
Car01am,jeaneli97637721,{}
Car01am,HappyTechTweet1,{}
Car01am,wwwpulpartcouk,{}
Car01am,TheAlienChannel,{}
Car01am,CalebPirtle,{}
Car01am,WendyESlater,{}
Car01am,JerrieAlexander,{}
Car01am,KSeebar,{}
Car01am,JohnDolanAuthor,{}
Car01am,chrisderrick1,{}
Car01am,EwaMariaDerrick,{}
Car01am,humanwords_,{}
Car01am,AutLauraDaleo,{}
Car01am,winterschild11,{}
Car01am,MainChannel_,{}
Car01am,WeAmazonian,{}
Car01am,maineiacmakeup,{}
Car01am,alhanda,{}
Car01am,TonyaWrites,{}
Car01am,IngridFoster,{}
UfoStudy,Alien_Gray,{}
UfoStudy,Jshan00,{}
UfoStudy,ErnestArtigas,{}
UfoStudy,Thorodinson76,{}
UfoStudy,GreggFlinn,{}
UfoStudy,ufoman1214,{}
UfoStudy,studyofUAPs,{}
UfoStudy,MarkDavis8919,{}
UfoStudy,nosleinad7,{}
UfoStudy,orel94934645,{}
UfoStudy,Chachalina55,{}
UfoStudy,s0ul555,{}
UfoStudy,Rogjoles56,{}
UfoStudy,junbangu,{}
UfoStudy,dance_cosmic,{}
UfoStudy,FreegroveSuttor,{}
UfoStudy,un4givinn,{}
UfoStudy,AlertUfo,{}
UfoStudy,lmblair,{}
UfoStudy,RobertAdner1,{}
UfoStudy,thebusiness7,{}
UfoStudy,chrisfrench83,{}
UfoStudy,Deeizzie,{}
UfoStudy,ajeetkcs,{}
UfoStudy,mpit2008,{}
UfoStudy,IrizarryArvin,{}
UfoStudy,AstroKat27,{}
UfoStudy,waylander_86,{}
Alien_Gray,MarianRudnyk,{}
Alien_Gray,mcbupkiss,{}
Thorodinson76,Munook,{}
ufoman1214,TSKHeadQuarters,{}
studyofUAPs,keptycho,{}
nosleinad7,EdmondHWollmann,{}
nosleinad7,davideoleary,{}
Chachalina55,EdmondHWollmann,{}
Rogjoles56,EdmondHWollmann,{}
dance_cosmic,EdmondHWollmann,{}
OfficialMBTM,GlobalSedition,{}
OfficialMBTM,alienastromusic,{}
OfficialMBTM,MindsIndieLabel,{}
OfficialMBTM,HelenVJamesArt,{}
thebusiness7,528vibes,{}
chrisfrench83,keptycho,{}
chrisfrench83,hollywoodufos,{}
mpit2008,Munook,{}
mpit2008,Dph2020,{}
mpit2008,DavidEGatesUK,{}
mpit2008,SteveReedOnline,{}
mpit2008,StevenCambian,{}
mpit2008,528vibes,{}
mpit2008,r_ufos,{}
mpit2008,UfoAmateur,{}
mpit2008,bjoh0909,{}
mpit2008,wefullnow,{}
mpit2008,1stmousecheese,{}
mpit2008,RichardVonQuest,{}
mpit2008,LeslieLinnie,{}
mpit2008,UAPMediaHub,{}
mpit2008,ParaMysteryPod,{}
mpit2008,Electrappi,{}
mpit2008,AATPeak,{}
mpit2008,DavidBWriter,{}
mpit2008,hollywoodufos,{}
mpit2008,Gdart02474263,{}
mpit2008,HeedTheWorld_RS,{}
mpit2008,BostonsBuddha,{}
mpit2008,TESA_Canada,{}
mpit2008,javiklein,{}
mpit2008,j_aprimetime,{}
mpit2008,TheSkateCase,{}
mpit2008,JadesBites,{}
mpit2008,UAPHub,{}
mpit2008,CITDConference,{}
mpit2008,miccarron,{}
mpit2008,TheZignal,{}
mpit2008,justmyvideos,{}
mpit2008,tinyklaus,{}
mpit2008,shadowsmagazine,{}
mpit2008,lvxtenebris,{}
mpit2008,BenLumen,{}
mpit2008,du5_t1,{}
mpit2008,Vidrinath,{}
updatesgalactic,AChannelings,{}
updatesgalactic,AgentVault,{}
WSG_OG,Schepenss,{}
WSG_OG,Jack50527586,{}
WSG_OG,DD22000,{}
WSG_OG,hossinkh1,{}
area51org,DomDiaz13,{}
area51org,ParaExpresso,{}
area51org,jaghuara,{}
area51org,putzie63,{}
area51org,mlw975,{}
DomDiaz13,VOXmarkets,{}
DomDiaz13,ZaksTradersCafe,{}
OrlamboMoon,BilalBi77304788,{}
OrlamboMoon,syco7214,{}
OrlamboMoon,MirzaToheed14,{}
OrlamboMoon,Mohamma71035654,{}
OrlamboMoon,rilodi7854,{}
OrlamboMoon,Bxbc65266201,{}
OrlamboMoon,RGetlike,{}
OrlamboMoon,Israrktk18,{}
OrlamboMoon,waheedrat,{}
OrlamboMoon,ItzHridoy2,{}
OrlamboMoon,Anaya74682877,{}
OrlamboMoon,Vgy68456184,{}
OrlamboMoon,farhannotwin46,{}
OrlamboMoon,adeensiraj306,{}
OrlamboMoon,farhaninstagram,{}
OrlamboMoon,Nomi86952672,{}
OrlamboMoon,raoshahzard,{}
OrlamboMoon,sabbir_hasain,{}
OrlamboMoon,Kali92543568,{}
OrlamboMoon,Ggg64440609,{}
OrlamboMoon,Umair68321855,{}
wefullnow,ScarletTears3,{}
Proxy_90,mrventuresnft,{}
Proxy_90,ryenc00l,{}
Proxy_90,kvmvkvz,{}
Proxy_90,rogsav3,{}
Proxy_90,videogamingbot,{}
mrventuresnft,CryptoSlimer,{}
pod115show,DeanNancyUscher,{}
pod115show,JVaughanPR,{}
pod115show,cakeradios,{}
pod115show,UNLVFineArts,{}
ObserversFilm,greer_flare,{}
ObserversFilm,papiflorida,{}
DanDayRadio,lockhart_jesse,{}
DanDayRadio,Swptoydolfan,{}
skinnyb0b,real_cryptids,{}
skinnyb0b,opal_vigilante,{}
skinnyb0b,Tyler46628552,{}
skinnyb0b,AR_tie_Dreadful,{}
skinnyb0b,moon01293722,{}
skinnyb0b,68vinnyo,{}
skinnyb0b,Ste69477056,{}
skinnyb0b,encatwoman,{}
skinnyb0b,TSKHeadQuarters,{}
beaztbeatz,MartinezAyren,{}
UfoHuntersCom,wilkespete,{}
UfoHuntersCom,kanonv03,{}
UfoHuntersCom,mlw975,{}
UfoHuntersCom,Joyce91794816,{}
UfoHuntersCom,Jasonmcc5150,{}
UfoHuntersCom,chrlsbnnet,{}
UfoHuntersCom,JaqueTheSnaqe,{}
UfoHuntersCom,News1Int,{}
Munook,AsmuntPeter,{}
Munook,libby67551236,{}
Munook,LandOfMinnesota,{}
Munook,vivek55170964,{}
owner_ferrari,CryptoCT10,{}
owner_ferrari,wangyaoyao14,{}
owner_ferrari,SJ13725247,{}
owner_ferrari,AGameScrnPrint,{}
owner_ferrari,Dazed______,{}
CryptoCT10,Jb007Crypto,{}
CryptoCT10,junglejay808,{}
CryptoCT10,ZevsAndromeda,{}
CryptoCT10,undudbay_,{}
CryptoCT10,happy_brain,{}
CryptoCT10,CryptoCT10,{}
CryptoCT10,UFogers,{}
CryptoCT10,nerve_network,{}
CryptoCT10,AndromedaZevs,{}
CryptoCT10,islam_qader13,{}
CryptoCT10,SnailBearBull,{}
CryptoCT10,UppGra,{}
wangyaoyao14,CryptoSlimer,{}
SJ13725247,BscPetani,{}
SJ13725247,Ufo_P2E,{}
Dazed______,zenCRypy,{}
Dazed______,Grabdpopcorn,{}
Dazed______,BscPetani,{}
Dazed______,JDeFaZ13,{}
Dazed______,CryptoSlimer,{}
UFOinsightcom,ParaExpresso,{}
UFOinsightcom,titidine,{}
UFOinsightcom,ConcrndNational,{}
AlienMetals,SaturnMoon2016,{}
AlienMetals,MaxUFO8,{}
AlienMetals,DonaldLeggatt,{}
AlienMetals,yellowjerseypr,{}
AlienMetals,Upside20201,{}
AlienMetals,proactive_UK,{}
AlienMetals,VOXmarkets,{}
MarianRudnyk,VctorAtencioG,{}
MarianRudnyk,mesolithicguy,{}
MarianRudnyk,Johnnyf46148074,{}
MarianRudnyk,Baptiste_Fri,{}
MarianRudnyk,magicdmw,{}
MarianRudnyk,ta22386,{}
MarianRudnyk,Annimatrix,{}
MarianRudnyk,GregoryPrimm,{}
MarianRudnyk,Walker35031171,{}
MarianRudnyk,ImundiRL,{}
MarianRudnyk,RockyinTX,{}
Johnnyf46148074,adammartiancomi,{}
Walker35031171,keptycho,{}
Walker35031171,Vidrinath,{}
Giveaways_Vip,TheHypeFrog,{}
NazifOgur,du5_t1,{}
du5_t1,SelanikliTrk,{}
du5_t1,nerve_network,{}
du5_t1,du5_t1,{}
ZevsAndromeda,TheUFOtoken,{}
happy_brain,Crypto_Joker69,{}
UFogers,Ufo_P2E,{}
UFogers,TheUFOtoken,{}
UFogers,CryptoSlimer,{}
StevenCambian,papercrane111,{}
StevenCambian,Ure5Ure,{}
StevenCambian,RealArea503,{}
StevenCambian,Robin081564,{}
StevenCambian,littebodge,{}
StevenCambian,TroubledMindsR,{}
StevenCambian,anon_et,{}
StevenCambian,sixxisdesigns,{}
StevenCambian,JessicaANDEliza,{}
StevenCambian,WilliamCalamari,{}
StevenCambian,williamkay62,{}
StevenCambian,BlueshiftRadio,{}
StevenCambian,DragonShadow384,{}
StevenCambian,55404elf,{}
StevenCambian,MrMosis,{}
StevenCambian,Go_Kick_Rocks88,{}
StevenCambian,SBrowneITF,{}
StevenCambian,1911Moose,{}
StevenCambian,UssOmnishambles,{}
StevenCambian,PSNvicheous,{}
RealArea503,AATPeak,{}
RealArea503,Alien_Scientist,{}
MaxMoszkowicz,BenjIMightB,{}
MaxMoszkowicz,ArtemisPrime24,{}
MaxMoszkowicz,UAP_UKJosh,{}
hollywoodufos,DBAY55231821,{}
hollywoodufos,WilsonStraiph,{}
hollywoodufos,BryceZabel,{}
hollywoodufos,MovieSmackdown,{}
hollywoodufos,RockyinTX,{}
hollywoodufos,channel_clear,{}
hollywoodufos,ChaseKloetzke,{}
hollywoodufos,BurnettCynthia,{}
hollywoodufos,mystifiedguy,{}
hollywoodufos,DennisKoch10,{}
hollywoodufos,deanokos,{}
hollywoodufos,digitalnuke,{}
hollywoodufos,hollywoodufos,{}
hollywoodufos,Stardog97,{}
hollywoodufos,JackieZabel,{}
hollywoodufos,kundunnaochan,{}
hollywoodufos,ANewsTweeter,{}
hollywoodufos,UAP_Topic,{}
hollywoodufos,cbmohan2,{}
hollywoodufos,IWANTTOKNOWUK,{}
hollywoodufos,DavidBWriter,{}
hollywoodufos,FirstAstronauts,{}
hollywoodufos,Julesofthwood,{}
BryceZabel,DavidBWriter,{}
MovieSmackdown,DavidBWriter,{}
RockyinTX,JChurchRadio,{}
RockyinTX,ExoAcademian,{}
BurnettCynthia,ExoAcademian,{}
mystifiedguy,ExoAcademian,{}
DennisKoch10,JChurchRadio,{}
DennisKoch10,Acecentric,{}
DennisKoch10,davideoleary,{}
zenCRypy,frances43387681,{}
zenCRypy,degenboycrypto,{}
zenCRypy,Grabdpopcorn,{}
zenCRypy,RubyAntey,{}
zenCRypy,AyeeZeeeee,{}
zenCRypy,ms01002,{}
SnailBearBull,Ufo_P2E,{}
SnailBearBull,TheUFOtoken,{}
SnailBearBull,CryptoSlimer,{}
JChurchRadio,awakeningMan,{}
JChurchRadio,DDoneau,{}
JChurchRadio,HardSuzy,{}
JChurchRadio,BlairFord14,{}
JChurchRadio,CryptoHippy333,{}
JChurchRadio,DanielG54039085,{}
JChurchRadio,JonthaBaker,{}
JChurchRadio,jim42962125,{}
JChurchRadio,Resinmagemanhot,{}
JChurchRadio,internet4senior,{}
JChurchRadio,danjames71,{}
JChurchRadio,catharine35,{}
JChurchRadio,MadridFederer,{}
JChurchRadio,BeverlyMoore08,{}
JChurchRadio,kmarquis13,{}
JChurchRadio,Adam15869891,{}
JChurchRadio,3rdStoneStudios,{}
JChurchRadio,CaineroMirella,{}
JChurchRadio,cliffjenke,{}
JChurchRadio,theufosecret,{}
JChurchRadio,Bri_153,{}
JChurchRadio,curiosusmentis,{}
JChurchRadio,BenjIMightB,{}
JChurchRadio,TrtomR,{}
JChurchRadio,iDadeMurphy,{}
JChurchRadio,mtloatm,{}
JChurchRadio,Eyes_OnTheSkies,{}
JChurchRadio,AncientUFOGTA,{}
JChurchRadio,brandon_camara,{}
JChurchRadio,Jorju5,{}
JChurchRadio,Dovehotep,{}
JChurchRadio,JohnP_Edwards,{}
awakeningMan,KnowingM7,{}
Mymoscovium115,GODS0N10,{}
Mymoscovium115,Jonero04,{}
adammartiancomi,alienastromusic,{}
adammartiancomi,pe7490,{}
adammartiancomi,ArtAlienTV,{}
alienastromusic,UFO_Sightings_X,{}
alienastromusic,awakeningufo,{}
MyobuFTW,jazzyboiboi,{}
MyobuFTW,tqh3e788fc,{}
MyobuFTW,pixelblot,{}
alibuttme,mike47763099,{}
Liamfoxactor,GinaLamb164,{}
Liamfoxactor,Kirkby007,{}
Liamfoxactor,foxyandthelamb,{}
GinaLamb164,foxyandthelamb,{}
Zakias999,PEPATTH,{}
Zakias999,PLAYROOCardGame,{}
Zakias999,Produszen,{}
Zakias999,G0KUZAMA,{}
Zakias999,mxcstories23,{}
Zakias999,tawan__s,{}
Zakias999,Heartle74884145,{}
Zakias999,natpong_k,{}
Zakias999,nft_xpanda,{}
Zakias999,thxspii,{}
Zakias999,OneeChan_NFT,{}
Zakias999,Ployrua,{}
Zakias999,aaaphiwattt,{}
Zakias999,sunya119,{}
Zakias999,Midsignn17,{}
Zakias999,BASTIZZ2,{}
Zakias999,AethurGallery,{}
Zakias999,SimonKNFT,{}
Zakias999,BaifsasiNFT,{}
Zakias999,galaxiux,{}
Zakias999,uttermelone,{}
Zakias999,ReAnimetron,{}
Zakias999,ArchfiendNFT,{}
Zakias999,solteropedia,{}
Zakias999,PromchartSuraa,{}
PLAYROOCardGame,deathimself_,{}
earthallies,ulrikeclarke,{}
earthallies,Ciaitea,{}
earthallies,moijelol,{}
earthallies,RosaMuratore,{}
earthallies,spoolflow,{}
earthallies,sik249,{}
earthallies,AnAlienInvasion,{}
earthallies,amy_hamm100,{}
earthallies,magnoliamaverik,{}
earthallies,DonaldPanza,{}
earthallies,WORLDUFOGROUP,{}
earthallies,maraplanetmaven,{}
earthallies,TheOinGod,{}
earthallies,Paradicsom9,{}
earthallies,Bewareofignora1,{}
spoolflow,maroca69,{}
AnAlienInvasion,maroca69,{}
allwinnerspaid1,allwinnerspaid1,{}
allwinnerspaid1,rich93585640,{}
allwinnerspaid1,rochthefella,{}
frances43387681,BscPetani,{}
frances43387681,Crypto_Joker69,{}
RubyAntey,nerve_network,{}
ms01002,CryptoSlimer,{}
ArtAlienTV,darkjournalist,{}
anon_et,ExoAcademian,{}
InuPirate,_Mooner666,{}
InuPirate,diamondinu1,{}
InuPirate,tkalinjo,{}
InuPirate,Eskimo_Pouch,{}
InuPirate,ausbiztr,{}
InuPirate,Joram83695486,{}
InuPirate,AlexCar96070224,{}
InuPirate,Timtheinvestor,{}
InuPirate,MarkAnthony2021,{}
InuPirate,tapbtc,{}
InuPirate,spaadlin,{}
InuPirate,Cryptobat13,{}
LatestUFOs,MYSTERI26499915,{}
LatestUFOs,powerfulCRE,{}
LatestUFOs,abonase38,{}
LatestUFOs,t00thyPeg,{}
EMXDOOM,RiderBurn,{}
peter__foster,danny_robins,{}
VGSiddhapura,buzzsubash,{}
nerve_network,cryptospiz,{}
nerve_network,YuGod185,{}
nerve_network,DiepBaoky1,{}
nerve_network,Mandivs,{}
nerve_network,MGjampa,{}
nerve_network,uzairkhan0088,{}
nerve_network,Westbro04829652,{}
nerve_network,VietcryptoZIL,{}
nerve_network,AnkitPa90555954,{}
nerve_network,huyfansy27,{}
nerve_network,Ordo86760109,{}
nerve_network,AriBernsteinMD,{}
nerve_network,PanditTuron,{}
nerve_network,vogel_patric,{}
nerve_network,AndromedaZevs,{}
DiepBaoky1,Hoo_exchange,{}
Westbro04829652,TheUFOtoken,{}
Crypto_kitten,JarrettMandes,{}
Crypto_kitten,DouglasHugley,{}
Crypto_kitten,ChadwickBeem,{}
Crypto_kitten,WinstonSeamster,{}
Crypto_kitten,termojs,{}
Crypto_kitten,memanatic,{}
Crypto_kitten,spawn45022151,{}
Crypto_kitten,furqaanhashim,{}
Crypto_kitten,Abdul_Ahmed_,{}
Crypto_kitten,Furqaan0202,{}
Crypto_kitten,DoGe_CaP,{}
Crypto_kitten,CrypticMate,{}
Crypto_kitten,bakteryi,{}
Crypto_kitten,tcuay,{}
Crypto_kitten,pesaifng,{}
Crypto_kitten,KecudW,{}
Crypto_kitten,selimuot,{}
Crypto_kitten,viva_pituphoom,{}
Crypto_kitten,KINGdCUBA,{}
Crypto_kitten,TheGris6,{}
Crypto_kitten,CbzasP,{}
Crypto_kitten,nur5309,{}
Crypto_kitten,yah5404,{}
Crypto_kitten,wan5407,{}
Crypto_kitten,Bambang45U,{}
Crypto_kitten,HaikalWibowo4,{}
Crypto_kitten,AndinAn0990,{}
Crypto_kitten,wahyupurnama35,{}
Crypto_kitten,DeviIndri0609,{}
Crypto_kitten,jawedkhan739,{}
Crypto_kitten,GilaniPTI,{}
Crypto_kitten,Be_Nutral,{}
Crypto_kitten,HaahLuz,{}
Crypto_kitten,Delaastuti4,{}
Crypto_kitten,miegorengwedi,{}
Crypto_kitten,GinSacias,{}
djdeansherry,PHEVERTV,{}
djdeansherry,CallisonLinda,{}
UfoAkten,BKrolowie,{}
BKrolowie,javiklein,{}
DanielJaye,BobbyDotXYZ,{}
DanielJaye,JohnApp63499667,{}
MaldivesShifan,EdmondHWollmann,{}
ColdDeepest,LGTWOsupport,{}
ColdDeepest,canycanscancans,{}
ColdDeepest,mrcjgofficial,{}
ColdDeepest,theretweetermag,{}
ColdDeepest,robleamusic,{}
ColdDeepest,TrioMinutes,{}
ColdDeepest,GregArthmer,{}
ColdDeepest,PSilvervoodoos,{}
ColdDeepest,TheUPoet,{}
ColdDeepest,ClareEstelle,{}
ColdDeepest,mscharleyyoung,{}
ColdDeepest,LGTWOLinkDrop,{}
ColdDeepest,_lgtwo,{}
ColdDeepest,potparallel,{}
ColdDeepest,DiamondLounge6,{}
ColdDeepest,LucasLumic,{}
ColdDeepest,samanthaT467,{}
ColdDeepest,beckman_jay,{}
ColdDeepest,pablolarosaxo,{}
ColdDeepest,crabb_jim,{}
Seraz79595146,CorePawn,{}
Seraz79595146,CryptocratAK,{}
Seraz79595146,PhoenixSocial2,{}
Seraz79595146,BruceJust2,{}
BenjIMightB,johnlynn77,{}
BenjIMightB,j_aprimetime,{}
BenjIMightB,ArtemisPrime24,{}
BenjIMightB,thtonetime,{}
BenjIMightB,The_Video_Girl,{}
j_aprimetime,mishLde,{}
j_aprimetime,ArtemisPrime24,{}
AATPeak,AATPeak,{}
BscPetani,YuksekkayaSerap,{}
thomaslfessler,TheOutThere2016,{}
thomaslfessler,Pewpew841,{}
thomaslfessler,greer_flare,{}
thomaslfessler,UAPmike,{}
greer_flare,PhilipMarloweLA,{}
greer_flare,CITDConference,{}
greer_flare,TSKHeadQuarters,{}
UAPmike,GrantCameron,{}
RmsRms77s,CryptoSlimer,{}
YuksekkayaSerap,BlockchainImpac,{}
YuksekkayaSerap,Ufo_P2E,{}
YuksekkayaSerap,Coinw_exchange,{}
YuksekkayaSerap,ZT_exchange,{}
YuksekkayaSerap,graviex_net,{}
YuksekkayaSerap,vinayrises2004,{}
IUIC_GR_MI,ELevisrael,{}
IUIC_GR_MI,Jew_JewBean,{}
Ufo_P2E,doodlesndrips,{}
Ufo_P2E,Deltaio3,{}
Ufo_P2E,UFOPredator51,{}
Ufo_P2E,MetaplexBot,{}
Ufo_P2E,ZT_exchange,{}
UFOPredator51,Hoo_exchange,{}
UFOPredator51,CryptoSlimer,{}
ZT_exchange,ledererhouston,{}
ZT_exchange,itszachbreh,{}
ZT_exchange,Jack93205776,{}
ZT_exchange,Thebastrading1,{}
ZT_exchange,Nevergi79965302,{}
ZT_exchange,AlwaysSelma,{}
ZT_exchange,cryptoReDNeX,{}
ZT_exchange,pikamaster876,{}
ZT_exchange,ARNOTE001,{}
ZT_exchange,RonPaulFan2,{}
ZT_exchange,cinebelgicano,{}
graviex_net,hhdelikus,{}
graviex_net,C0shmar,{}
graviex_net,DstnWilliamsn,{}
graviex_net,FlyTheElephant1,{}
graviex_net,anna2009v,{}
graviex_net,SpaceRabbitMaco,{}
graviex_net,juravleff,{}
graviex_net,TobiBier123,{}
graviex_net,ftcorbsup,{}
graviex_net,ufodex_io,{}
UFO_Sightings_X,angel101fire,{}
Alien_Scientist,BrianX0067,{}
Alien_Scientist,benjimaan22,{}
LeslieLinnie,XenoEngineering,{}
LeslieLinnie,matrix2004,{}
matrix2004,miccarron,{}
UAPMediaHub,SabersKnight,{}
Ashtab5,DaCryptoArtDlr,{}
Ashtab5,BChainedd,{}
Ashtab5,markus_tweet,{}
Ashtab5,ChrisCrdns,{}
Ashtab5,KryptoReydel,{}
Ashtab5,WildPilot1,{}
Ashtab5,AyahuascaMoon,{}
Ashtab5,CryptoDolo,{}
Ashtab5,DogeBountyHunt3,{}
Ashtab5,czerwonka1904,{}
Adam15869891,ufouapam,{}
Xv_HADES_vX,Loki_Gemz,{}
blurugu,Melz2Bellz,{}
blurugu,AilsaForshaw,{}
AilsaForshaw,EdmondHWollmann,{}
AilsaForshaw,ufouapam,{}
505Nomad,BenGuichardKu,{}
505Nomad,CnBsNana,{}
505Nomad,MaricelaReyTor1,{}
505Nomad,farmer_tr,{}
waylander_86,keptycho,{}
waylander_86,EdmondHWollmann,{}
electwave_music,mhall55nine,{}
electwave_music,electwave_music,{}
TheUFOtoken,Haroon01779935,{}
TheUFOtoken,Kuki134341,{}
TheUFOtoken,MMC_crypto,{}
TheUFOtoken,Narutounknown2,{}
TheUFOtoken,paintider_c,{}
TheUFOtoken,Pstprincepeters,{}
TheUFOtoken,florioshi,{}
TheUFOtoken,c_shamoun,{}
TheUFOtoken,mtlodessa,{}
TheUFOtoken,AndromedaZevs,{}
TheUFOtoken,UppGra,{}
TheUFOtoken,lukasmeadow,{}
AndromedaZevs,CryptoSlimer,{}
AndromedaZevs,Crypto_Joker69,{}
UppGra,Crypto_Joker69,{}
keptycho,JesseJO0904,{}
keptycho,SfWelkin,{}
keptycho,Blanc07Michel,{}
keptycho,zland_,{}
keptycho,rk44hundred,{}
keptycho,Benma83,{}
keptycho,theufosecret,{}
keptycho,MDPhitrader,{}
keptycho,Argo_ufologist,{}
keptycho,Unrealbirds,{}
keptycho,Roamer4Truth,{}
keptycho,Z00KY,{}
keptycho,Adamrea23499297,{}
Blanc07Michel,ufouapam,{}
DavidBWriter,thaxter,{}
WeLikeNFTs,leojavi2,{}
WeLikeNFTs,NatronSix,{}
WeLikeNFTs,jwoodel25,{}
WeLikeNFTs,fescollector,{}
WeLikeNFTs,HillsideHomie,{}
WeLikeNFTs,DirtyDeeds357,{}
WeLikeNFTs,PBQuality,{}
WeLikeNFTs,AWBTDOM,{}
WeLikeNFTs,_CAOS_BOY_,{}
WeLikeNFTs,TheAlienBoyNFT,{}
Unminced_Words,Unminced_Words,{}
Unminced_Words,jenniferkochsh1,{}
GBHolley1,JuanPab79717650,{}
GBHolley1,PaulaSlade,{}
GBHolley1,IARTG,{}
GBHolley1,ladydaffodil,{}
GBHolley1,DerrickRBickley,{}
GBHolley1,CarlaLobosco,{}
GBHolley1,BoggyCreekBeast,{}
ExoAcademian,CatJova,{}
ExoAcademian,DallasAnalytics,{}
ExoAcademian,SilvaRecord,{}
ExoAcademian,EngagingThe,{}
ExoAcademian,Julesofthwood,{}
ExoAcademian,TheUfoJoe,{}
ExoAcademian,JonMajerowski,{}
ExoAcademian,JeffRobertBlask,{}
ExoAcademian,Lynda_Katerra,{}
Julesofthwood,TheUndeadGaucho,{}
JonMajerowski,AlienProtocols,{}
Lynda_Katerra,TheUndeadGaucho,{}
SHIBjpn,shibinujp,{}
SHIBjpn,JelicicNick,{}
TheYoiy,Test3Zyc,{}
TheYoiy,thederphog1,{}
TheYoiy,B_Cacto,{}
TheYoiy,ModernBulbz,{}
TheYoiy,PestanaRegino,{}
TheYoiy,UndedMilky,{}
TheYoiy,OfficialV_oid,{}
TheYoiy,WXalax,{}
TheYoiy,BorgesMelie,{}
TheYoiy,hanayonesoberi,{}
TheYoiy,yummymaichi,{}
TheYoiy,PlayTEN_DESIRES,{}
TheYoiy,sakuranahotate,{}
TheYoiy,uragiraretayue,{}
TheYoiy,Sherloc14576637,{}
TheYoiy,YoPooPoo1,{}
TheYoiy,V2_BreadKoishi,{}
TheYoiy,MatiruOrin,{}
TheYoiy,IloveSchuldiner,{}
TheYoiy,Ghosty_Mega,{}
Gdart02474263,bunnies_bot,{}
snapagig1,johnhayhurst,{}
TESA_Canada,CeeCee13802187,{}
HeadHunter1130,TamashiAl,{}
CUParanormal1,abonase38,{}
CUParanormal1,PooSkinz,{}
DanBuk4,DanBuk4,{}
CMcCormickART,form_bot,{}
javiklein,rui360ss,{}
javiklein,55Talon5,{}
javiklein,blockking45,{}
javiklein,NBoloban,{}
javiklein,dragon323321,{}
16Lids,TweetinMichelle,{}
16Lids,Todd_Coleman16,{}
16Lids,RealEstatePoet,{}
16Lids,ArtyScribble,{}
KnowingM7,KnowingM7,{}
JailbaitTV1,Mysteron1959,{}
JailbaitTV1,BornFig08150859,{}
JailbaitTV1,TheTartanDalek,{}
markoconnell_1,anomalistnews,{}
markoconnell_1,DrunkTheory,{}
mil_scot,MXWorldNews,{}
WendyLite4one,CITDConference,{}
WendyLite4one,The_Cosmic_Web_,{}
thtonetime,CITDConference,{}
thtonetime,TSKHeadQuarters,{}
CITDConference,Dragongirl341,{}
CITDConference,firstshowing,{}
CITDConference,phoenix078,{}
andredimauro,goldenpoplers,{}
andredimauro,swamyg_ofc,{}
andredimauro,ChampagneBarss,{}
andredimauro,bjadams156,{}
andredimauro,GGauldini,{}
andredimauro,dagaywey,{}
andredimauro,AhmedKhaledSae3,{}
andredimauro,winteraesth,{}
andredimauro,VOLG_DE_DATA,{}
andredimauro,Zombiewolfclaw,{}
andredimauro,Anomalymoss,{}
andredimauro,_K4i4_,{}
andredimauro,Go_w_12,{}
andredimauro,Manuel_Silva_R,{}
andredimauro,calebmitchum_,{}
EdmondHWollmann,Lolly121306,{}
EdmondHWollmann,saucersource,{}
EdmondHWollmann,RevJamesJones,{}
EdmondHWollmann,NoWhere03025695,{}
EdmondHWollmann,ufokansas,{}
EdmondHWollmann,Amon_R_Isaras,{}
EdmondHWollmann,Marcos89320515,{}
EdmondHWollmann,Athancolorado,{}
EdmondHWollmann,EdmondHWollmann,{}
EdmondHWollmann,GwenBla30238683,{}
EdmondHWollmann,mynameisseda,{}
EdmondHWollmann,GPUjoe,{}
EdmondHWollmann,AlienProtocols,{}
RevJamesJones,TheUndeadGaucho,{}
Hoo_exchange,ntiendung2909,{}
Hoo_exchange,Alya64853953,{}
Hoo_exchange,trademywheels,{}
Hoo_exchange,Shakeel2278741,{}
Hoo_exchange,RahulNa15802522,{}
Hoo_exchange,Basar98047568,{}
Hoo_exchange,kobirtg1,{}
Hoo_exchange,MdHasan96893978,{}
Hoo_exchange,DulalAli54,{}
Hoo_exchange,Vinaydular,{}
trademywheels,CryptoSlimer,{}
Heidi_TTFN,awakeningufo,{}
strange_kage,ChaosMoogle,{}
strange_kage,capella4wd,{}
Kirkby007,AlienProtocols,{}
outtheregroup1,moonstonesea74,{}
TerrytheCensor,LenVeigaZ,{}
PhilipMarloweLA,GaryHolzschuh,{}
GaryHolzschuh,ufouapam,{}
mcbupkiss,HultinKatarina,{}
mcbupkiss,MtHoodFinds,{}
mcbupkiss,olof_rockner,{}
miccarron,SusanFensten,{}
miccarron,mothra_7,{}
Vidrinath,TOEwithCurt,{}
ufouapam,9egoo,{}
ufouapam,thinkingonthc,{}
ufouapam,SaidFaraj14,{}
ufouapam,WildSlunksauce,{}
ufouapam,castlehao19,{}
ufouapam,ComeEdge,{}
ufouapam,SecretTortoise,{}
ufouapam,teenypeenyshow,{}
ufouapam,HPoskocilova,{}
ufouapam,PendragonAtlas,{}
ufouapam,Joeypilkington1,{}
ufouapam,BennyHopeXx,{}
ufouapam,__BrownEyesRock,{}
maraplanetmaven,maroca69,{}
TheUndeadGaucho,Pres_Mubarak,{}
TheUndeadGaucho,FranMaldo6,{}
TheUndeadGaucho,njohan,{}
TheUndeadGaucho,photonspectra1,{}
TheUndeadGaucho,Schoolcraft420,{}
TheUndeadGaucho,the_realist2311,{}
TheUndeadGaucho,lucyskye318,{}
TheUndeadGaucho,JamesPr65703236,{}
TheUndeadGaucho,savvy71220,{}
TheUndeadGaucho,CXMANXC,{}
TheUndeadGaucho,UArqueology,{}
TheUndeadGaucho,CMetaphor,{}
TheUndeadGaucho,TheUndeadGaucho,{}
TheUndeadGaucho,Enox_3,{}
TheUndeadGaucho,ThatTSQkiD,{}
TheUndeadGaucho,B1GJohnson61,{}
TheUndeadGaucho,NinaWel69810699,{}
TheUndeadGaucho,TheZignal,{}
TheUndeadGaucho,71Fessy,{}
TheUndeadGaucho,TheSwede1775,{}
TheUndeadGaucho,Manning123Sm,{}
TheUndeadGaucho,morrin81,{}
TheUndeadGaucho,Anbhigya1,{}
TheUndeadGaucho,galanvazquez,{}
iUFOSightings,Reamce1,{}
darkjournalist,aka_brandyrenee,{}
darkjournalist,georgieosi,{}
darkjournalist,paul_hollister,{}
darkjournalist,KatherineCatin1,{}
darkjournalist,JamieWalker123_,{}
darkjournalist,AliceinNC,{}
darkjournalist,zhaba2374,{}
darkjournalist,MikeMtk63,{}
darkjournalist,JBozinko,{}
darkjournalist,adventure145,{}
darkjournalist,PIANORAMA,{}
darkjournalist,joedimagg,{}
darkjournalist,PeaceOnEarth222,{}
darkjournalist,joseph_strogish,{}
darkjournalist,Ggnhaatty22,{}
darkjournalist,FranceskiBarnes,{}
darkjournalist,Elysian70833145,{}
darkjournalist,sandraf04397162,{}
darkjournalist,maryhope8,{}
prestonjong,VrRetweeter,{}
AncientUFOGTA,Bigwowdice,{}
Bigwowdice,elmo7509,{}
Bigwowdice,2of10photo,{}
Bigwowdice,JKARLOZVL,{}
Bigwowdice,nascarfan1599,{}
Bigwowdice,StormHour,{}
TheZignal,AnnaWhitty2,{}
TheZignal,markyoboyle,{}
justmyvideos,justmyvideos,{}
justmyvideos,uapdad586,{}
justmyvideos,wboricua98,{}
justmyvideos,tmurithi12,{}
justmyvideos,Elizabe57025476,{}
GamesSn50,GamebotIndie,{}
GamesSn50,MetroidvaniaBot,{}
GamesSn50,SimonSn50,{}
GamesSn50,kaboor126,{}
CryptoSlimer,ReGamertron,{}
CryptoSlimer,CryptoPhinatic,{}
CryptoSlimer,ZihinbazO,{}
CryptoSlimer,UFOGAMING_ARMY,{}
CryptoSlimer,kryptobakterium,{}
CryptoSlimer,LoneWhiteWolFFF,{}
CryptoSlimer,IDeeIKs,{}
CryptoSlimer,Raphael79911105,{}
AlienzAnonymous,DarrenHahm,{}
AlienzAnonymous,Ghostsofthe812,{}
AlienzAnonymous,Lonewol10298520,{}
AlienzAnonymous,IvoMARSIvanov1,{}
AlienzAnonymous,Cuco28409217,{}
AlienzAnonymous,akamarklewis,{}
AlienzAnonymous,paranormal_ol,{}
AlienzAnonymous,66cya,{}
deathimself_,AwsomeNada,{}
deathimself_,Levanonashvili,{}
deathimself_,Homadokhtsh,{}
deathimself_,RockSta88665872,{}
deathimself_,Ulkamak1,{}
deathimself_,rocketgirlNFT,{}
deathimself_,zor_____,{}
deathimself_,thecontentdude_,{}
deathimself_,leth_of,{}
deathimself_,NFTrippy,{}
deathimself_,Crypvon,{}
deathimself_,hodlgoddess,{}
deathimself_,SkrrTey,{}
deathimself_,deathimself_,{}
deathimself_,timriopelle,{}
deathimself_,edagursss,{}
deathimself_,PsychedelicPerc,{}
deathimself_,IndraTor,{}
shadowsmagazine,LovelydayTech,{}
shadowsmagazine,BLAZETVUK,{}
shadowsmagazine,devgru1980mi,{}
shadowsmagazine,awakeningufo,{}
Acecentric,fringequest,{}
forbes_andra,forbes_andra,{}
in_tradingview,MakwanaVasudev,{}
TSKHeadQuarters,Coyote_Cocktail,{}
davideoleary,kevin_otte,{}
davideoleary,CamCashmn,{}
davideoleary,Carsten1186,{}
davideoleary,squibmo,{}
davideoleary,Lemurian1897,{}
davideoleary,SaveBlueBookORG,{}
davideoleary,DUMBSnDIRDS,{}
Crypto_Joker69,edward_luthje,{}
Crypto_Joker69,DeFiDemon89,{}
awakeningufo,ZGGMEDIA,{}
awakeningufo,UFOCollage,{}
awakeningufo,ZonkstheAlien,{}
Diya__bechoo,mayadaviz,{}
Diya__bechoo,Diya__bechoo,{}
GrantCameron,InsideTheCover,{}
FBIOmaha,FBIChicago,{}
FBIOmaha,OmahaBroncoFan,{}
UAPDOG,gaia_thesis,{}
cottage_green,JanRomes,{}
cottage_green,cottage_green,{}
BhartiyNiveshak,nilusilu,{}
BhartiyNiveshak,Money40589624,{}
BhartiyNiveshak,VenkataSumanN,{}
Aminoli1,abdelilahbch,{}
Aminoli1,Aminoli1,{}
Chartronics,faiz_sarbazi,{}
Chartronics,cryptoking992,{}
Chartronics,ebrahimez5,{}
Chartronics,StarlinkTrooper,{}
Chartronics,dashupi,{}
Chartronics,StreetMath1,{}
Chartronics,a_pourparvaneh,{}
Chartronics,crypto_josh33,{}
Chartronics,timematters__,{}
Chartronics,Roy99197134,{}
Chartronics,quockha43890186,{}
Chartronics,Amir87869666,{}
Chartronics,HakanELMACI7,{}
Chartronics,ErinJen14804134,{}
Chartronics,nandobelfort,{}
Chartronics,Oli75780783,{}
Chartronics,LuolaMetaverse,{}
Chartronics,TarikGungor4,{}
Chartronics,lkay46395639,{}
Chartronics,hanthienduc,{}
AlienProtocols,GOOSE_GRIDIRON,{}
AlienProtocols,KikPlenty,{}
AlienProtocols,HeliosStoko,{}
ZaksTradersCafe,MrMichaelLove1,{}
ZaksTradersCafe,Getsum4,{}
ZaksTradersCafe,SteveStubbsy1,{}
ZaksTradersCafe,jamesch12996314,{}
ZaksTradersCafe,JamesHa84002370,{}
JustinC84943162,IDicingI,{}
