ImRitika45,RSSatheesh2,{}
ImRitika45,Krystal_AVY5,{}
ImRitika45,GAURAVR29935018,{}
ImRitika45,Thala_Virat18,{}
ImRitika45,Amluppa,{}
ImRitika45,ARSHCREATION1,{}
ImRitika45,RastrawadiHima1,{}
ImRitika45,Gulshan47109182,{}
ImRitika45,saikuma23797023,{}
ImRitika45,SrikanthBommat2,{}
ImRitika45,Mukesh00555,{}
ImRitika45,KunvarPavan,{}
ImRitika45,Princejayasury1,{}
ImRitika45,_MrChaudhary,{}
ImRitika45,ramraj_sevada,{}
ImRitika45,SahilSk84275177,{}
ImRitika45,Alandeva1045555,{}
ImRitika45,hossain_nawaj,{}
ImRitika45,hanichnal,{}
chaatmasaala,umair_shaikh3,{}
chaatmasaala,amir_iqubal,{}
chaatmasaala,teekamverma97,{}
chaatmasaala,RaazSingh333,{}
chaatmasaala,fariha__13,{}
chaatmasaala,bhushan_maind,{}
chaatmasaala,Riya_0104,{}
chaatmasaala,Shruti_here_,{}
chaatmasaala,bhati_abhishek_,{}
chaatmasaala,RohitKa25177791,{}
chaatmasaala,Shubham26735899,{}
chaatmasaala,NaveenC81445277,{}
chaatmasaala,shreyastic,{}
chaatmasaala,AKFC_WB,{}
chaatmasaala,PaaniPuree,{}
chaatmasaala,Shivampatel7103,{}
chaatmasaala,GaramMassaala,{}
chaatmasaala,chaatmasaala,{}
chaatmasaala,Amanadh70384044,{}
chaatmasaala,Samriddhi_12,{}
chaatmasaala,ChinniSurya2,{}
umair_shaikh3,dna,{}
dna,kSunit9892,{}
dna,Chaitu22020672,{}
dna,smurfie_yt,{}
dna,635Shivam,{}
dna,Siddhar29180487,{}
dna,Mohan38008211,{}
dna,ravi_rathore108,{}
dna,isumonghosh,{}
dna,Gopi238243385,{}
dna,kannan76723092,{}
dna,THE_ASHU_JATAV,{}
dna,adore_asim,{}
dna,TejasPujare7,{}
dna,RameshXpatel1,{}
dna,Utkarshdwived29,{}
dna,rahman_waleed,{}
dna,Sathi97839931,{}
dna,Nirea7nirea,{}
dna,musmade_gayatri,{}
Chaitu22020672,_jaadu_,{}
Mohan38008211,KLRlifeline,{}
Gopi238243385,MikkhailVaswani,{}
RahulxMahirat,TECH8836,{}
RahulxMahirat,Arjun_pandit___,{}
RahulxMahirat,DikshaMaurya14,{}
RahulxMahirat,Narayan54782844,{}
RahulxMahirat,Dhruvsingh1511,{}
RahulxMahirat,Adityakohlifan,{}
RahulxMahirat,RahulxMahirat,{}
DikshaMaurya14,Sowndha18058330,{}
Narayan54782844,poojabishnoi36,{}
Narayan54782844,ajaysahajlan,{}
Narayan54782844,Alpha_Ambuj,{}
Narayan54782844,saandiippnayak,{}
Narayan54782844,_AbdulSajjad_,{}
Narayan54782844,KameshOffl,{}
Narayan54782844,GenerationoAmra,{}
Narayan54782844,Nitya0309,{}
Narayan54782844,Jdesai135,{}
Narayan54782844,its_ashu_,{}
Narayan54782844,YashGau85553607,{}
Narayan54782844,chamanzehra1,{}
MammoottyFC369,ABINKRISHNATK1,{}
MammoottyFC369,mr__devil___,{}
MammoottyFC369,BOSS36903020345,{}
MammoottyFC369,TsManesh,{}
MammoottyFC369,Godwin__369,{}
MammoottyFC369,hunter000369,{}
MammoottyFC369,fa000369,{}
MammoottyFC369,369AlbinG7,{}
MammoottyFC369,itskaran2k,{}
MammoottyFC369,akhilrajr003,{}
MammoottyFC369,Adithyan3690,{}
MammoottyFC369,AbinDev23,{}
MammoottyFC369,Ashiq_Faiz_369,{}
MammoottyFC369,IMfwai,{}
MammoottyFC369,DerickAbhraham6,{}
MammoottyFC369,PavanPkfollower,{}
MammoottyFC369,Kiran76025100,{}
MammoottyFC369,BittuKu65208954,{}
itskaran2k,galattadotcom,{}
itskaran2k,KrRahul33,{}
itskaran2k,GodIam,{}
itskaran2k,chamanzehra1,{}
BittuKu65208954,NEWJplus,{}
poojabishnoi36,SRINATH1012,{}
poojabishnoi36,KohliAdore_,{}
poojabishnoi36,im_Vijay7,{}
poojabishnoi36,0029Sunty,{}
poojabishnoi36,PawanBi86779616,{}
poojabishnoi36,AnkitViratholic,{}
poojabishnoi36,Pythonfamily,{}
poojabishnoi36,Manohar10618654,{}
poojabishnoi36,Nikitaa17047764,{}
poojabishnoi36,Parthap10794688,{}
poojabishnoi36,ShamsiHaidri,{}
poojabishnoi36,Kumarva60997785,{}
poojabishnoi36,DarkPhantom18_,{}
poojabishnoi36,AshokBi92899633,{}
poojabishnoi36,Maheshbabu_cult,{}
poojabishnoi36,Bubbles__9,{}
poojabishnoi36,ohyesnik,{}
poojabishnoi36,anand_VK_18,{}
poojabishnoi36,Jasminxtwinkle,{}
im_Vijay7,MikkhailVaswani,{}
AnkitViratholic,MikkhailVaswani,{}
AnkitViratholic,Oneindia,{}
Nikitaa17047764,RajeshMSelva,{}
Nikitaa17047764,Pooriarts2,{}
Parthap10794688,NEWJplus,{}
ShamsiHaidri,MikkhailVaswani,{}
ShamsiHaidri,RajeshMSelva,{}
ShamsiHaidri,NEWJplus,{}
DarkPhantom18_,RajeshMSelva,{}
RahulEaswar,saaho18vk,{}
RahulEaswar,VijayDurgaRao2,{}
RahulEaswar,ruthless_MBfan,{}
RahulEaswar,kingufanikkada,{}
RahulEaswar,SKSHABBER,{}
RahulEaswar,SiwaJilakara,{}
RahulEaswar,alweysramcharan,{}
RahulEaswar,imViratVK18,{}
RahulEaswar,JustinOffcl,{}
RahulEaswar,January14th2022,{}
RahulEaswar,kautilya_49,{}
RahulEaswar,GaneshKohliOffi,{}
RahulEaswar,M_G9999,{}
RahulEaswar,AyushSh76985635,{}
RahulEaswar,SnehaReddy36,{}
RahulEaswar,onlineD4u,{}
RahulEaswar,ViratKohli___18,{}
RahulEaswar,SSVV_csk_9999,{}
RahulEaswar,faisalspeaking,{}
VijayDurgaRao2,galattadotcom,{}
VijayDurgaRao2,nammateamrcb,{}
kingufanikkada,rpsingh,{}
kingufanikkada,RajeshMSelva,{}
kingufanikkada,galattadotcom,{}
kingufanikkada,AsianetNewsML,{}
kingufanikkada,NEWJplus,{}
kingufanikkada,Cricketracker,{}
SKSHABBER,kingbe1146_,{}
SiwaJilakara,MikkhailVaswani,{}
SiwaJilakara,galattadotcom,{}
January14th2022,MikkhailVaswani,{}
kautilya_49,MohitRohitian,{}
AyushSh76985635,SajjadKhanINC,{}
ViratKohli___18,MikkhailVaswani,{}
ViratKohli___18,RajeshMSelva,{}
ViratKohli___18,NEWJplus,{}
ViratKohli___18,ZaryabShahzad10,{}
ViratKohli___18,CHASEMASTRKOHLI,{}
srcsmic_enginer,KattarTigerian,{}
srcsmic_enginer,Sushs07,{}
srcsmic_enginer,RandhirRaut6,{}
srcsmic_enginer,Jitendra7Jitu,{}
srcsmic_enginer,Naughty_or_wot,{}
srcsmic_enginer,ChinmoyBouri3,{}
srcsmic_enginer,ILoveYouJanu134,{}
srcsmic_enginer,BabuMoshaaii,{}
srcsmic_enginer,being_alcoholic,{}
srcsmic_enginer,Sourabh___patel,{}
srcsmic_enginer,BeiNg_FeisTy,{}
srcsmic_enginer,Absaini40,{}
srcsmic_enginer,TheSoberphobic,{}
srcsmic_enginer,Memes_Raj,{}
srcsmic_enginer,amaan1518,{}
srcsmic_enginer,Am_essss,{}
srcsmic_enginer,imgovinddd,{}
srcsmic_enginer,_kabiraSpeaking,{}
imgovinddd,RajeshMSelva,{}
KLRlifeline,ankit87899,{}
KLRlifeline,DhanaDRowdy2,{}
KLRlifeline,VedantistPrince,{}
KLRlifeline,Rudresh13956627,{}
KLRlifeline,Darling7723,{}
KLRlifeline,TravellerChotu,{}
KLRlifeline,Karthik87895464,{}
KLRlifeline,PawanKu18415109,{}
KLRlifeline,sarcastic4ucker,{}
KLRlifeline,bmurugan578gma1,{}
KLRlifeline,ARYANSI66755140,{}
KLRlifeline,SuryaKuppili1,{}
KLRlifeline,Ankit_patel_AP,{}
KLRlifeline,Abd00069,{}
KLRlifeline,rohithrediee,{}
KLRlifeline,ExSecular04,{}
KLRlifeline,sidnaazlovelove,{}
KLRlifeline,rohithrediee07,{}
KLRlifeline,Avni_7_2005,{}
KLRlifeline,Love_Shehnaaz,{}
KLRlifeline,Pran_shu_17,{}
KLRlifeline,Tarunhindu15,{}
KLRlifeline,professor9_,{}
KLRlifeline,PrasanthRoy143,{}
KLRlifeline,chakrisayz,{}
KLRlifeline,_sonu_718,{}
SuryaKuppili1,i_m_lax_,{}
rohithrediee07,sameera61518293,{}
SUBODH_DAS_,gHxYITGnQO8xh9w,{}
SUBODH_DAS_,MeghRaj85974821,{}
SUBODH_DAS_,RajvirS59080437,{}
SUBODH_DAS_,OmParka36839984,{}
SUBODH_DAS_,Shivamofficiala,{}
SUBODH_DAS_,JCVerma15,{}
SUBODH_DAS_,rana_manisa,{}
SUBODH_DAS_,Priyank39234631,{}
SUBODH_DAS_,Godavarikapoor1,{}
SUBODH_DAS_,Bintuladwal1,{}
SUBODH_DAS_,ShyamaPkl,{}
SUBODH_DAS_,CharanS73934356,{}
SUBODH_DAS_,Nagendr64251085,{}
SUBODH_DAS_,SRDas306346,{}
SUBODH_DAS_,VinodKu10057178,{}
SUBODH_DAS_,butterflows,{}
SUBODH_DAS_,mala_dasi,{}
SUBODH_DAS_,NaveenD57271279,{}
SUBODH_DAS_,Shyam812663,{}
MeghRaj85974821,Rajeshk08036124,{}
JCVerma15,SRDas306346,{}
rana_manisa,SRDas306346,{}
Godavarikapoor1,SRDas306346,{}
MohitRohitian,CricMadMan,{}
MohitRohitian,malonic_ester,{}
MohitRohitian,this_is_ds,{}
MohitRohitian,ismart_77,{}
MohitRohitian,arunakm,{}
MohitRohitian,Phenomenal_navi,{}
MohitRohitian,Satym_sk9,{}
MohitRohitian,Rashi_18V,{}
MohitRohitian,SAVAGE__ADl,{}
MohitRohitian,NaniThopella,{}
MohitRohitian,ABoyOfHisWord,{}
MohitRohitian,AnilKumar_K44,{}
MohitRohitian,MamidiManish,{}
MohitRohitian,DilzaD__,{}
MohitRohitian,kohli_naren,{}
MohitRohitian,CedricSatya,{}
MohitRohitian,therubidilaikfc,{}
MohitRohitian,monish_msd7,{}
kohli_naren,RCBTeluguArmy,{}
kohli_naren,Teresa_christi9,{}
kohli_naren,iplexpert,{}
kohli_naren,gupta_avishi,{}
kohli_naren,GaikwadVithal1,{}
kohli_naren,SportzVerse,{}
kohli_naren,YashCultTejas,{}
kohli_naren,i_am_DHFM_2,{}
CedricSatya,monish_msd7,{}
MikkhailVaswani,Shan_Kohli,{}
MikkhailVaswani,GanesanUttej,{}
MikkhailVaswani,TThakshana,{}
MikkhailVaswani,RithikaRithi3,{}
MikkhailVaswani,Ghouse_offl,{}
MikkhailVaswani,lokeshBangaram,{}
MikkhailVaswani,Yasin96666532,{}
MikkhailVaswani,VajrapuSatish,{}
MikkhailVaswani,imRameshG,{}
MikkhailVaswani,MaddhelaSasi,{}
TThakshana,RajeshMSelva,{}
TThakshana,RatherNazaket,{}
lokeshBangaram,kingbe1146_,{}
VajrapuSatish,Cricketracker,{}
imRameshG,TNMSDFC_EDITORS,{}
MaddhelaSasi,kingbe1146_,{}
MaddhelaSasi,11thAugust2022,{}
MaddhelaSasi,Charan_arts,{}
kingkohli27,kingkohli27,{}
kingkohli27,worstwk,{}
kingkohli27,kingkohli43,{}
kingkohli27,Iqra25842826,{}
Csk_army1,AshishrajXd,{}
Csk_army1,msdian_member,{}
Csk_army1,itzShreyas07,{}
Csk_army1,_rajputboy_03,{}
duryodan_,aatreyaa_,{}
duryodan_,vivekcochin,{}
Prince_TVFC,Mahes__VJ,{}
Prince_TVFC,Vj_prakash_vfc,{}
Prince_TVFC,itzNisha7,{}
Prince_TVFC,VIJAY_PrakHasck,{}
Prince_TVFC,karthik132327,{}
Prince_TVFC,AnvarOffl_27,{}
Prince_TVFC,vj_in_heart,{}
Prince_TVFC,RajkumarTweetss,{}
Prince_TVFC,VenisVJ,{}
Prince_TVFC,PARTHIVJ_4544,{}
Prince_TVFC,Yellove_7,{}
Prince_TVFC,vickypraveen37,{}
Prince_TVFC,Itz_bigilu,{}
Prince_TVFC,Mr_hypo_thetic,{}
Prince_TVFC,Prince_TVFC_2,{}
NasreemKouser,sanamaqbul21,{}
NasreemKouser,gulshanewadi,{}
NasreemKouser,awamekashmir12,{}
NasreemKouser,MohdSag85558348,{}
NasreemKouser,BilalMo89044532,{}
_jaadu_,BidishaDeori,{}
_jaadu_,JadiRaghuvarma,{}
Ramnithiin,jdinesh_kumar18,{}
Ramnithiin,Nithin630,{}
total_woke_,skepticbouy,{}
total_woke_,PIYUSH05954459,{}
total_woke_,Utkarsh29510815,{}
total_woke_,srinivas986,{}
total_woke_,H_for_Hinduism,{}
total_woke_,Saavi4SSR,{}
total_woke_,mahakaal94,{}
total_woke_,parodullah_,{}
total_woke_,X7X4X7,{}
total_woke_,AKOLKARNAKUL,{}
total_woke_,AwasthiAaryen,{}
total_woke_,KSparsh0001,{}
total_woke_,thechanger2020,{}
total_woke_,tejaswi190,{}
total_woke_,scientology19,{}
total_woke_,Baba__Yaga_,{}
total_woke_,anu_sh_ree,{}
total_woke_,AthreyaNalini,{}
total_woke_,TanmayS55193616,{}
namansingh1897,NirupamSaraswat,{}
iamsky2211,Ghost87739971,{}
iamsky2211,ERYadavAnkit1,{}
ScorpionSudhan,ck_nithesh,{}
ScorpionSudhan,Poricha_parotta,{}
ScorpionSudhan,GethuGowtham,{}
rpsingh,Manoj07995701,{}
rpsingh,me_Muthuraj,{}
rpsingh,AThadishetty,{}
rpsingh,Sakthi89482948,{}
rpsingh,DBossAdda2,{}
rpsingh,barshaVkohli18,{}
rpsingh,king1to9,{}
rpsingh,Maxwellsurya18,{}
rpsingh,KEERTHIAJAY4,{}
rpsingh,Ashutos70069520,{}
rpsingh,maheshbabu_jr,{}
rpsingh,mamathavirat,{}
rpsingh,Aandy8481,{}
rpsingh,18_abhinav_vk,{}
rpsingh,adhikshit_stan,{}
rpsingh,Bikramvk18,{}
rpsingh,ne_ha18,{}
rpsingh,RiyaSahil2,{}
me_Muthuraj,ananyaa_6,{}
Maxwellsurya18,galattadotcom,{}
fgautier26,Sunnysingha10,{}
fgautier26,NN1234TS,{}
fgautier26,amitydv143,{}
fgautier26,BeingVEGAN1,{}
fgautier26,bcnyus,{}
fgautier26,DajjalKumar,{}
fgautier26,AIOISOIA,{}
fgautier26,rajshreepurohi3,{}
fgautier26,AirIndianpilot,{}
fgautier26,TankRavi,{}
fgautier26,KriyaYoga108,{}
fgautier26,Rana33346046,{}
fgautier26,jp06677,{}
fgautier26,Tanmantray,{}
fgautier26,MajiDevDutta,{}
fgautier26,_saipaw,{}
fgautier26,ShriRam2037,{}
fgautier26,Param_Nand,{}
Mamatha93032784,Mamatha93032784,{}
kingbe1146_,Umeshmahalik4,{}
kingbe1146_,Dileepkumar2346,{}
kingbe1146_,_MouliMurali,{}
kingbe1146_,abdiratcult,{}
kingbe1146_,ViratRC18,{}
kingbe1146_,_RAmesh_R13,{}
kingbe1146_,vijaypvkb_,{}
kingbe1146_,dineshkohlifan,{}
kingbe1146_,spooky_DQ,{}
kingbe1146_,Himanshu_108108,{}
kingbe1146_,ImViratNavvy,{}
kingbe1146_,megafanforever3,{}
kingbe1146_,dhanush__vk18,{}
kingbe1146_,KingVirat183,{}
kingbe1146_,iamVKthaheer,{}
kingbe1146_,TejasKu64833148,{}
kingbe1146_,MouliRamKrishn1,{}
kingbe1146_,thembbujji,{}
kingbe1146_,KingOfCricket__,{}
kingbe1146_,Yuvateja_,{}
kingbe1146_,chaithureddy18_,{}
kingbe1146_,BalajiSaiM,{}
kingbe1146_,mahesh_imran,{}
kingbe1146_,vivekpspk2,{}
kingbe1146_,AnikKhandakar2,{}
kingbe1146_,YedumatiLakshm3,{}
kingbe1146_,kingviratt,{}
kingbe1146_,sathish18virat,{}
kingbe1146_,Sharonreddy13,{}
kingbe1146_,WhiteDevil18_,{}
kingbe1146_,Aleee2505,{}
kingbe1146_,Lil__jerry__,{}
kingbe1146_,kohli_Fies,{}
kingbe1146_,Akhilgaddam16,{}
kingbe1146_,SatishJanaseena,{}
kingbe1146_,GovindR35944101,{}
kingbe1146_,NandaAkkineni,{}
_MouliMurali,Pooriarts2,{}
_MouliMurali,AravindChaithu,{}
_MouliMurali,chay_akkiineni,{}
_MouliMurali,Sreekanthpspk11,{}
_RAmesh_R13,jogpushkar,{}
vijaypvkb_,11thAugust2022,{}
vijaypvkb_,Charan_arts,{}
dineshkohlifan,AnjiPulipati,{}
dineshkohlifan,Teresa_christi9,{}
dineshkohlifan,7lionsvignesh7,{}
dineshkohlifan,Pooriarts2,{}
SportzFirst,AshishSinghSh12,{}
SportzFirst,BiplabR56933456,{}
SportzFirst,comrade_knock,{}
SportzFirst,mubashirtweets,{}
SportzFirst,itsmeitsmeandy,{}
BiplabR56933456,MrBalram20,{}
BiplabR56933456,sahil_baser,{}
hidingfromknown,I_Tweet_Cricket,{}
Rajeshk08036124,Krishan96384736,{}
Rajeshk08036124,LaxmanS27950861,{}
Rajeshk08036124,MukeshD63957404,{}
Rajeshk08036124,Gudi13297769,{}
Rajeshk08036124,DasKarnail,{}
Rajeshk08036124,AshokDa09601003,{}
Rajeshk08036124,ramishwar_,{}
Rajeshk08036124,Radha51665248,{}
Rajeshk08036124,SonuDassmanish1,{}
Rajeshk08036124,RenuKansal8,{}
Rajeshk08036124,kumarshiv847,{}
Rajeshk08036124,Bulbul_khatak,{}
Rajeshk08036124,sharu_das,{}
Rajeshk08036124,_SatendraRajput,{}
Rajeshk08036124,Rajeshk08036124,{}
Rajeshk08036124,ratanlal_suman,{}
Rajeshk08036124,aniljangra29,{}
Rajeshk08036124,BachanSinghMa11,{}
Rajeshk08036124,VijayMundhara3,{}
Rajeshk08036124,Priyank61328881,{}
Rajeshk08036124,Ujjwaltyagi99,{}
Rajeshk08036124,ramkishan_das2,{}
Rajeshk08036124,Santram39999274,{}
Rajeshk08036124,NareshS38873534,{}
Rajeshk08036124,Shivani81583986,{}
Rajeshk08036124,SurajKu75745338,{}
Rajeshk08036124,Ranvir03304780,{}
Rajeshk08036124,Rani18293374,{}
Rajeshk08036124,Nirmal59526539,{}
Rajeshk08036124,RanaSunita12,{}
Rajeshk08036124,Virende18825902,{}
sharu_das,RajeshK16453447,{}
sharu_das,RAJESHG08390152,{}
ratanlal_suman,RAJESHG08390152,{}
Ujjwaltyagi99,RAJESHG08390152,{}
NareshS38873534,RAJESHG08390152,{}
Shivani81583986,RAJESHG08390152,{}
AnjiPulipati,RebelChandra3,{}
AnjiPulipati,RishiSalaar,{}
AnjiPulipati,Prabhas49402599,{}
AnjiPulipati,MariyaBabuS1,{}
AnjiPulipati,JaiPrabhasRaju,{}
AnjiPulipati,Prabhas_Soldier,{}
AnjiPulipati,Lokesh08336137,{}
AnjiPulipati,prabhasfanliki,{}
AnjiPulipati,Darshan_Drlg,{}
AnjiPulipati,RomanPrabhas1,{}
AnjiPulipati,Satish76090446,{}
AnjiPulipati,Prabhas_DHF___,{}
AnjiPulipati,fgh11207329,{}
AnjiPulipati,HereForPrabhas_,{}
AnjiPulipati,MR360AA,{}
AnjiPulipati,Vijay66549747,{}
AnjiPulipati,PrabhasSaah0,{}
AnjiPulipati,MrRavikishor,{}
MR360AA,imsanjuDJAA,{}
ajaysahajlan,Nishani53,{}
ajaysahajlan,p_a_c_i_f_i_c,{}
ajaysahajlan,lemnis_cate,{}
ajaysahajlan,_Naresh97,{}
ajaysahajlan,legendvk18,{}
ajaysahajlan,Pank_shakya,{}
ajaysahajlan,s60131188kane,{}
ajaysahajlan,Sayannandi02_,{}
ajaysahajlan,Rahul_Kucha,{}
ajaysahajlan,Shubham39sk,{}
ajaysahajlan,CtrlShettyy7,{}
ajaysahajlan,Samim02021,{}
ajaysahajlan,Rohanraj1681,{}
ajaysahajlan,mukeshK67298783,{}
ajaysahajlan,Imadi4sevn,{}
ajaysahajlan,_archiesingh_,{}
ajaysahajlan,Nmohit5,{}
ajaysahajlan,sumanta52459222,{}
ajaysahajlan,girlwidimple,{}
_Naresh97,TrueScoopNews,{}
legendvk18,ananyaa_6,{}
legendvk18,ashutosh_sri8,{}
legendvk18,its_ashu_,{}
s60131188kane,Alpha_Ambuj,{}
s60131188kane,Nithin_Garapati,{}
Rahul_Kucha,RatherNazaket,{}
Rahul_Kucha,Nithin_Garapati,{}
Samim02021,ZaryabShahzad10,{}
mukeshK67298783,Nithin_Garapati,{}
Imadi4sevn,Nithin_Garapati,{}
_archiesingh_,Sowndha18058330,{}
Nmohit5,Alpha_Ambuj,{}
girlwidimple,saandiippnayak,{}
girlwidimple,RCBTeluguArmy,{}
girlwidimple,ZaryabShahzad10,{}
girlwidimple,i_m_lax_,{}
girlwidimple,ashutosh_sri8,{}
BitsCraze,RtAppleEvent,{}
NikhilMunishwar,Viveknagpure4,{}
RCB8055,crazyid37817686,{}
RCB8055,LokeshK86033287,{}
RCB8055,Hanumes02403086,{}
RCB8055,SuttaBoss,{}
RCB8055,DileepD69602115,{}
RCB8055,Sachin56908,{}
RCB8055,Pavan_babu_sd,{}
RCB8055,vikrantrona666,{}
RCB8055,san3148,{}
RCB8055,kichchacult77,{}
RCB8055,SUNNYRAUTELA12,{}
RCB8055,Santhu__Kiccha,{}
RCB8055,SanthuK10544678,{}
RCB8055,PAralagundagi,{}
RCB8055,AjayP72674347,{}
RCB8055,VRtweetz2,{}
RCB8055,ybu_007,{}
RCB8055,Chethan_K_Cult,{}
RCB8055,TheShowMan6,{}
PAralagundagi,Kiccha02618394,{}
PAralagundagi,BosTeam_Hiriyur,{}
USA47POTUS,Akash4474,{}
USA47POTUS,Basa95259600,{}
USA47POTUS,USA47POTUS,{}
USA47POTUS,YashSon54982344,{}
USA47POTUS,Cric_fanatic_,{}
USA47POTUS,Me_prin_pras,{}
Basa95259600,Sowndha18058330,{}
RajeshMSelva,Karthik_Raju_,{}
RajeshMSelva,karthikdonz10,{}
RajeshMSelva,MVRRRR,{}
RajeshMSelva,Ruthless_DHFM_,{}
RajeshMSelva,imVnazrul,{}
RajeshMSelva,Viratko66401481,{}
RajeshMSelva,Kanishk20187023,{}
RajeshMSelva,Virat17231,{}
RajeshMSelva,Ahmadkhan__18,{}
RajeshMSelva,KingOfCricket__,{}
RajeshMSelva,7lionsvignesh7,{}
RajeshMSelva,sibans_behera5,{}
RajeshMSelva,Gunu1803,{}
Karthik_Raju_,AsianetNewsML,{}
MVRRRR,NEWJplus,{}
Ruthless_DHFM_,iamrajchoco,{}
Viratko66401481,SanatRaj101,{}
Kanishk20187023,SoupboyOffl,{}
Kanishk20187023,YashGau85553607,{}
Ahmadkhan__18,NEWJplus,{}
Ahmadkhan__18,ZaryabShahzad10,{}
KingOfCricket__,monish_msd7,{}
KingOfCricket__,ananyaa_6,{}
KingOfCricket__,nammateamrcb,{}
KingOfCricket__,Sowndha18058330,{}
7lionsvignesh7,Pooriarts2,{}
sibans_behera5,NEWJplus,{}
Gunu1803,NEWJplus,{}
Gunu1803,Cricketracker,{}
Gunu1803,RCBTeluguArmy,{}
Gunu1803,ananyaa_6,{}
Gunu1803,ZaryabShahzad10,{}
Gunu1803,varadr_tistic,{}
Gunu1803,ashutosh_sri8,{}
RajeshK16453447,MohitDa78375152,{}
RajeshK16453447,Virbhan97287,{}
RajeshK16453447,dass_priyender,{}
RajeshK16453447,Manoj07427711,{}
RajeshK16453447,SmtPriyankaDas1,{}
RajeshK16453447,DeependerDas,{}
RajeshK16453447,Mansing06357094,{}
RajeshK16453447,Mahende43102748,{}
RajeshK16453447,RajeshK16453447,{}
RajeshK16453447,Nirmal59526539,{}
RajeshK16453447,Virende18825902,{}
RajeshK16453447,RanaSunita12,{}
RajeshK16453447,SinghmarBirbal,{}
SmtPriyankaDas1,RAJESHG08390152,{}
Nirmal59526539,RAJESHG08390152,{}
Virende18825902,RAJESHG08390152,{}
StarArsha,MAdiIHussain,{}
StarArsha,Nid_z0,{}
StarArsha,its_Amanat,{}
Arjunsh07613580,Bannu02116723,{}
Arjunsh07613580,aryan_amritesh,{}
Rani18293374,RAJESHG08390152,{}
moinshah235,ahmad98raza,{}
moinshah235,AnamIzhar1,{}
moinshah235,SaeedAn40396601,{}
Khan_Junaid83,CodeInfosys,{}
Khan_Junaid83,anwer_afzaal,{}
Khan_Junaid83,ishtiaq_jabbar,{}
Khan_Junaid83,Muhamma46487874,{}
Khan_Junaid83,WasifJa44312458,{}
Khan_Junaid83,AliAwan51756965,{}
Khan_Junaid83,t_sohaila,{}
Khan_Junaid83,Engr_UmarKhalil,{}
Khan_Junaid83,afzaliqbalKumbo,{}
Khan_Junaid83,RaheelK40502881,{}
Khan_Junaid83,h51MeB12k6nsSVl,{}
uroojmumtazkhan,sami_kachila,{}
uroojmumtazkhan,Kaami_26,{}
uroojmumtazkhan,vijayssing,{}
Pooriarts2,raajstr686,{}
Pooriarts2,crickohli18_,{}
Pooriarts2,VijayVk_,{}
Pooriarts2,SK_17_VK_18,{}
Pooriarts2,megafanforever3,{}
Pooriarts2,AshokVi77798682,{}
Pooriarts2,SeethaRamaRajRC,{}
Pooriarts2,PMusamulla,{}
Pooriarts2,NaveenKRaju22,{}
Pooriarts2,always_harika_,{}
Pooriarts2,AkshayV08478009,{}
Pooriarts2,AADHfRam__,{}
Pooriarts2,urstrulyrpt,{}
Pooriarts2,Raaza8888,{}
Pooriarts2,CHASEMASTRKOHLI,{}
Pooriarts2,viratBanu4,{}
Pooriarts2,saran_devil,{}
VijayVk_,RatherNazaket,{}
VijayVk_,AsianetNewsML,{}
VijayVk_,iamrajchoco,{}
SK_17_VK_18,AsianetNewsML,{}
SeethaRamaRajRC,Amazinginfohub1,{}
SeethaRamaRajRC,iamrajchoco,{}
SeethaRamaRajRC,Cricketracker,{}
CHASEMASTRKOHLI,atulprakashh,{}
CHASEMASTRKOHLI,Duggavati_kiran,{}
ItsMeKillerXD,94450788K,{}
ItsMeKillerXD,iamsiva1998,{}
ItsMeKillerXD,Ashwin_Afc_,{}
ItsMeKillerXD,smileyTHALA,{}
ItsMeKillerXD,Thala_Prasath_,{}
ItsMeKillerXD,Kannan04845391,{}
ItsMeKillerXD,Thala_ism,{}
ItsMeKillerXD,EsakkiPrakash7,{}
ItsMeKillerXD,rameshnbrr,{}
ItsMeKillerXD,Darwin74819321,{}
ItsMeKillerXD,AjithForever241,{}
ItsMeKillerXD,VALIMAI_PANDEES,{}
ItsMeKillerXD,ThalaBh32316143,{}
ItsMeKillerXD,valimaipayyan,{}
ItsMeKillerXD,_____Jeffri__,{}
ItsMeKillerXD,NaveenK12691157,{}
ItsMeKillerXD,U1MATHAN2,{}
ItsMeKillerXD,karthivasangj00,{}
ItsMeKillerXD,ThalaThiruV1,{}
ItsMeKillerXD,_Itz_Guru,{}
Being_Nihal133,furkanc32578949,{}
Being_Nihal133,LZareyan,{}
Being_Nihal133,crazy4sk,{}
Being_Nihal133,SalmansCavalier,{}
Being_Nihal133,KarthikMahanta,{}
Being_Nihal133,Amnu8808,{}
Being_Nihal133,Somiii_102,{}
Being_Nihal133,RockySekh16,{}
Being_Nihal133,BeingIrfan_,{}
Being_Nihal133,Beingirfanali5,{}
Being_Nihal133,SHAHIDK11313298,{}
Being_Nihal133,iBeing_Tiger,{}
Being_Nihal133,BeingJatinsk27,{}
Being_Nihal133,AyazAhm33713732,{}
Being_Nihal133,Sana27410747,{}
Being_Nihal133,AdilKha97603517,{}
Being_Nihal133,ibeingRowdy,{}
Being_Nihal133,Beingnabbi,{}
galattadotcom,LkplokH,{}
galattadotcom,JojiSabu6,{}
galattadotcom,imThalaBakthan,{}
galattadotcom,MersalR38941060,{}
galattadotcom,RathinamGv,{}
galattadotcom,Iam_VJvicky,{}
galattadotcom,Beast_Sheik865,{}
galattadotcom,SundarS00731368,{}
galattadotcom,marees1993,{}
galattadotcom,RC__Cult,{}
galattadotcom,SMechdon,{}
galattadotcom,Like_VJ,{}
galattadotcom,sbala_r,{}
galattadotcom,rushikesh_96,{}
RathinamGv,JayaTvOfficial,{}
marees1993,KameshOffl,{}
rushikesh_96,RatherNazaket,{}
pra_tea_k,dunderheadhuman,{}
pra_tea_k,Sumittcasm,{}
pra_tea_k,PrateekSejwar,{}
pra_tea_k,scalpelinhand,{}
pra_tea_k,RKashyap4141,{}
pra_tea_k,MemerSarcasmic,{}
pra_tea_k,s_hh_iv_am,{}
pra_tea_k,kkt42o,{}
pra_tea_k,P_A_R_A_D_O_X_Y,{}
pra_tea_k,iamutkrshmishra,{}
pra_tea_k,ijoooolly,{}
pra_tea_k,grabb_bit,{}
pra_tea_k,harshsolanki_69,{}
pra_tea_k,thenadeemtyagi,{}
pra_tea_k,am_ur_Dopamine,{}
pra_tea_k,be_satishfied_,{}
pra_tea_k,JatinTweets_,{}
pra_tea_k,ProblemSolve__,{}
pra_tea_k,PAPPUXPELU,{}
pra_tea_k,Isdilkakyakru,{}
Sumittcasm,varadr_tistic,{}
JatinTweets_,CricketerBhuvi,{}
Isdilkakyakru,CricketerBhuvi,{}
GenistaOfficial,Clubhouse_Taka,{}
sachinsanafan,Nidhiba37214543,{}
fmremo,ReGamertron,{}
fmremo,DripRT,{}
fmremo,BlazedRTs,{}
fmremo,TheDeveloperBot,{}
Chaitan96195653,ItzAbhizz,{}
Chaitan96195653,sourabhsn790,{}
sourabhsn790,SajjadKhanINC,{}
Wahab61094673,tamoortahir11,{}
Wahab61094673,Ahsan02768826,{}
Srashti_31,luckey_bhauu,{}
IamDraculamusic,Fairly_Enough1,{}
TruthCantHid,TruthCantHid,{}
blacklift40,Uzair931,{}
blacklift40,anwaareahmad1,{}
blacklift40,amer8502020,{}
blacklift40,FarooqK16118926,{}
blacklift40,NadeemA23599069,{}
blacklift40,ErtugrulBayGazi,{}
blacklift40,Bolder_007,{}
blacklift40,AhmedTanveer623,{}
blacklift40,op_mazhar,{}
blacklift40,TahirAk82756280,{}
blacklift40,Scorpio_7777,{}
blacklift40,Waqas_Anjum22,{}
blacklift40,Tanzeel61982321,{}
blacklift40,MubeenMeer2,{}
blacklift40,AlleySm78791042,{}
blacklift40,BalouchNORMAN,{}
blacklift40,AslamMehr1,{}
blacklift40,fatima_sumaira,{}
RatherNazaket,Eswararasu3,{}
RatherNazaket,vishantd12,{}
RatherNazaket,ashokmech2020,{}
RatherNazaket,Master_VK18,{}
RatherNazaket,RamkeshTomar4,{}
RatherNazaket,Diwakar65066986,{}
RatherNazaket,iamfaceoff0,{}
RatherNazaket,RoHiT____dhfm,{}
RatherNazaket,Luckyra15551987,{}
RatherNazaket,MDJunaid4377067,{}
RatherNazaket,PiyushR97430574,{}
RatherNazaket,Preeti_Nishad5,{}
RatherNazaket,Anushka4298,{}
RatherNazaket,3abhishek_yadav,{}
RatherNazaket,AnikKhandakar2,{}
vishantd12,SajjadKhanINC,{}
vishantd12,TehzeebHassan07,{}
vishantd12,iamcap10dj,{}
Master_VK18,Oneindia,{}
Diwakar65066986,SoupboyOffl,{}
Luckyra15551987,RCBTeluguArmy,{}
Luckyra15551987,nammateamrcb,{}
MDJunaid4377067,ImV_kohli_Fan,{}
3abhishek_yadav,TehzeebHassan07,{}
AnikKhandakar2,Oneindia,{}
AnikKhandakar2,nammateamrcb,{}
Amazinginfohub1,DeepNagda14,{}
Amazinginfohub1,Raja28O394,{}
Amazinginfohub1,s2shant,{}
Amazinginfohub1,AmitMeena4412,{}
Amazinginfohub1,bhaktofmodi007,{}
Amazinginfohub1,RXhafie,{}
Amazinginfohub1,Pran_shu_17,{}
Amazinginfohub1,Deekshammu1,{}
Amazinginfohub1,professor9_,{}
Amazinginfohub1,beinghassamk,{}
Amazinginfohub1,MKP_NFS,{}
Amazinginfohub1,ZaidCh40329689,{}
Amazinginfohub1,RahamathQuadri4,{}
Amazinginfohub1,GaneshK69481506,{}
Amazinginfohub1,its_avipatel,{}
Amazinginfohub1,Bestreg71701070,{}
Amazinginfohub1,shoaibhshaikh31,{}
Amazinginfohub1,UsManS28584365,{}
Amazinginfohub1,pavanmb_1,{}
professor9_,MrBalram20,{}
AsianetNewsML,RosyFer13260348,{}
AsianetNewsML,JDinkan,{}
AsianetNewsML,MI_Fallout_,{}
AsianetNewsML,yaashuu18,{}
AsianetNewsML,ViratvijayFan,{}
AsianetNewsML,Charankumarchai,{}
AsianetNewsML,Renu224,{}
AsianetNewsML,cultviratian18,{}
AsianetNewsML,Satish4Kalyan,{}
AsianetNewsML,NaniDHF,{}
AsianetNewsML,sathish18virat,{}
AsianetNewsML,Ailwas_18,{}
AsianetNewsML,jaikishor_jai,{}
AsianetNewsML,thisisanas_,{}
yaashuu18,Oneindia,{}
Satish4Kalyan,11thAugust2022,{}
NaniDHF,JayaTvOfficial,{}
sathish18virat,iamrajchoco,{}
sathish18virat,JayaTvOfficial,{}
sathish18virat,KameshOffl,{}
Ailwas_18,NEWJplus,{}
Sapna_khelpremi,SriRahasya,{}
Sapna_khelpremi,SoumyajitChan20,{}
Sapna_khelpremi,Arun90130481,{}
Sapna_khelpremi,sapnadeora93,{}
Sapna_khelpremi,Navika_29,{}
Sapna_khelpremi,JijinXavier,{}
SoumyajitChan20,sameera61518293,{}
SoumyajitChan20,Katappa00,{}
meeruansari,uzairqazi677,{}
meeruansari,MemoonaAsad8,{}
meeruansari,Sameepak786,{}
iamrajchoco,avijitb07611848,{}
iamrajchoco,SubhasishTMC,{}
iamrajchoco,AamirKh77676398,{}
iamrajchoco,pradeepkr_,{}
iamrajchoco,prdp18_,{}
iamrajchoco,SUVENDU09623993,{}
iamrajchoco,YuvanKu84773257,{}
iamrajchoco,NidhiS1818,{}
iamrajchoco,TemperSai9999,{}
iamrajchoco,aka_viratfan,{}
iamrajchoco,thala_kohli_18,{}
iamrajchoco,WhiteDevil18_,{}
iamrajchoco,11thAugust2022,{}
iamrajchoco,Shubhan57197726,{}
iamrajchoco,actorguru_6299,{}
YuvanKu84773257,NEWJplus,{}
YuvanKu84773257,Cricketracker,{}
YuvanKu84773257,11thAugust2022,{}
YuvanKu84773257,Charan_arts,{}
NidhiS1818,NEWJplus,{}
NidhiS1818,Cricketracker,{}
thala_kohli_18,NEWJplus,{}
thala_kohli_18,Cricketracker,{}
WhiteDevil18_,11thAugust2022,{}
WhiteDevil18_,SoupboyOffl,{}
11thAugust2022,jogpushkar,{}
11thAugust2022,JayaTvOfficial,{}
11thAugust2022,Yashuprabhas,{}
11thAugust2022,chaithureddy18_,{}
11thAugust2022,Kohli_Spy,{}
11thAugust2022,Virat_Gv18,{}
112Karnataka,prameshjain12,{}
112Karnataka,DCPTrWestBCP,{}
112Karnataka,JogarishettarV,{}
Oneindia,ViratVenkatesh9,{}
Oneindia,salaarsaga,{}
Oneindia,officia_mani,{}
Oneindia,dazz_eva,{}
Oneindia,SimplySHAZAM,{}
Oneindia,AmazonPrimeln,{}
Oneindia,HashirShah18,{}
Oneindia,patnaik_roshan,{}
Oneindia,Shaaammmaaaaa,{}
Oneindia,ErfanGufran,{}
Oneindia,Tarak11149536,{}
Oneindia,QyamulUrfDiwana,{}
Oneindia,Himansh42567328,{}
AmazonPrimeln,Mytheeswaran9,{}
HashirShah18,FatimaButt_4,{}
hotstuffvibe,DoctorDankGami1,{}
hotstuffvibe,sahay3000,{}
hotstuffvibe,imborn2kill,{}
hotstuffvibe,MumbaikarGooner,{}
hotstuffvibe,JaiRam86960323,{}
hotstuffvibe,TharkiGenrail,{}
hotstuffvibe,Rakchi6,{}
hotstuffvibe,SkyWalkerSay,{}
hotstuffvibe,SimpleElin,{}
SwroopLandge,infolinity,{}
spooky_DQ,KrRahul33,{}
spooky_DQ,AvinashBatwara4,{}
spooky_DQ,ashutosh_sri8,{}
spooky_DQ,GodIam,{}
spooky_DQ,Sowndha18058330,{}
spooky_DQ,GenerationoAmra,{}
ImViratNavvy,GodIam,{}
KingVirat183,YashGau85553607,{}
iamVKthaheer,jogpushkar,{}
MouliRamKrishn1,GodIam,{}
mahesh_imran,ashutosh_sri8,{}
YedumatiLakshm3,RishiMakhija15,{}
YedumatiLakshm3,AvinashBatwara4,{}
YedumatiLakshm3,pramod3474,{}
YedumatiLakshm3,imrealArmaan,{}
YedumatiLakshm3,SportzrideCric,{}
YedumatiLakshm3,ishrat81244540,{}
Abhi1Royal,nashik_feed,{}
Abhi1Royal,thisweekinnepal,{}
SuyogD3479,vv_vaibhavverma,{}
SuyogD3479,Sambit369,{}
addicted_to_18,ViratJagdish,{}
addicted_to_18,addicted_to_18,{}
NEWJplus,06_Siya,{}
NEWJplus,happychouhan56,{}
NEWJplus,YyoungDesi7,{}
NEWJplus,ViratKohli___,{}
NEWJplus,cince2005,{}
NEWJplus,2004_sria,{}
NEWJplus,Kohliesque,{}
06_Siya,ananyaa_6,{}
Alpha_Ambuj,prethive_faro,{}
Alpha_Ambuj,debahuti_mishra,{}
Alpha_Ambuj,ankeetweets,{}
Alpha_Ambuj,Unknown93429523,{}
Alpha_Ambuj,SafirRahman2,{}
Alpha_Ambuj,Lukas94930980,{}
Alpha_Ambuj,esuohgdemha,{}
Alpha_Ambuj,FFKING83962846,{}
Alpha_Ambuj,HelmsleyMani,{}
Alpha_Ambuj,Jayanth37871158,{}
Alpha_Ambuj,sleepy_soull,{}
Alpha_Ambuj,ft_rahhul,{}
Alpha_Ambuj,BhavikTDestiny,{}
Alpha_Ambuj,im_sheetalsahu,{}
Alpha_Ambuj,Sanjay56647810,{}
Alpha_Ambuj,Nihansh7_21,{}
Jayanth37871158,IndiaOurHome1,{}
Sanjay56647810,KameshOffl,{}
Nihansh7_21,Jdesai135,{}
imurAlisha,Ravi8726,{}
imurAlisha,Abhisochanahi7,{}
imurAlisha,BeyondOrigin8,{}
immaira_,NtrArdent,{}
MahiSanaiya,pos_soul,{}
pos_soul,arvind_6929,{}
pos_soul,KrRahul33,{}
pos_soul,RupankarChakr13,{}
Kandula_Dinesh6,itstaps_here,{}
Kandula_Dinesh6,Kandula_Dinesh6,{}
itstaps_here,falcons36402282,{}
atulprakashh,ForeverVirat018,{}
atulprakashh,Aaliya_Zain5,{}
Aaliya_Zain5,_sidd_45_,{}
sameera61518293,PrasanthRoy143,{}
sameera61518293,Disha27757,{}
sameera61518293,I_am___Abhishek,{}
sameera61518293,sameera61518293,{}
PrasanthRoy143,Cricadium,{}
Samriddhi_12,saandiippnayak,{}
ChinniSurya2,MrBalram20,{}
ChinniSurya2,SajjadKhanINC,{}
ChinniSurya2,varadr_tistic,{}
saandiippnayak,AryanKa88632067,{}
saandiippnayak,maheshs1997,{}
saandiippnayak,impayal918,{}
saandiippnayak,KvhMht1,{}
saandiippnayak,naveendhfm000,{}
saandiippnayak,VishnuN61782481,{}
saandiippnayak,PeeyusSahu,{}
saandiippnayak,launches_new,{}
saandiippnayak,Mystery___7__,{}
saandiippnayak,Realnamo2,{}
saandiippnayak,SumitSi33349244,{}
saandiippnayak,whoAbhishek01,{}
saandiippnayak,ayushkumarr32,{}
saandiippnayak,MuttattiSangu,{}
saandiippnayak,indian_data,{}
saandiippnayak,ShivamP08088890,{}
launches_new,YashGau85553607,{}
Mystery___7__,Nithin_Garapati,{}
whoAbhishek01,KrRahul33,{}
whoAbhishek01,Cricketracker,{}
whoAbhishek01,ZaryabShahzad10,{}
whoAbhishek01,KarimBhat,{}
whoAbhishek01,Nithin_Garapati,{}
whoAbhishek01,Sowndha18058330,{}
Asmaparveen77,arslan_alig,{}
Asmaparveen77,RahulKhanDx1,{}
Savazzers,ikabiraspeaking,{}
Savazzers,vibbbeee,{}
Savazzers,_akanshjain_,{}
KrRahul33,sujit_ff,{}
KrRahul33,ni3yadav__,{}
KrRahul33,8Rozmeen,{}
KrRahul33,virushka0105,{}
KrRahul33,mVkrishhh,{}
KrRahul33,iamJaga18,{}
KrRahul33,Sridhar_pkcult,{}
KrRahul33,Iftequa05876022,{}
KrRahul33,godlevelnoob,{}
KrRahul33,JeevaJeev5,{}
KrRahul33,Sangeeta2110,{}
KrRahul33,yash_1nth24,{}
KrRahul33,Anishkumarsahoo,{}
KrRahul33,patidar_boss,{}
KrRahul33,NKapisetti,{}
sujit_ff,_sidd_45_,{}
8Rozmeen,nammateamrcb,{}
8Rozmeen,Sowndha18058330,{}
8Rozmeen,GenerationoAmra,{}
mVkrishhh,pankajsoni_01,{}
mVkrishhh,ZaryabShahzad10,{}
mVkrishhh,KarimBhat,{}
mVkrishhh,GenerationoAmra,{}
iamJaga18,ashutosh_sri8,{}
iamJaga18,Jdesai135,{}
iamJaga18,chamanzehra1,{}
Sridhar_pkcult,SanatRaj101,{}
Sridhar_pkcult,KameshOffl,{}
Iftequa05876022,ZaryabShahzad10,{}
Iftequa05876022,AvinashBatwara4,{}
Iftequa05876022,ashutosh_sri8,{}
Iftequa05876022,Sowndha18058330,{}
Iftequa05876022,Jdesai135,{}
Iftequa05876022,chamanzehra1,{}
godlevelnoob,_sidd_45_,{}
godlevelnoob,KameshOffl,{}
Sangeeta2110,ashutosh_sri8,{}
yash_1nth24,GenerationoAmra,{}
patidar_boss,KameshOffl,{}
Katappa00,yashcultmanu,{}
Katappa00,rra_hel2103,{}
yashcultmanu,YashDynasty,{}
RupankarChakr13,Sai14314314,{}
RupankarChakr13,MrigankaKalit15,{}
RupankarChakr13,Gowtham80220264,{}
Gowtham80220264,YashGau85553607,{}
MrBalram20,Himansh90959783,{}
MrBalram20,ganeshmudiraj_1,{}
MrBalram20,Dineshmalakpury,{}
MrBalram20,MUJAHID26220676,{}
MrBalram20,giriraj_jonwal,{}
MrBalram20,AdabalaKrishna6,{}
MrBalram20,AfrozsamAfroz,{}
MrBalram20,ManojKu35146317,{}
MrBalram20,tyagi_pt,{}
MrBalram20,digveshdig,{}
MrBalram20,PereddiTrinadh,{}
MrBalram20,Tweet2Mrx,{}
MrBalram20,HimanshiK98,{}
MrBalram20,Bigbossdddkkk,{}
MrBalram20,Rinky80469493,{}
MrBalram20,LakhanS86563831,{}
MrBalram20,Nagulan1006,{}
AfrozsamAfroz,KarimBhat,{}
AfrozsamAfroz,AvinashBatwara4,{}
AfrozsamAfroz,Nithin_Garapati,{}
digveshdig,AvinashBatwara4,{}
Nagulan1006,FatimaButt_4,{}
TeamSRKDelhi,estherb44006926,{}
TeamSRKDelhi,SamratSRKEditzz,{}
TeamSRKDelhi,AdaAraceliGalv1,{}
TeamSRKDelhi,fc_punjab,{}
TeamSRKDelhi,Srkfanclubdeg,{}
TeamSRKDelhi,funny_liver,{}
TeamSRKDelhi,srkian_omkar,{}
TeamSRKDelhi,teamsrkmumbai,{}
TeamSRKDelhi,RabinSRK1,{}
SRKRajarhatCFC,DilanthaSrkian,{}
SRKRajarhatCFC,SRKAlgeria_CFC,{}
SRKRajarhatCFC,983Fahmeeda,{}
SRKRajarhatCFC,iamshivam555,{}
_sidd_45_,LoverrCricket,{}
_sidd_45_,2021_Gamma,{}
_sidd_45_,Sandeep41939411,{}
_sidd_45_,syan_07,{}
_sidd_45_,darshankuwaleka,{}
_sidd_45_,Bharath2Tweet,{}
_sidd_45_,aired69pain,{}
_sidd_45_,rkv_slays,{}
_sidd_45_,IH7KIY4fsuArF2l,{}
_sidd_45_,SheethalS5,{}
_sidd_45_,siddhant_zoro,{}
_sidd_45_,rcARUNvk,{}
_sidd_45_,in_virat_heart,{}
_sidd_45_,Rajesh02181251,{}
2021_Gamma,ITzyash_07,{}
Sandeep41939411,Sowndha18058330,{}
IH7KIY4fsuArF2l,Sowndha18058330,{}
IH7KIY4fsuArF2l,Jdesai135,{}
rcARUNvk,i_am_DHFM_2,{}
Rajesh02181251,Vaseem157,{}
Yp60780Super,Yp60780Super,{}
Richi_Anthony_,roberrtgaja1,{}
Richi_Anthony_,Keert1Gk,{}
pankajsoni_01,_GANESH_89,{}
pankajsoni_01,monu_thanvar,{}
pankajsoni_01,Dinesh_872,{}
pankajsoni_01,nikhil_patre,{}
pankajsoni_01,Shwetapatwa_,{}
pankajsoni_01,manishayadav73,{}
pankajsoni_01,ThePoojaGoel,{}
pankajsoni_01,Shehzadi_01,{}
pankajsoni_01,arshad_evolute,{}
pankajsoni_01,Sherni__,{}
pankajsoni_01,_golgappa_,{}
pankajsoni_01,i__am_aj2,{}
pankajsoni_01,Mahendra14786,{}
pankajsoni_01,adhy9591,{}
pankajsoni_01,anjaanldkii,{}
pankajsoni_01,rajkhanna05,{}
pankajsoni_01,Soulfulgirl_Tia,{}
pankajsoni_01,termt_5,{}
pankajsoni_01,LoneParvaiz13,{}
AshishrajXd,ashutosh_sri8,{}
AshishrajXd,varadr_tistic,{}
rajeevmish,AadiSin28600239,{}
rajeevmish,KartikYadaba,{}
MdrashidHussa18,MdrashidHussa18,{}
IamSKtashan,digital___abhii,{}
IamSKtashan,bhumii_jain,{}
IamSKtashan,MehdiShadan,{}
IamSKtashan,sonal_shiwangi,{}
IamSKtashan,Fakchod,{}
IamSKtashan,Sarco69,{}
IndiaOurHome1,jaykrishna26,{}
IndiaOurHome1,The_Khan__,{}
IndiaOurHome1,AnjaniS54066705,{}
IndiaOurHome1,ItsMeSiri0831,{}
IndiaOurHome1,Saigang35518450,{}
IndiaOurHome1,kontokraam,{}
IndiaOurHome1,Taukir003,{}
IndiaOurHome1,Trikalyan,{}
IndiaOurHome1,leela_prasad_,{}
jaykrishna26,SanatRaj101,{}
AnjaniS54066705,RCBTeluguArmy,{}
Saigang35518450,RCBTeluguArmy,{}
Saigang35518450,KarimBhat,{}
Saigang35518450,AvinashBatwara4,{}
kontokraam,RCBTeluguArmy,{}
NandaAkkineni,AvinashBatwara4,{}
Cricketracker,SivaSwarna2,{}
Cricketracker,viratbhaktudni,{}
Cricketracker,Krishna47172997,{}
Cricketracker,tripathi_gattu,{}
Cricketracker,RoHIThkodela159,{}
Cricketracker,MrAnkitKumar100,{}
Cricketracker,Towqeermadni09,{}
Cricketracker,rajeshcherry143,{}
Cricketracker,SanaFar19906130,{}
Cricketracker,satzavail,{}
Cricketracker,Choose10092253,{}
Cricketracker,autocratism,{}
MrAnkitKumar100,im_brar,{}
Choose10092253,AvinashBatwara4,{}
Cyber_punk_____,AHIMSA_ASTEYA,{}
Cyber_punk_____,Brocode786,{}
ihimanshusocial,adi_khatwa,{}
ihimanshusocial,Psgehlot2,{}
ihimanshusocial,samratd978,{}
ihimanshusocial,KRITWIKREDDY1,{}
ihimanshusocial,RajanDeni,{}
ihimanshusocial,mahreen_kaleem,{}
ihimanshusocial,subhArt13,{}
ihimanshusocial,_Shyamaji,{}
ihimanshusocial,mythr89,{}
ihimanshusocial,Dharmi02682509,{}
ihimanshusocial,alokdude007,{}
ihimanshusocial,sudeept_n,{}
ihimanshusocial,40020V,{}
ihimanshusocial,ADITYAS35792378,{}
ihimanshusocial,PKYADAV82639808,{}
ihimanshusocial,AshokRPatil09,{}
ihimanshusocial,shivam_desale,{}
ihimanshusocial,yadvendra9876,{}
ihimanshusocial,advreenagupta1,{}
Barootphamboo,Barootphamboo,{}
sonmishr,imsurendarmp,{}
sonmishr,NickSha02605055,{}
sonmishr,ocean_rose99,{}
sonmishr,Asim_my_icon,{}
sonmishr,LeoMessi_P,{}
sonmishr,sonmishr,{}
sonmishr,inlostworlld,{}
SanatRaj101,Mytheeswaran9,{}
SanatRaj101,disisShrutiS,{}
SanatRaj101,dplest7249,{}
SanatRaj101,sagar_banavath,{}
SanatRaj101,Ratnaka52543097,{}
SanatRaj101,Chandan10844791,{}
SanatRaj101,str_perk,{}
SanatRaj101,Rajak20001,{}
SanatRaj101,Patelkr47393644,{}
SanatRaj101,edward17elric,{}
Mytheeswaran9,RCBTeluguArmy,{}
Mytheeswaran9,ZaryabShahzad10,{}
Mytheeswaran9,KarimBhat,{}
Mytheeswaran9,AvinashBatwara4,{}
Mytheeswaran9,Kiccha02618394,{}
Mytheeswaran9,justinsdon007,{}
Mytheeswaran9,SanfarSTR,{}
Mytheeswaran9,maddymohansm,{}
Mytheeswaran9,VDfan03,{}
Mytheeswaran9,STRmyGOD_,{}
Mytheeswaran9,md___ashik,{}
Mytheeswaran9,str_perk,{}
Mytheeswaran9,Mytheeswaran9,{}
dplest7249,ZaryabShahzad10,{}
dplest7249,KarimBhat,{}
dplest7249,AvinashBatwara4,{}
sagar_banavath,its_ashu_,{}
str_perk,ashutosh_sri8,{}
str_perk,its_ashu_,{}
AdyashaDas7,Avni_7_2005,{}
Avni_7_2005,PriyabrataPrin3,{}
PranjalKhoker2,PranjalKhoker2,{}
monish_msd7,vamshireddy9182,{}
monish_msd7,sidd_nigam_fp,{}
monish_msd7,itz_vinodh,{}
monish_msd7,AdityaD04087326,{}
monish_msd7,vijay_murugan_,{}
monish_msd7,ThalaAsar,{}
PyneSwapnamoy,PyneSwapnamoy,{}
PyneSwapnamoy,bruceleepspk,{}
bruceleepspk,Charan_arts,{}
RCBTeluguArmy,_Happy_Manish,{}
RCBTeluguArmy,VijaySairam4,{}
RCBTeluguArmy,VishnuGopal112,{}
RCBTeluguArmy,MeAlokk,{}
RCBTeluguArmy,Rupam74349808,{}
RCBTeluguArmy,viratfc018,{}
RCBTeluguArmy,TSatalingol,{}
RCBTeluguArmy,viratians_mass,{}
RCBTeluguArmy,Sreekanth207L,{}
RCBTeluguArmy,APK_PSPK_VK18,{}
RCBTeluguArmy,im_PawanKalyan,{}
RCBTeluguArmy,KichchaBoss1,{}
VishnuGopal112,ZaryabShahzad10,{}
VishnuGopal112,i_m_lax_,{}
MeAlokk,ZaryabShahzad10,{}
MeAlokk,i_m_lax_,{}
MeAlokk,KarimBhat,{}
MeAlokk,AvinashBatwara4,{}
TSatalingol,TNMSDFC_EDITORS,{}
ananyaa_6,yousuf_sayyed,{}
ananyaa_6,ThEsTrAnGeSr,{}
ananyaa_6,gogo12396k,{}
ananyaa_6,sunsethuex,{}
ananyaa_6,Lucifer_srk_07,{}
ananyaa_6,RupeshAtram7,{}
ananyaa_6,gopi_ketham,{}
ananyaa_6,aadoresunset,{}
ananyaa_6,kyunkitumhiho_,{}
ananyaa_6,Imankit6908,{}
ananyaa_6,nidhiNahhiii,{}
ananyaa_6,Vishnu17VIRAT18,{}
ananyaa_6,SusanthaRaju,{}
ananyaa_6,ravikiran977,{}
ananyaa_6,Kartheekkkkk11,{}
SusanthaRaju,GodIam,{}
iDilipSisodiya,SisodiaIshan,{}
iDilipSisodiya,AffinityCongres,{}
iDilipSisodiya,Deepika518,{}
iDilipSisodiya,Manishnsui1,{}
iDilipSisodiya,dineshsis,{}
iDilipSisodiya,mohitnayaknsui,{}
iDilipSisodiya,ArvindYINC,{}
Karthik82832123,Karthik82832123,{}
Karthik82832123,Sandy26426363,{}
Karthik82832123,RahulKa07236918,{}
PSoscovid,Sahilabbas1272,{}
jogpushkar,VIRAT_OURKING,{}
VIRAT_OURKING,AvinashBatwara4,{}
VIRAT_OURKING,ImV_kohli_Fan,{}
VIRAT_OURKING,Duggavati_kiran,{}
PrabhanjanPD,bhardwajakhil,{}
vivekvikram333,Someshv_naga,{}
vivekvikram333,Sakshi68585288,{}
vivekvikram333,AjayMalage2,{}
vivekvikram333,Simba09835931,{}
vivekvikram333,sunshin09652922,{}
vivekvikram333,pooja6353,{}
vivekvikram333,vivekvikram333,{}
_sonu_718,shivainn,{}
ZaryabShahzad10,iRahulbansiwal,{}
ZaryabShahzad10,ghunawat_kamal,{}
ZaryabShahzad10,MKhan76755452,{}
ZaryabShahzad10,Priyank18383863,{}
ZaryabShahzad10,SharukIAS003,{}
ZaryabShahzad10,SparKYArUN7,{}
ZaryabShahzad10,27mDhanush,{}
ZaryabShahzad10,HarishDaripelly,{}
SparKYArUN7,its_ashu_,{}
27mDhanush,KarimBhat,{}
27mDhanush,AvinashBatwara4,{}
27mDhanush,ashutosh_sri8,{}
i_m_lax_,_Har_HarMahadev,{}
i_m_lax_,Soorigaadu24,{}
i_m_lax_,Nithish_mbcult,{}
i_m_lax_,sathish____,{}
i_m_lax_,FanVissu,{}
i_m_lax_,Deepak14743012,{}
i_m_lax_,ashboltegg,{}
i_m_lax_,aviral_flanker,{}
i_m_lax_,Kumarcharanist,{}
i_m_lax_,Sandy_GirlRider,{}
i_m_lax_,AjayRonaldo20,{}
i_m_lax_,sandeepsh099,{}
i_m_lax_,Arulkumar28,{}
i_m_lax_,SweetyTarak29,{}
i_m_lax_,AmitSha75521825,{}
i_m_lax_,Jyoti13901616,{}
FanVissu,Nithin_Garapati,{}
FanVissu,Duggavati_kiran,{}
AjayRonaldo20,KarimBhat,{}
AjayRonaldo20,its_ashu_,{}
Lovely84896542,Lovely84896542,{}
Himansh30791732,sunilbisht770,{}
Hot_Rod_Fitness,handycrats77,{}
Hot_Rod_Fitness,girls378grr5885,{}
SubhaVintage,SubhaVintage,{}
Rajkuma06671700,BillaAkarsh2,{}
ashutosh_sri8,pmssit,{}
ashutosh_sri8,DebanyaD,{}
ashutosh_sri8,omdeep06929351,{}
ashutosh_sri8,wtf_saurabhh,{}
ashutosh_sri8,GayatriNarwari8,{}
ashutosh_sri8,Mamta_s0ni,{}
ashutosh_sri8,Mr_Harsh_Chavda,{}
ashutosh_sri8,OmkarPa17469780,{}
ashutosh_sri8,ashutosh_sri8,{}
ashutosh_sri8,Vihang_Gade05,{}
ashutosh_sri8,imAshutosh08,{}
ashutosh_sri8,kingashu_786,{}
ashutosh_sri8,kingashu1008,{}
ashutosh_sri8,u_r_osm,{}
ashutosh_sri8,sravankumar0409,{}
ashutosh_sri8,SonalKu00735605,{}
ashutosh_sri8,AbhayJh51206889,{}
ashutosh_sri8,RonakJa90325416,{}
ashutosh_sri8,DESHDEEPAKSRIV9,{}
ashutosh_sri8,Sammed18Vk,{}
ashutosh_sri8,ViratWe,{}
ashutosh_sri8,_VikasSharma,{}
ashutosh_sri8,GULZAR24516355,{}
SajjadKhanINC,abhi__026,{}
SajjadKhanINC,CmYsJagan1,{}
Cricadium,Avinash45776314,{}
Srikanth_Tweetz,Sai_Tweetz_,{}
Srikanth_Tweetz,pakka_maheshfan,{}
iplexpert,iplexpert,{}
Souvikofficial7,Nithish26112000,{}
avraj1008,RiteshH18,{}
sahil_baser,forever_rishu,{}
GurjarSomada,Aishuai40083175,{}
imthewaseem,imthewaseem,{}
imthewaseem,Vicky23221058,{}
TNMSDFC_EDITORS,dhanukabee,{}
TNMSDFC_EDITORS,imtusar26,{}
TNMSDFC_EDITORS,Sidhart09552149,{}
TNMSDFC_EDITORS,VedalamXavier,{}
TNMSDFC_EDITORS,KarthiPrasath26,{}
TNMSDFC_EDITORS,fanof07,{}
TNMSDFC_EDITORS,Mahisr07,{}
TNMSDFC_EDITORS,Anandhramesh77,{}
TNMSDFC_EDITORS,RagavanDhoni,{}
TNMSDFC_EDITORS,NANDHA02124155,{}
TNMSDFC_EDITORS,VIGNESH32849478,{}
TNMSDFC_EDITORS,senthilbanu1,{}
TNMSDFC_EDITORS,MUTHU_SRAMESHFC,{}
TNMSDFC_EDITORS,AmanDVSJ,{}
TNMSDFC_EDITORS,VICKYDH27438388,{}
TNMSDFC_EDITORS,ViratJagdish1,{}
TheU2boy,TheU2boy,{}
TheU2boy,impkrai1,{}
SammuSuperFan,SSS_Ashu,{}
SammuSuperFan,SandhyaSamFan,{}
SammuSuperFan,deepakingle_,{}
SammuSuperFan,Di36204067,{}
SammuSuperFan,Master_NithyaA,{}
SammuSuperFan,vjsathish1988,{}
SammuSuperFan,Sss01455838,{}
fans4AlexZverev,Ishan_23_,{}
nobuddy772100,amantripathi1,{}
nobuddy772100,spider_10_10,{}
nobuddy772100,Mohdsha70120804,{}
nobuddy772100,Cryptog70061768,{}
nobuddy772100,FarooquiAsbah,{}
nobuddy772100,Mohd_zain_09,{}
nobuddy772100,BhaveshManani4,{}
nobuddy772100,Mandeep81312230,{}
nobuddy772100,JbYadav07861686,{}
nobuddy772100,ArifDavar,{}
nobuddy772100,Infotechbrh,{}
nobuddy772100,FacetiousKhan,{}
nobuddy772100,AmanYad32133087,{}
nobuddy772100,Princey05850601,{}
nobuddy772100,AQadir56038703,{}
nobuddy772100,advocatehcald,{}
nobuddy772100,ajeetGu27194497,{}
Cryptog70061768,FatimaButt_4,{}
KhanofTrag,MalikMu80368755,{}
KhanofTrag,FiazMahmood,{}
_Yehkyahua,_TheRainyGirl_,{}
_Yehkyahua,Hayat_SidNaaz,{}
_Yehkyahua,awwwdiiti,{}
_Yehkyahua,yehdilkyakare_,{}
_Yehkyahua,meharb25,{}
WhoAhmadRajput,sirajraxa,{}
EkramShahriar,NehaPurohit2012,{}
nkosanamotion,ngaoako,{}
FatimaButt_4,shakeelahmad403,{}
FatimaButt_4,SamBrar93032889,{}
FatimaButt_4,FatimaButt_4,{}
FatimaButt_4,SamanrasheedR,{}
FatimaButt_4,nadayyy_,{}
FatimaButt_4,asaharirshad,{}
FatimaButt_4,UmeNaroon98,{}
FatimaButt_4,ZaibAwa20397467,{}
FatimaButt_4,MNaveen48,{}
FatimaButt_4,Farhan1haq,{}
FatimaButt_4,angrypanda516,{}
FatimaButt_4,Quest_Quell,{}
FatimaButt_4,Carpe_Di3m_,{}
FatimaButt_4,Prabhaharish7,{}
FatimaButt_4,Afzalsialsb,{}
FatimaButt_4,SyedaAm55529929,{}
FatimaButt_4,tahsinfatima9,{}
thanesh_47,BirthdayMates,{}
koushikshrihari,trendincultures,{}
sanghamitra_4,ramchowdaryanne,{}
sanghamitra_4,ImanMal16438886,{}
sanghamitra_4,goldfishkat,{}
sanghamitra_4,KatrinaUnivers,{}
sanghamitra_4,myqueenkay1,{}
Buopso,vivek_m98,{}
Buopso,BakshiKamraj,{}
Buopso,SurajSh77727138,{}
Buopso,Rapking85135039,{}
SportzrideCric,BindasHoJaega,{}
Aatmanirbhar4,AjayVig12,{}
Aatmanirbhar4,Magss27,{}
Aatmanirbhar4,prashram24,{}
cricteaa1,RishitKhanna6,{}
cricteaa1,Ritziee1,{}
RAJESHG08390152,Ramkish74880468,{}
RAJESHG08390152,Shardadas10,{}
RAJESHG08390152,pooja5700,{}
RAJESHG08390152,DassDhiyan,{}
RAJESHG08390152,Baljeet97912165,{}
RAJESHG08390152,Drgulab6,{}
RAJESHG08390152,rajbirsevakgma1,{}
RAJESHG08390152,RAJESHG08390152,{}
RAJESHG08390152,OmPrake15150766,{}
RAJESHG08390152,BantiDassi,{}
top5hindioff,nikhilnambiar83,{}
ap_arun349,IMNamanYadav9,{}
jASunn9,jASunn9,{}
jASunn9,Nithin_Garapati,{}
jASunn9,Sowndha18058330,{}
KarimBhat,AbhishekThak18,{}
KarimBhat,09rajathakr1,{}
KarimBhat,itz_Kishore26,{}
KarimBhat,SyedAli04705348,{}
KarimBhat,Sami11382949,{}
KarimBhat,SpyderReddy18,{}
KarimBhat,AjayKum49347561,{}
KarimBhat,Baljit05593376,{}
KarimBhat,Pavitra94720444,{}
KarimBhat,SyedSho81373777,{}
KarimBhat,Vishl1212,{}
itz_Kishore26,Its_Mahi_7,{}
Baljit05593376,Nithin_Garapati,{}
AvinashBatwara4,surjeety005,{}
AvinashBatwara4,ManiLenka,{}
AvinashBatwara4,DevBhat84801381,{}
AvinashBatwara4,PavanNa02012225,{}
AvinashBatwara4,lostgirlsurbhi,{}
AvinashBatwara4,mb_thop,{}
Nithin_Garapati,KotreshYash05,{}
Nithin_Garapati,tejas_n_8,{}
Nithin_Garapati,CNS_52minds,{}
Nithin_Garapati,Mahesh00635240,{}
Nithin_Garapati,Sumanta94348693,{}
Nithin_Garapati,Aks_Fanatic,{}
Nithin_Garapati,Zayn261,{}
Nithin_Garapati,hydra_shield2,{}
Nithin_Garapati,hetalbuwa,{}
Nithin_Garapati,bashir_janat,{}
Nithin_Garapati,Mukilan81053653,{}
varadr_tistic,bhavna_balaji,{}
varadr_tistic,imvishnudwivedi,{}
varadr_tistic,it___wasnt___me,{}
varadr_tistic,fruti_s,{}
varadr_tistic,jigar__vyas,{}
varadr_tistic,im_babuchak,{}
varadr_tistic,SanjibBhuyan18,{}
varadr_tistic,shubhs_R_77,{}
varadr_tistic,Chai_n_love,{}
varadr_tistic,BellaBanda11,{}
varadr_tistic,rofl_GAANDi,{}
hey__harshuu,lokeshr03071960,{}
hey__harshuu,itz_ashu7,{}
hey__harshuu,rajeev4afb,{}
B78677,AsmatKhanSRKIAN,{}
vickychouhan09,Prittam26516559,{}
affankhan1903,affankhan1903,{}
funnyshek,ChopraDanny,{}
r3hansajid,jod_vandal,{}
theDcricket,bishnuu,{}
Shreyansh_p23,Track2Tech,{}
Shreyansh_p23,msameerk786,{}
Shahnam90944336,Muna_2215,{}
SRutherford_50,Akshit46398637,{}
SRutherford_50,saksham40564385,{}
SRutherford_50,AQKazmi2,{}
SRutherford_50,HappySays_,{}
rajhanse2,AkshayHr322,{}
JayaTvOfficial,KarthickS_31,{}
JayaTvOfficial,its_whitewolf,{}
JayaTvOfficial,Phoenixtweezzz,{}
JayaTvOfficial,mafiapraveen,{}
JayaTvOfficial,prem_cito,{}
JayaTvOfficial,Kohli_Addict,{}
JayaTvOfficial,SgrYdv2,{}
Kohli_Addict,nammateamrcb,{}
SonalKu00735605,ImV_kohli_Fan,{}
RonakJa90325416,its_ashu_,{}
Sammed18Vk,ImV_kohli_Fan,{}
GodIam,ManojReddiee,{}
GodIam,urstruly_SS,{}
GodIam,Mahesh__Love,{}
GodIam,Mahesh_chary9,{}
GodIam,uday_storm,{}
GodIam,85Crores,{}
GodIam,PavanKadiyam191,{}
GodIam,ThandrapaduR,{}
GodIam,AdothNagesh,{}
GodIam,HfmTrend,{}
GodIam,urstrulyNAANII,{}
GodIam,NRSRaju8,{}
GodIam,vanaja_prince,{}
GodIam,ugendhergoud143,{}
GodIam,BhargavTweetz,{}
ManojReddiee,thekumarankit22,{}
ManojReddiee,Suzenbabu,{}
ThandrapaduR,VSehwagFansFort,{}
thekumarankit22,Mithila_bot,{}
thekumarankit22,VenuNetha_,{}
thekumarankit22,Vijju_Ro45,{}
Suzenbabu,powerstar_amit,{}
Suzenbabu,Shshah38138912,{}
chiranjeeviarmy,MassGodMEGASTAR,{}
chiranjeeviarmy,MONDIGATHAM,{}
chiranjeeviarmy,sharath_megafan,{}
chiranjeeviarmy,Chirucharanfan2,{}
chiranjeeviarmy,ricky03817396,{}
chiranjeeviarmy,Sreenu71505458,{}
chiranjeeviarmy,chirustalin1,{}
chiranjeeviarmy,amarnath_y,{}
chiranjeeviarmy,tridev16,{}
Kiccha02618394,Anish66404860,{}
Kiccha02618394,steevan_steve,{}
ImV_kohli_Fan,engineer444,{}
ImV_kohli_Fan,chandra9059956,{}
ImV_kohli_Fan,WebdevIsaac,{}
ImV_kohli_Fan,Abishek44849770,{}
ImV_kohli_Fan,TharunKohli1,{}
ImV_kohli_Fan,thatsmePalak,{}
ImV_kohli_Fan,iamkarthikvk17,{}
ImV_kohli_Fan,imDhanush17,{}
ImV_kohli_Fan,ChetanKumbar4,{}
ImV_kohli_Fan,SagarNaniJSPK,{}
ImV_kohli_Fan,Thala_Gowtham55,{}
ImV_kohli_Fan,POORGAMINGBOYY4,{}
BtWitsLuciFer,Kashifm58095098,{}
BtWitsLuciFer,_Aman_Rizvi,{}
BtWitsLuciFer,virat_rajnish,{}
virat_rajnish,chamanzehra1,{}
Trivial_Sharma,bajok_11,{}
Trivial_Sharma,vishwasbhansal1,{}
SirjiTv,rohitsmannan,{}
_SyedaHafsa,sabiha_kalsoom,{}
_SyedaHafsa,NaumanK45876860,{}
_SyedaHafsa,RehmanAkhtar175,{}
_SyedaHafsa,Rabia_Aziz888,{}
_SyedaHafsa,SaniaSiddique14,{}
_SyedaHafsa,Huraira75626202,{}
Duggavati_kiran,KatreddySatish,{}
Duggavati_kiran,ViratForever30,{}
Duggavati_kiran,kohli_virat018,{}
Duggavati_kiran,Bramanahuduga,{}
Duggavati_kiran,DivyaKohili,{}
VishalA59970750,archi3archana,{}
archi3archana,theCricketHolic,{}
YashDynasty,SumithYashCult,{}
YashDynasty,Rashmi17547289,{}
YashDynasty,HemmeBoss,{}
YashDynasty,Punithyashcult,{}
YashDynasty,NaveenRocky21,{}
YashDynasty,Bhimesh08,{}
YashDynasty,Mr360OfCricket1,{}
YashDynasty,YashBOSSDHF001,{}
Rashmi17547289,YashFCBLRNorth,{}
YashBOSSDHF001,YashFCBLRNorth,{}
iamsatyamsaurav,GantayatPrangya,{}
iamsatyamsaurav,shaun_de_sheep,{}
kunaalRss,kunaal32,{}
kunaalRss,kunaalRss,{}
_iam_aman_,MUTHUMANIR8,{}
shivainn,cult_tt,{}
TusharbeingInd1,Omega19344254,{}
pramod3474,Pavan03783901,{}
02Beinghuman,sakshikalra_,{}
02Beinghuman,Smokie45085928,{}
02Beinghuman,Jay_1123987,{}
Jay_1123987,devar_manjunath,{}
imrealArmaan,being_humn,{}
imrealArmaan,girlliketoswing,{}
imrealArmaan,Chupkarnayaar,{}
imrealArmaan,Abdvoriors,{}
Ghaffar_123,shahnawazj850,{}
HARSHAL17371828,vj_vino_18,{}
HARSHAL17371828,NipunNanda,{}
FasakRajaHere_,therajamohan,{}
FasakRajaHere_,Vasukasukurthi,{}
KhushhalRamban,lokendr09574598,{}
KhushhalRamban,borrasrinivas13,{}
abhilash17srk,srkian_ashu,{}
abhilash17srk,PJ_D0N,{}
abhilash17srk,saleem8268,{}
abhilash17srk,RAHULRAJ08K,{}
justinsdon007,Charan_arts,{}
STRmyGOD_,Charan_arts,{}
Amity4116,AnkitSachinRaj,{}
VIRATcrazy18,PANDIYA37269511,{}
ektara03,Omkar71779239,{}
ektara03,teradeedarhuaa,{}
ektara03,A_curiousgurlx,{}
ektara03,jain_yasmin,{}
ektara03,VidyutThakur,{}
ektara03,dilkedastakk,{}
ektara03,bb_vidrohi_stan,{}
sure_winningfix,sure_winningfix,{}
sure_winningfix,aby346h,{}
sure_winningfix,botcybersec,{}
AdityaR40857803,AdityaR40857803,{}
ChinnaSurya6,BoyapatiVamsi,{}
ChinnaSurya6,Shiva_Karthikk,{}
shirish75120513,SeeTheAirBot,{}
shirish75120513,Ajay609618511,{}
Superbi67139951,PirShabir9,{}
Superbi67139951,Tushar_KN,{}
PriyaSh37632586,PriyaSh37632586,{}
PriyaSh37632586,sembi_aman,{}
PriyaSh37632586,Sakthivijay08,{}
PriyaSh37632586,SAKTHIVEL_VJ2,{}
PriyaSh37632586,NehaSha90320525,{}
AravindChaithu,KameshOffl,{}
singh1356777754,bittu123345543,{}
singh1356777754,ArijitDieHardFC,{}
JillaniRasool2,Avinash15_01,{}
Riderkaranshah,pinkipapu,{}
Riderkaranshah,Riderkaranshah,{}
nileshjaybhay10,nileshjaybhay10,{}
Charan_arts,veerababujspk,{}
Charan_arts,krishx008,{}
Charan_arts,ItsCharanFan,{}
Charan_arts,ChaithuArts3,{}
Charan_arts,ViratKohliEdits,{}
Charan_arts,ViratBhakthudu,{}
Charan_arts,RC_VIRAT18,{}
Charan_arts,CandyBalu9,{}
Charan_arts,Navi_Vennavalli,{}
kustom_screen,SachinXpert,{}
kustom_screen,kustom_screen,{}
official_tomar,official_tomar,{}
ImArpitaMukherj,Sanju_Jhunjhunu,{}
MukandRita,ChandyAnil,{}
MukandRita,sunny_coolguy46,{}
MukandRita,BabariaJaidip,{}
MukandRita,OnlyTRS,{}
MukandRita,manishakimball,{}
MukandRita,JaliFromAtlanta,{}
MukandRita,fazle_alam,{}
MukandRita,Pinky717623862,{}
MukandRita,pani_sujit,{}
MukandRita,Fille_de_Zion,{}
MukandRita,AlAkBseth,{}
MukandRita,SanjeethSRG,{}
MukandRita,khulibaat1,{}
MukandRita,Jennifer0798116,{}
MukandRita,judedavid21,{}
MukandRita,Khushboosayys,{}
MukandRita,JoselinRaby3,{}
MukandRita,marshD45,{}
puretrader_,Ashishm43162129,{}
nammateamrcb,Akash86137450,{}
nammateamrcb,balu_AADHF,{}
nammateamrcb,CultViratian,{}
nammateamrcb,SoupboyOffl,{}
nammateamrcb,itzmeesandy,{}
nammateamrcb,imragu18,{}
nammateamrcb,eswardhfp,{}
nammateamrcb,Shasha529,{}
nammateamrcb,DivyaK18_,{}
nammateamrcb,71stwhenVK,{}
nammateamrcb,ShivaM87778016,{}
nammateamrcb,rahulkiran181,{}
nammateamrcb,CherryAakash,{}
nammateamrcb,puttu481,{}
SoupboyOffl,Pspkfansandhra,{}
SoupboyOffl,rubina_fan_bb14,{}
SoupboyOffl,EsakkiRajesh7,{}
SoupboyOffl,sripathi87,{}
SoupboyOffl,beastdaww09,{}
SoupboyOffl,_Ajith18_,{}
SoupboyOffl,Vineethian,{}
SoupboyOffl,Hari16Vk,{}
SoupboyOffl,Shaljin18,{}
SoupboyOffl,Virat_Vfc_,{}
SoupboyOffl,Vijay_Kohli__18,{}
MohdImranHossa6,Pawan71870795,{}
MohdImranHossa6,Vipul02429220,{}
MohdImranHossa6,Iqbal30326356,{}
Vaseem157,daredevil1806,{}
Vaseem157,lohithyk,{}
Vaseem157,renduvadaorutea,{}
Vaseem157,Ajithkumar16921,{}
Vaseem157,filmlover4life,{}
Vaseem157,aashiquetweets,{}
Vaseem157,Gautam_writes,{}
Vaseem157,wannakmshaha,{}
Vaseem157,ajay_ilango,{}
Vaseem157,TheRealUdaya,{}
n_c_a_7,BasitSubhani,{}
Its_Mahi_7,Sakshi8948,{}
tariqpa22807920,DeveloperTatva,{}
Elliepe62250669,CoderRetweet,{}
Elliepe62250669,codedailybot,{}
Elliepe62250669,botfordev,{}
Elliepe62250669,morolswediu,{}
Elliepe62250669,PythonExpertBot,{}
Elliepe62250669,education_24x7,{}
Elliepe62250669,BlkHwk0ps,{}
Elliepe62250669,blackpeopledata,{}
Elliepe62250669,30daysofcode,{}
Elliepe62250669,aProgrammerBot,{}
Elliepe62250669,LeetcodeB,{}
Elliepe62250669,coder_487,{}
Elliepe62250669,xaelbot,{}
Elliepe62250669,JavaGeekBot,{}
Elliepe62250669,BendevBot,{}
Elliepe62250669,Bills_Bot,{}
AnnamalaiTrends,VKnAKaddict,{}
AnnamalaiTrends,RamananSiva1,{}
AnnamalaiTrends,ramaragri,{}
VSehwagFansFort,NiteShRajwade19,{}
VSehwagFansFort,Shammu1516,{}
VSehwagFansFort,SunilkumarBejju,{}
VSehwagFansFort,SESHU_44,{}
VSehwagFansFort,Shibnarayan319,{}
VSehwagFansFort,Mani_at_Twiter,{}
VSehwagFansFort,vigneshwaranva,{}
devar_manjunath,e_rajath,{}
Sowndha18058330,Altafkhan721,{}
Sowndha18058330,Yashuprabhas_4,{}
Sowndha18058330,JattboyclJatt,{}
Sowndha18058330,puru8765,{}
Sowndha18058330,iamkpsr,{}
Sowndha18058330,Ramsri30288633,{}
Sowndha18058330,tarunvirat14,{}
Sowndha18058330,Atiqkha26172352,{}
Sowndha18058330,Aniketkingak3,{}
godsownsavage,RajeshR50655672,{}
AyushRukhaiyar,DeePra6,{}
Sarvesh_k_meena,MahiThanwal,{}
Sarvesh_k_meena,Sarvesh_k_meena,{}
Irfan_irru_17,Karthik_VFC2,{}
_AbdulSajjad_,SaatvikPandey5,{}
KameshOffl,sundarVJaddict,{}
KameshOffl,chanduru_njoy07,{}
KameshOffl,Arun14859562,{}
KameshOffl,KarnanithiT,{}
KameshOffl,Vjvk02179605,{}
KameshOffl,MsMugiii,{}
GenerationoAmra,harishKranthiv1,{}
GenerationoAmra,KHrudayKumar1,{}
KHrudayKumar1,its_ashu_,{}
Jdesai135,coolboy9118,{}
Jdesai135,Gadupudigopi3p,{}
Jdesai135,AmanSon94515303,{}
Jdesai135,_cinnamonmiffin,{}
Jdesai135,sanojmishra123,{}
Jdesai135,Awaneesh__,{}
its_ashu_,Saurabh40813140,{}
its_ashu_,Sndp11053,{}
its_ashu_,i_am_jeychandru,{}
its_ashu_,Sreejit73299480,{}
its_ashu_,Surya64509939,{}
its_ashu_,KumarSonuRaja,{}
its_ashu_,wtfkittu,{}
its_ashu_,AvniKhan13,{}
its_ashu_,Siva18852354,{}
its_ashu_,AniketS42918107,{}
its_ashu_,RahulKu54778142,{}
YashGau85553607,shuvamkul,{}
YashGau85553607,Gokulnath154,{}
YashGau85553607,Swarup64541334,{}
YashGau85553607,Aswinka93677060,{}
YashGau85553607,maniVir28067050,{}
YashGau85553607,me_prasadchalla,{}
YashGau85553607,BikramS62786746,{}
YashGau85553607,manoj_kusa,{}
YashGau85553607,MahantMadiwalar,{}
chamanzehra1,Amjith369,{}
Amjith369,BosTeam_Hiriyur,{}
avinaash_ft,Hiral_6_12,{}
imsanjuDJAA,VMinigunthala,{}
imsanjuDJAA,AlluSagarAA,{}
satyaran_,Rinkyy05,{}
Rinkyy05,CricketerBhuvi,{}
YashCultTejas,AtadiyaBhim,{}
YashCultTejas,ssrians4ssr,{}
YashCultTejas,the18jersey,{}
_pinki_official,AdarshKamble143,{}
77motorcycles,Jumproper3,{}
CricketerBhuvi,Ichanpyaari,{}
CricketerBhuvi,priyapalni,{}
CricketerBhuvi,aukat_se_bahar,{}
CricketerBhuvi,AmanSin18960571,{}
CricketerBhuvi,vulnerablebandi,{}
BosTeam_Hiriyur,chithri_yadav,{}
your__hubby_,NimiKhan07,{}
anshuu23,fazal_157,{}
anshuu23,IftikharBadini,{}
i_am_DHFM_2,SivasaiRajapu,{}
i_am_DHFM_2,urstrulyBalu_18,{}
i_am_DHFM_2,Pardhubabu4005,{}
i_am_DHFM_2,faizan_u1098,{}
i_am_DHFM_2,worldsaver21,{}
i_am_DHFM_2,Cricket_10_18,{}
i_am_DHFM_2,vk_nishant,{}
i_am_DHFM_2,ChanduRawanjsp,{}
i_am_DHFM_2,UsmaniVkohli18,{}
i_am_DHFM_2,Urstrulypradee4,{}
i_am_DHFM_2,harsha__007,{}
i_am_DHFM_2,Akhtar2203,{}
i_am_DHFM_2,VIRATIAN18_DHFM,{}
i_am_DHFM_2,SaiNaidu_,{}
i_am_DHFM_2,satyaganesh02,{}
imMafas18,gopigou45769407,{}
