InfoSecPeople,andrewmorrisuk,{}
InfoSecPeople,reid24hrs,{}
andrewmorrisuk,AutisticPb,{}
andrewmorrisuk,Rebecca93362994,{}
andrewmorrisuk,AnnaKennedy1,{}
andrewmorrisuk,AndrewFreeman3,{}
andrewmorrisuk,drwrein,{}
andrewmorrisuk,AubreeCalvin,{}
andrewmorrisuk,SedgewickF,{}
andrewmorrisuk,TartarusRespawn,{}
andrewmorrisuk,commaficionado,{}
andrewmorrisuk,stevesilberman,{}
andrewmorrisuk,mindmaster58,{}
andrewmorrisuk,BILD_tweets,{}
andrewmorrisuk,johnnyprofane1,{}
andrewmorrisuk,jamesclementjnc,{}
andrewmorrisuk,autismbot2,{}
andrewmorrisuk,OPAL_Advocacy,{}
andrewmorrisuk,DavidMorris_TO,{}
andrewmorrisuk,ActuallyAutistc,{}
andrewmorrisuk,code_ability,{}
andrewmorrisuk,enchantedgems_,{}
andrewmorrisuk,transhumancoin,{}
andrewmorrisuk,Kindersouls1,{}
andrewmorrisuk,sdamackay,{}
andrewmorrisuk,Autismdad67,{}
andrewmorrisuk,AutismlandPenny,{}
andrewmorrisuk,TaniaAMarshall,{}
andrewmorrisuk,HollyBMoses,{}
andrewmorrisuk,RichardStarken,{}
andrewmorrisuk,W_Angels_Wings,{}
andrewmorrisuk,draevans,{}
andrewmorrisuk,LEAD_Coalition,{}
andrewmorrisuk,DeritisKristin,{}
andrewmorrisuk,AshbieApustaja,{}
andrewmorrisuk,leedsautismAIM,{}
andrewmorrisuk,theautismdaily,{}
andrewmorrisuk,scienceofpets,{}
andrewmorrisuk,jojoandspoons,{}
andrewmorrisuk,RachelH82471802,{}
andrewmorrisuk,RosieBarnesFoto,{}
andrewmorrisuk,shwaboy99,{}
andrewmorrisuk,AutisticWaffles,{}
andrewmorrisuk,MAbsoud,{}
andrewmorrisuk,omasoncharles,{}
andrewmorrisuk,BlueOct7,{}
andrewmorrisuk,EdgeAutism,{}
andrewmorrisuk,sharonneph,{}
andrewmorrisuk,WileyNeuro,{}
andrewmorrisuk,autismwessex,{}
andrewmorrisuk,AutismIS_,{}
andrewmorrisuk,DREAmSLabUSC,{}
andrewmorrisuk,TheMCapper,{}
andrewmorrisuk,BookCreatorApp,{}
andrewmorrisuk,nathanc1999,{}
andrewmorrisuk,AlighieriMusic,{}
andrewmorrisuk,SimonCJay,{}
andrewmorrisuk,autism_handson,{}
andrewmorrisuk,AutismAllStars,{}
andrewmorrisuk,DannyAlighieri,{}
andrewmorrisuk,yourlearner_Ar,{}
andrewmorrisuk,JulietMckee,{}
andrewmorrisuk,thedollybird_uk,{}
andrewmorrisuk,EnableMagazine,{}
andrewmorrisuk,ALDAP_UoM,{}
andrewmorrisuk,profamandakirby,{}
andrewmorrisuk,madameMimsy,{}
andrewmorrisuk,CareOlisava,{}
andrewmorrisuk,Beyond_Bitcoin,{}
andrewmorrisuk,Niamh_Mell,{}
andrewmorrisuk,RonaldoByrd,{}
andrewmorrisuk,Ian___Bell,{}
andrewmorrisuk,TVpsychologist,{}
andrewmorrisuk,Janie_1972,{}
andrewmorrisuk,AVeasey1983,{}
andrewmorrisuk,Jenbul13,{}
andrewmorrisuk,houseofchaos18,{}
andrewmorrisuk,MJeacott,{}
andrewmorrisuk,pqpolitics,{}
andrewmorrisuk,LizzieSpooner2,{}
andrewmorrisuk,RamsAutiMom,{}
andrewmorrisuk,medical_xpress,{}
andrewmorrisuk,app2vox,{}
andrewmorrisuk,johnand68038424,{}
andrewmorrisuk,DrCareHomeo_,{}
andrewmorrisuk,DrAMReddyAutis1,{}
andrewmorrisuk,atwal_brice,{}
andrewmorrisuk,SkadeGaming,{}
andrewmorrisuk,AwkwardAric,{}
andrewmorrisuk,TonyASDorAFC,{}
AutisticPb,linksmonkey,{}
AutisticPb,RegalBeagle01,{}
AutisticPb,Azura_Shadow,{}
AutisticPb,FalSkyWolf,{}
AutisticPb,lovularlune,{}
AutisticPb,TMNTdjembe,{}
AutisticPb,MelobuniiP,{}
AutisticPb,vortexlb42,{}
AutisticPb,Brendan1617,{}
AutisticPb,biihfreire_,{}
AutisticPb,tomoe_hotaru45,{}
AutisticPb,dcbrooks68,{}
AutisticPb,itstyfy,{}
AutisticPb,Princessat221B,{}
AutisticPb,rainb0w0tter,{}
AutisticPb,KrisJTalksAlot,{}
AutisticPb,Astro_Autistic,{}
AutisticPb,AliceGrimaude,{}
AutisticPb,NeuroRebel,{}
AutisticPb,AspieAnswers,{}
AutisticPb,theo_gustav,{}
AutisticPb,grungevixen,{}
AutisticPb,AutumnGarnet,{}
AutisticPb,sarah_j_d_34,{}
AutisticPb,antifamondiale,{}
AutisticPb,sl_theebooks,{}
AutisticPb,SquizzRadical,{}
AutisticPb,DarkKunoichi92,{}
AutisticPb,mcloughlin_mara,{}
AutisticPb,boundless_boi,{}
AutisticPb,cjprof4,{}
AutisticPb,JeMMejia,{}
AutisticPb,Dee68310692,{}
AutisticPb,ScaramoucheFat2,{}
AutisticPb,TruthAutistic,{}
AutisticPb,SaHreports,{}
AutisticPb,autismbucks1,{}
AutisticPb,jordanmadick,{}
AutisticPb,FartBoxElevator,{}
AutisticPb,_faeriedust_,{}
AutisticPb,g2_united,{}
AutisticPb,Pink_Ribbon10,{}
AutisticPb,ActivistHat_,{}
AutisticPb,AutisticPb,{}
AutisticPb,hompfglompf,{}
AutisticPb,EADalton02,{}
AutisticPb,NataszaStrapko,{}
AutisticPb,EChickentender,{}
AutisticPb,boopstawista,{}
AutisticPb,Emmy_F4VL,{}
AutisticPb,RobinBlamires,{}
AutisticPb,snailtails1,{}
AutisticPb,punnett_sam,{}
AutisticPb,RosettaBoned_,{}
AutisticPb,Peonyttylxox,{}
AutisticPb,NegateTheChaos,{}
AutisticPb,Xev_the_Savage,{}
AutisticPb,laj83912654,{}
AutisticPb,JR1991JR,{}
AutisticPb,JackParkerArts,{}
AutisticPb,SilverRoseLD,{}
AutisticPb,dorothy_masey,{}
AutisticPb,Noodnood966,{}
AutisticPb,bofasib,{}
AutisticPb,sclaalma,{}
AutisticPb,anna_apostate,{}
AutisticPb,marrs_edward,{}
AutisticPb,mythicalladybug,{}
AutisticPb,awkwardbishh,{}
AutisticPb,AlanGuest10,{}
AutisticPb,h_dgz,{}
AutisticPb,Kathologist,{}
AutisticPb,Sleepysuz14,{}
AutisticPb,fishfoot,{}
AutisticPb,r4sfio,{}
AutisticPb,aster_onthemoon,{}
AutisticPb,cinnamonremote,{}
AutisticPb,autismsupsoc,{}
AutisticPb,DocPetrichor,{}
AutisticPb,Beth_Tastic,{}
AutisticPb,DspaceSen,{}
AutisticPb,alkimarts,{}
AutisticPb,LaurantoniaC,{}
AutisticPb,jaimegraceuk,{}
AutisticPb,isntJen,{}
AutisticPb,EriKeshia,{}
AutisticPb,i_am_a_floof,{}
AutisticPb,Gary_leeds80,{}
AutisticPb,tistje01,{}
AutisticPb,jbg0801_2,{}
AutisticPb,ketchupp_qween,{}
AutisticPb,MelianJarvis,{}
AutisticPb,hiidenhirvi,{}
AutisticPb,thatusagyuuun,{}
AutisticPb,AutisticCallum_,{}
AutisticPb,hereticanth3m,{}
AutisticPb,Nami_husky,{}
AutisticPb,MentalHealthBo5,{}
AutisticPb,em_doapsi,{}
AutisticPb,Rebecca10518583,{}
AutisticPb,sara22375323,{}
AutisticPb,Cryptonait,{}
AutisticPb,viru5detected,{}
FalSkyWolf,commaficionado,{}
AnnaKennedy1,MEEKSVS,{}
AnnaKennedy1,yorkiepuddings,{}
AnnaKennedy1,PaulIsaacs22,{}
AnnaKennedy1,Gateway978,{}
AnnaKennedy1,AnnaKennedy1,{}
AnnaKennedy1,Dawnavery13,{}
AnnaKennedy1,keithavery1963,{}
AnnaKennedy1,LorrainePid,{}
AnnaKennedy1,GertieSash,{}
MEEKSVS,SBS_Autism_BCBA,{}
MEEKSVS,LucilleCollard,{}
MEEKSVS,bigtmac19,{}
MEEKSVS,LKocmarek,{}
drwrein,FightTheCovid,{}
drwrein,LauraFMcConnell,{}
SedgewickF,omcgilius,{}
SedgewickF,OHooleyandTidow,{}
SedgewickF,SueReviews,{}
SedgewickF,laithdruim,{}
SedgewickF,engteachmrsg,{}
SedgewickF,StephensEvol78,{}
SedgewickF,LucyBray9,{}
SedgewickF,SEgglestone,{}
SedgewickF,Journeymouse,{}
SedgewickF,commaficionado,{}
SedgewickF,suddenlycolour,{}
SedgewickF,sachendenker,{}
SedgewickF,Zoah_HS,{}
SedgewickF,InesePizika,{}
SedgewickF,CIE_IOE,{}
laithdruim,scienceofpets,{}
laithdruim,AutisminMuseums,{}
laithdruim,sharonneph,{}
laithdruim,Beth_Tastic,{}
StephensEvol78,centerforautism,{}
TartarusRespawn,GretchenGorup,{}
TartarusRespawn,Boabbysam,{}
TartarusRespawn,AZWS,{}
TartarusRespawn,jaimelynn5116,{}
TartarusRespawn,PhaedraXTeddy,{}
TartarusRespawn,skipmav,{}
TartarusRespawn,MtMcKinley1,{}
TartarusRespawn,DianaTurner14,{}
TartarusRespawn,JackIsMyName75,{}
TartarusRespawn,TartarusRespawn,{}
TartarusRespawn,MazbeauBeau22,{}
TartarusRespawn,ccdd_pnw,{}
TartarusRespawn,JJDJ1187,{}
TartarusRespawn,Mc_Murcher44,{}
TartarusRespawn,Michael79972120,{}
TartarusRespawn,Another_Luvr,{}
TartarusRespawn,janninereid1,{}
TartarusRespawn,GabbysMomz,{}
TartarusRespawn,ManiaMaiden,{}
TartarusRespawn,realArmandKlein,{}
TartarusRespawn,Mickey4USA,{}
commaficionado,JanecLG,{}
commaficionado,alexbellars,{}
commaficionado,autistinquisitr,{}
commaficionado,diablosdarkness,{}
commaficionado,amathist1998,{}
commaficionado,astralsoul5,{}
commaficionado,PiP_CIC,{}
commaficionado,MishHimeChan,{}
commaficionado,CandiceDionysus,{}
commaficionado,philodygmn,{}
commaficionado,EChickentender,{}
commaficionado,eponinetaire,{}
commaficionado,bongsoverboys,{}
commaficionado,Emmelodica,{}
commaficionado,CinnamonBunnyGr,{}
commaficionado,mariojoseh555,{}
commaficionado,ChaosCastleUK,{}
commaficionado,Akhileshwari_11,{}
commaficionado,GSFarmer,{}
commaficionado,AmandaB2104,{}
commaficionado,JulianneHiggi16,{}
commaficionado,fireandroses__,{}
commaficionado,The_Anchoress,{}
commaficionado,EvilBiscuitt,{}
commaficionado,allthewords__,{}
commaficionado,JetNardo,{}
commaficionado,TimeCruiserMike,{}
commaficionado,LeftistQueenBee,{}
commaficionado,DorynMarl,{}
commaficionado,TheyLeftist,{}
commaficionado,otherEricJ,{}
commaficionado,Flyingdutchmami,{}
commaficionado,OlenaAlone,{}
commaficionado,amilton_amorim,{}
commaficionado,ScrewedContrac1,{}
commaficionado,Bob_in_NYorks,{}
commaficionado,LCWF_TBK,{}
commaficionado,EdmJbg,{}
commaficionado,WhoopsImSoSorry,{}
commaficionado,TwoTooMany3,{}
commaficionado,Thyrork,{}
commaficionado,CarolineLea13,{}
commaficionado,dorsetsbl,{}
commaficionado,teacher_cath,{}
commaficionado,Ria_here,{}
commaficionado,shhartley,{}
commaficionado,ForWantOfANail,{}
commaficionado,Mae_DayJ,{}
commaficionado,MikaelaHobart,{}
commaficionado,TyffiBoo,{}
commaficionado,NoMoreToLose1,{}
commaficionado,hanalexanders,{}
commaficionado,jojoandspoons,{}
commaficionado,laj83912654,{}
commaficionado,murtle_turtlebn,{}
commaficionado,theliesofbryan,{}
commaficionado,AutieAk,{}
commaficionado,dianelouisep,{}
commaficionado,MxieSystem,{}
commaficionado,dawnymock,{}
commaficionado,janisexton,{}
commaficionado,AutisticSelves,{}
commaficionado,secretly_exist,{}
commaficionado,wolfnsunflowers,{}
commaficionado,StarryUTAU,{}
commaficionado,Koolasuchus,{}
commaficionado,__angelbaby24,{}
commaficionado,MeerJetzt,{}
commaficionado,Lossmobol,{}
commaficionado,Bloomdotwav,{}
commaficionado,missenglish2015,{}
commaficionado,ArtemisEmpress,{}
commaficionado,BornRoyalty4,{}
commaficionado,BRAINDEADBEASTS,{}
commaficionado,mazesanddaisies,{}
commaficionado,MissNeutrino,{}
commaficionado,lizmallard,{}
commaficionado,IEC_IDD,{}
commaficionado,Twitmandate,{}
commaficionado,happiestinwintr,{}
commaficionado,cozyfemmesgf,{}
commaficionado,dustgenrec,{}
commaficionado,SiteRelEnby,{}
commaficionado,niwrowahanol,{}
commaficionado,hlentini09,{}
commaficionado,haydncolucci,{}
commaficionado,Cybrarian64,{}
commaficionado,slitheringsqrrl,{}
commaficionado,RobberGuy,{}
commaficionado,trueintegrity87,{}
commaficionado,1517Knightmare,{}
commaficionado,badjokesbard,{}
commaficionado,iAdControl,{}
commaficionado,twelve_snape,{}
commaficionado,avneetkaurdhami,{}
commaficionado,MakeItThrough21,{}
commaficionado,NiamhIdealai,{}
commaficionado,Salty_Biitch,{}
commaficionado,coote31356644,{}
commaficionado,SwordNimi0,{}
commaficionado,neogothkilljoy,{}
commaficionado,IV_Sparrow,{}
commaficionado,ennocheesecake,{}
commaficionado,Gompm7,{}
commaficionado,sagt_zu,{}
commaficionado,erosangxlss,{}
commaficionado,anxietyaloner,{}
commaficionado,tanyaleeana,{}
commaficionado,TransRatGirl,{}
commaficionado,younjin,{}
commaficionado,CaraSalon,{}
commaficionado,anyciar,{}
commaficionado,calamatitty,{}
commaficionado,memoir_1962,{}
commaficionado,dnr_draws,{}
commaficionado,marissaecole,{}
commaficionado,AlunRees14,{}
commaficionado,liviathepidgin,{}
commaficionado,badwithwords76,{}
commaficionado,katiebrown_psy,{}
commaficionado,NDtherapist,{}
commaficionado,KEshleman,{}
commaficionado,21andsensory,{}
commaficionado,AutismThreads,{}
commaficionado,lmfine74310,{}
commaficionado,munarfizal,{}
commaficionado,AmazonAutism,{}
commaficionado,DimitraGonidou,{}
commaficionado,Anolee_Art,{}
commaficionado,afiregender,{}
commaficionado,newnewrs,{}
commaficionado,chellexmiller,{}
commaficionado,ActivistHat_,{}
commaficionado,69flyingfuzzy,{}
commaficionado,rieper47,{}
commaficionado,HueyCan,{}
commaficionado,Percival_Quinn,{}
commaficionado,FrozenCalamity,{}
commaficionado,dsapsan,{}
commaficionado,GalaxySwirlMLP,{}
commaficionado,WeeniesPaninis,{}
commaficionado,cakeofrage,{}
commaficionado,noodpoodle,{}
commaficionado,Ifuckyounot_,{}
commaficionado,fishfoot,{}
commaficionado,SproutSavant,{}
commaficionado,TimHeldeberg,{}
commaficionado,useinternetgood,{}
commaficionado,avatar_song,{}
commaficionado,Ullikosti,{}
commaficionado,Hrath8,{}
commaficionado,CAETFOOD,{}
commaficionado,thinthle,{}
commaficionado,AShoreMermaid,{}
commaficionado,TrannyActivist,{}
commaficionado,Marvelmarlon98,{}
commaficionado,BewilderedOwl93,{}
commaficionado,taggthewanderer,{}
commaficionado,Jeremy_Gamma,{}
commaficionado,rorypilot_,{}
commaficionado,craig_a45,{}
commaficionado,bryn_alyn,{}
commaficionado,ananymous_17,{}
commaficionado,Heroinbonnie,{}
commaficionado,evyxed,{}
commaficionado,angryalexandria,{}
commaficionado,jh2583,{}
commaficionado,creamteakitten,{}
commaficionado,shawngreentea,{}
commaficionado,Evelyn_Winters,{}
commaficionado,JUNCTl0N,{}
commaficionado,HdeZho2,{}
commaficionado,CpgemC,{}
commaficionado,saucepantsu,{}
commaficionado,idi_ocracy,{}
commaficionado,XerxesToast,{}
commaficionado,JoeParkyn,{}
commaficionado,enantiomorph,{}
commaficionado,ChillRae2,{}
commaficionado,anamikabharatiy,{}
commaficionado,AngelEssence4,{}
commaficionado,Th3R3dHarl3quin,{}
commaficionado,nikola_stojsic,{}
EChickentender,FunFactsLulu,{}
ChaosCastleUK,RosieBarnesFoto,{}
TwistingDucks,bemixUK,{}
TwistingDucks,Leadthewaycald,{}
TwistingDucks,TwistingDucks,{}
TwistingDucks,riponmum,{}
TwistingDucks,HWNland,{}
TwistingDucks,ChrisShrubb1,{}
TwistingDucks,MadeNewcastle,{}
TwistingDucks,TheFreshNCL,{}
TwistingDucks,FriendsAction,{}
TwistingDucks,thetwistrocks,{}
TwistingDucks,SpectrumNcl,{}
TwistingDucks,Peoplefirst111,{}
stevesilberman,rmathematicus,{}
stevesilberman,ChilliCrisp,{}
stevesilberman,Lau_Cob_,{}
stevesilberman,nettle_leaf,{}
stevesilberman,doclnghair,{}
stevesilberman,booft,{}
stevesilberman,CircleReader,{}
stevesilberman,HuldahGates,{}
stevesilberman,catmemesonly,{}
stevesilberman,ScorpioPisces9,{}
stevesilberman,stevesilberman,{}
stevesilberman,planetpatman,{}
stevesilberman,peterainbow,{}
stevesilberman,JohnWilkinspsyc,{}
stevesilberman,Ziltoidia,{}
stevesilberman,Jevremovic,{}
Lau_Cob_,SimonCJay,{}
mindmaster58,RonaldKah,{}
BILD_tweets,right2homeUK,{}
BILD_tweets,jmw3cat,{}
BILD_tweets,Leighpowers16,{}
BILD_tweets,samdownie,{}
BILD_tweets,lance_fogan,{}
BILD_tweets,nwtdtlynn,{}
BILD_tweets,VictoriaMWright,{}
BILD_tweets,faye_medcalf10,{}
BILD_tweets,Dufffin_Sarah,{}
BILD_tweets,MrsBosanquet,{}
BILD_tweets,GracielaSEvans,{}
BILD_tweets,irisbenson100,{}
lance_fogan,SwainITV,{}
StephTweetChat,grhluna24,{}
grhluna24,VaxFactsDDNY,{}
grhluna24,ExpertWitness_,{}
grhluna24,Caitrunsandruns,{}
grhluna24,InclusionNorth,{}
grhluna24,Hellbornepdx,{}
grhluna24,AutismResource,{}
grhluna24,theautismdaily,{}
grhluna24,BiomedJ,{}
grhluna24,disabilityscoop,{}
grhluna24,RamsAutiMom,{}
ExpertWitness_,MentalHealthBo5,{}
MentalHealthBo5,LEAD_Coalition,{}
MentalHealthBo5,beautys_legacy,{}
MentalHealthBo5,ReloadedDreams,{}
MentalHealthBo5,DeritisKristin,{}
MentalHealthBo5,SarahLouInclude,{}
MentalHealthBo5,nowtbutmytruth,{}
MentalHealthBo5,NeuroNoodle1,{}
MentalHealthBo5,TheMCapper,{}
MentalHealthBo5,TAAG_Lancashire,{}
InclusionNorth,YIMAN38111877,{}
InclusionNorth,JamesPage999,{}
YIMAN38111877,Beth_Tastic,{}
johnnyprofane1,CJRyallcom,{}
johnnyprofane1,isntJen,{}
johnnyprofane1,DrHlexia,{}
johnnyprofane1,JavierFFrankie1,{}
johnnyprofane1,Rootbrian_,{}
johnnyprofane1,_webshareztv,{}
johnnyprofane1,raymondaprice,{}
johnnyprofane1,MPWeirdoPodcast,{}
johnnyprofane1,Pcast_ol,{}
johnnyprofane1,SoundOfCreat1on,{}
johnnyprofane1,richiew4ever,{}
isntJen,houseofchaos18,{}
NeuroRebel,TipsyJ3,{}
NeuroRebel,sl_theebooks,{}
NeuroRebel,aragon1500,{}
NeuroRebel,antifamondiale,{}
NeuroRebel,Sarenth,{}
NeuroRebel,quietrebel1988,{}
NeuroRebel,WhisperofPages,{}
NeuroRebel,gsmoviefan,{}
NeuroRebel,SwordNimi0,{}
NeuroRebel,Hrath8,{}
NeuroRebel,MxieSystem,{}
NeuroRebel,AuroraMoonrise,{}
NeuroRebel,GENDER_JELLY,{}
NeuroRebel,autismage,{}
NeuroRebel,PaulaMc007,{}
NeuroRebel,AutisticWaffles,{}
NeuroRebel,tagoold,{}
NeuroRebel,JackParkerArts,{}
NeuroRebel,Kaija_Rayne,{}
NeuroRebel,mianwel,{}
sl_theebooks,autismage,{}
jamesclementjnc,RaviManjithaya,{}
jamesclementjnc,CompChemBioBot,{}
Glorialovekings,JulianKuri1,{}
autismbot2,AnjleeB,{}
autismbot2,evangelia1982,{}
autismbot2,autismbucks1,{}
OPAL_Advocacy,drjdlord,{}
DavidMorris_TO,sharonatees,{}
DavidMorris_TO,ChantalChartran,{}
DavidMorris_TO,lisarose1308,{}
DavidMorris_TO,burnham_leanne,{}
DavidMorris_TO,AutismNorthern,{}
DavidMorris_TO,hughes_kun,{}
DavidMorris_TO,altmary,{}
DavidMorris_TO,JayJayHumble,{}
DavidMorris_TO,AutismMomMisha,{}
DavidMorris_TO,carteciel,{}
DavidMorris_TO,Sioflynn,{}
DavidMorris_TO,sue_murchie1,{}
DavidMorris_TO,jj_bonin,{}
DavidMorris_TO,DaleRose111,{}
DavidMorris_TO,Olivier_Bianchi,{}
DavidMorris_TO,nlo_mph_mom_to3,{}
DavidMorris_TO,mike75133117,{}
DavidMorris_TO,agirlnamedjojo1,{}
DavidMorris_TO,tonycatso,{}
ChantalChartran,EmilieLeneveu,{}
ChantalChartran,chef_skip,{}
ChantalChartran,bigtmac19,{}
burnham_leanne,EmilieLeneveu,{}
burnham_leanne,LKocmarek,{}
AutismNorthern,EmilieLeneveu,{}
AutismNorthern,LKocmarek,{}
AutismMomMisha,LKocmarek,{}
jj_bonin,shwaboy99,{}
nlo_mph_mom_to3,shwaboy99,{}
nlo_mph_mom_to3,EmilieLeneveu,{}
nlo_mph_mom_to3,bigtmac19,{}
nlo_mph_mom_to3,LKocmarek,{}
ActuallyAutistc,Hejawol0602,{}
ActuallyAutistc,DJ__Paint,{}
ActuallyAutistc,dantelaw22,{}
ActuallyAutistc,i_m_henry,{}
JulianneHiggi16,autismage,{}
code_ability,Discovertech3,{}
code_ability,codedailybot,{}
code_ability,iPythonistaBot,{}
code_ability,AdvanceML,{}
code_ability,CodeWithTwitchi,{}
code_ability,CoderRetweet,{}
code_ability,RpatoolsC,{}
code_ability,botfordev,{}
code_ability,periscopeislit,{}
code_ability,whopcod,{}
code_ability,NeilMilliken,{}
code_ability,100DaysOf2020,{}
code_ability,TheCuriousLuke,{}
code_ability,morolswediu,{}
code_ability,xaelbot,{}
code_ability,BendevBot,{}
code_ability,Bills_Bot,{}
code_ability,opensource_orgs,{}
code_ability,_FunBot,{}
code_ability,rosiaXbot,{}
Discovertech3,_M_Dey,{}
iPythonistaBot,_M_Dey,{}
AdvanceML,_M_Dey,{}
CoderRetweet,_M_Dey,{}
TheCuriousLuke,_M_Dey,{}
Bills_Bot,_M_Dey,{}
MAbsoud,ElleMandell,{}
MAbsoud,lensiseethrough,{}
MAbsoud,shahrakhee,{}
MAbsoud,antov2401,{}
MAbsoud,FellLindafell,{}
MAbsoud,artworksplus,{}
MAbsoud,Ros02305305,{}
MAbsoud,SheriCopelandUK,{}
MAbsoud,JoeSmit05465144,{}
MAbsoud,UsforThemUK,{}
MAbsoud,BrandedDragon,{}
MAbsoud,SelfHarmRes,{}
MAbsoud,GerryBridgett,{}
MAbsoud,hassaanhch,{}
MAbsoud,jadenozzz,{}
lensiseethrough,sw1chg,{}
AndrewJReeve,Mike_A_Bernier,{}
AndrewJReeve,Drezad2,{}
Mike_A_Bernier,BCLiberalCaucus,{}
CarolineLea13,_f4vl,{}
transhumancoin,chiagozie_emeka,{}
transhumancoin,Specialhyips,{}
transhumancoin,OlaDayo_419O,{}
transhumancoin,Crypto_Oke,{}
transhumancoin,BushraAli200,{}
transhumancoin,Fogghedgehog,{}
transhumancoin,Mostofa57412631,{}
transhumancoin,lo_videl,{}
transhumancoin,ChinChinnMae,{}
transhumancoin,AhiunL,{}
transhumancoin,Bzialashabit,{}
transhumancoin,1RUBIE1,{}
transhumancoin,Promisekhan33,{}
transhumancoin,Luckysylva,{}
transhumancoin,quantumuq,{}
transhumancoin,MagnusS62469898,{}
transhumancoin,peterxing,{}
transhumancoin,transhumanismAU,{}
transhumancoin,nsofor_tochukwu,{}
transhumancoin,Moriomakter208,{}
transhumancoin,Vera89407877,{}
transhumancoin,alexrashed131,{}
transhumancoin,PriyaLal92,{}
disabilityscoop,20fthigh,{}
disabilityscoop,RichardButon,{}
disabilityscoop,v8giraffe,{}
disabilityscoop,DrTempleGrandin,{}
disabilityscoop,autismbulletin,{}
disabilityscoop,PathwayOR,{}
disabilityscoop,JESPYHouse,{}
disabilityscoop,Joshua_Greer,{}
disabilityscoop,DE_SCPD,{}
disabilityscoop,SpeechTherapist,{}
disabilityscoop,SamhainNight,{}
disabilityscoop,ZinaCharlip,{}
autismbulletin,AutismScienceFd,{}
kevharrison_,DonPBickerdike,{}
kevharrison_,birdwriter7,{}
kevharrison_,dichondrablue,{}
kevharrison_,mrvolpess,{}
kevharrison_,mneurodivergent,{}
kevharrison_,slappi17,{}
kevharrison_,nypapajoe,{}
kevharrison_,keeshiabrie,{}
kevharrison_,MalikSed60,{}
kevharrison_,TinDogPodcast,{}
kevharrison_,bless151,{}
kevharrison_,WillsonSherrie,{}
kevharrison_,Vanwestern1,{}
kevharrison_,DaveCol08591776,{}
kevharrison_,NiamhCourtney5,{}
kevharrison_,ladyseakayaker,{}
kevharrison_,TamaraW86146879,{}
birdwriter7,CheerfulChemist,{}
Kindersouls1,deafgamingjohn1,{}
Charlesfrize,DynamicFrize,{}
Charlesfrize,FrizeFriedo,{}
shwaboy99,MacDonaldWalk,{}
shwaboy99,divergentTea,{}
shwaboy99,djcarrollmagic,{}
shwaboy99,HKPF_Esther,{}
shwaboy99,wbcrow1,{}
shwaboy99,lunamadd,{}
shwaboy99,bigfanofoprah,{}
shwaboy99,Gopirai13,{}
shwaboy99,aaa_vma,{}
shwaboy99,DanieleBergstra,{}
shwaboy99,AmandaB_strong,{}
shwaboy99,Vote4Tony2022,{}
shwaboy99,bat_mojo,{}
shwaboy99,passenthrough,{}
shwaboy99,ShawnaLeeG,{}
HKPF_Esther,EmilieLeneveu,{}
aaa_vma,EmilieLeneveu,{}
Vote4Tony2022,LKocmarek,{}
bhismadev,ragupathyvkt,{}
bhismadev,DrSkripka,{}
WONDERFUD1,thisiszia,{}
WONDERFUD1,VeenaViswanath9,{}
LWPhototherapy,LWPhototherapy,{}
LWPhototherapy,PostYourAdsBiz,{}
EmilieLeneveu,ABAinOntSchools,{}
EmilieLeneveu,KyleFromQuinte,{}
EmilieLeneveu,kingston_guy,{}
EmilieLeneveu,lily_staceyx,{}
EmilieLeneveu,QuinteFLA,{}
EmilieLeneveu,bqpla,{}
ABAinOntSchools,chef_skip,{}
ABAinOntSchools,LKocmarek,{}
bqpla,LucilleCollard,{}
RamsAutiMom,MarkMarkpginge,{}
RamsAutiMom,JESchultz1952,{}
RamsAutiMom,ekimnannah,{}
RamsAutiMom,pcrod,{}
RamsAutiMom,progressenjoyer,{}
RamsAutiMom,sweettooth49,{}
RamsAutiMom,andy999shawca,{}
RamsAutiMom,BlueHulk859,{}
RamsAutiMom,Sashelly,{}
RamsAutiMom,getamop,{}
RamsAutiMom,evolv67,{}
RamsAutiMom,GemayelHampton,{}
RamsAutiMom,GOPNoMor,{}
RamsAutiMom,PaulDereume,{}
RamsAutiMom,BrubakerWeston,{}
RamsAutiMom,MRSAGOSTINIOCT,{}
RamsAutiMom,QuilliganAaron,{}
RamsAutiMom,cheriecherieboo,{}
RamsAutiMom,Bains1A,{}
RamsAutiMom,Andrew00144450,{}
RamsAutiMom,Traimitchell19,{}
RamsAutiMom,CypBu,{}
RamsAutiMom,MyGrindNvrSleep,{}
RamsAutiMom,shastarose808,{}
RamsAutiMom,PackersJT,{}
RamsAutiMom,tompgleason,{}
RamsAutiMom,jeriharp,{}
RamsAutiMom,FoL924,{}
RamsAutiMom,txlstewart1,{}
RamsAutiMom,fakeBobbyDuff,{}
RamsAutiMom,Brenda11258950,{}
RamsAutiMom,milpendlebury,{}
RamsAutiMom,AutismThreads,{}
RamsAutiMom,ShannonOCallag3,{}
RamsAutiMom,aolove745,{}
RamsAutiMom,Y2ktagAdam,{}
RamsAutiMom,OneHaleyStar,{}
RamsAutiMom,LaffGotta,{}
RamsAutiMom,AcrosticPi,{}
RamsAutiMom,autcareandshare,{}
RamsAutiMom,devinchy17,{}
Geetika_kpr,soodstuti17,{}
Geetika_kpr,dr_samirparikh,{}
Geetika_kpr,fortis_mhbs,{}
Geetika_kpr,nishtha_narula,{}
Geetika_kpr,Tizard_ABAPBS,{}
Geetika_kpr,ThanosGR,{}
Geetika_kpr,kamna_chhibber,{}
Geetika_kpr,DivyaVachhani,{}
NoMoreToLose1,autismage,{}
jojoandspoons,BurghamGail,{}
jojoandspoons,gingertedwards,{}
jojoandspoons,esmesstuff,{}
jojoandspoons,autismbucks1,{}
jojoandspoons,Feehlo,{}
jojoandspoons,roolbg,{}
jojoandspoons,CountrySkills,{}
jojoandspoons,AusomeCharlie,{}
jojoandspoons,autisticgpshh,{}
jojoandspoons,ActualKatyjean,{}
jojoandspoons,Alouema2,{}
jojoandspoons,Beth_Tastic,{}
jojoandspoons,Benishere8,{}
jojoandspoons,mockingdumbanti,{}
jojoandspoons,XplodedSynapses,{}
jojoandspoons,purrrmeowpurrr,{}
laj83912654,autismage,{}
LEAD_Coalition,Enzofratel,{}
LEAD_Coalition,Desiree_Ahgudo,{}
LEAD_Coalition,WVUTRICIA,{}
LEAD_Coalition,Pierre018,{}
LEAD_Coalition,edynathan1,{}
LEAD_Coalition,DeviantTruMasta,{}
LEAD_Coalition,MiguelHilargiak,{}
LEAD_Coalition,Sam_ivzir,{}
LEAD_Coalition,MissFlowerPixie,{}
LEAD_Coalition,MartinG8177,{}
LEAD_Coalition,ManjitK6987,{}
LEAD_Coalition,Rosario_Strano,{}
LEAD_Coalition,PennyTindall,{}
LEAD_Coalition,HamzaRoberto,{}
LEAD_Coalition,maxnmoll1,{}
LEAD_Coalition,FizaPathan,{}
LEAD_Coalition,barbiesway,{}
LEAD_Coalition,DeeJayKent1,{}
LEAD_Coalition,KirkhamRaine,{}
LEAD_Coalition,canoewolf,{}
LEAD_Coalition,thompsonb2569,{}
MartinG8177,W_Angels_Wings,{}
barbiesway,W_Angels_Wings,{}
NeuroscienceNew,AakifTuran,{}
NeuroscienceNew,susi38532167,{}
NeuroscienceNew,mom1bear,{}
NeuroscienceNew,PithFeinder,{}
NeuroscienceNew,PynkEmber,{}
NeuroscienceNew,MarMarhoyas,{}
NeuroscienceNew,reira_espinosa,{}
NeuroscienceNew,Lauraignez,{}
NeuroscienceNew,Scieducation1,{}
NeuroscienceNew,burtonlee,{}
NeuroscienceNew,philchuppa,{}
NeuroscienceNew,Drvaliente,{}
NeuroscienceNew,UVivy,{}
NeuroscienceNew,bonillal1,{}
NeuroscienceNew,knowyourbrain20,{}
NeuroscienceNew,Edfreem58424229,{}
NeuroscienceNew,JohnHRandall1,{}
NeuroscienceNew,JulieMilnerEsq,{}
NeuroscienceNew,CanuckDamsel,{}
NeuroscienceNew,DanielaAdornoM1,{}
NeuroscienceNew,horvi_horvat,{}
NeuroscienceNew,DeborahDenno,{}
LtdSaafi,Yusufthegreat12,{}
PaSpEdTeacher,laura_goodner,{}
PaSpEdTeacher,MrHistory9,{}
PaSpEdTeacher,Doucevie7777,{}
PaSpEdTeacher,Teacherscare101,{}
PaSpEdTeacher,nleisten70,{}
PaSpEdTeacher,iTeachUnicorns,{}
PaSpEdTeacher,HashmiMohi,{}
PaSpEdTeacher,DankoJacqueline,{}
PaSpEdTeacher,BreitWendy,{}
PaSpEdTeacher,tduenes1,{}
PaSpEdTeacher,vanzandt1,{}
PaSpEdTeacher,mrs_olivella,{}
PaSpEdTeacher,JamesReedHD,{}
Teacherscare101,RichardStarken,{}
LeksiW,Admiral_Craymen,{}
LeksiW,AutisticTitan5,{}
LeksiW,KorvaxChris,{}
BCLiberalCaucus,Frbkirby,{}
BCLiberalCaucus,LLLwry,{}
BCLiberalCaucus,NancyChadbourne,{}
BCLiberalCaucus,Teresa_Wat,{}
BCLiberalCaucus,BruceBanman,{}
BCLiberalCaucus,TrevHal,{}
BCLiberalCaucus,JohnRustad4BC,{}
BCLiberalCaucus,rmttn,{}
BCLiberalCaucus,Clovechok,{}
BCLiberalCaucus,Tigerlily874,{}
BCLiberalCaucus,IanPatonDelta,{}
BCLiberalCaucus,moose8chocolate,{}
BCLiberalCaucus,shirleybond,{}
BCLiberalCaucus,AShoutAbout,{}
BCLiberalCaucus,PamNoblePaton,{}
BCLiberalCaucus,JMcanerin,{}
BCLiberalCaucus,_jaclyns,{}
BCLiberalCaucus,CriticBC,{}
BCLiberalCaucus,Bammstella,{}
BCLiberalCaucus,tegart_jackie,{}
BCLiberalCaucus,benstewartbc,{}
BCLiberalCaucus,PeterMilobar,{}
BCLiberalCaucus,KylloGreg,{}
BCLiberalCaucus,toddstonebc,{}
XeshireC,natrellabot,{}
CHEK_media,RobShaw_BC,{}
CHEK_media,CHEK_News,{}
SahimeTweets,live_kitsune,{}
SahimeTweets,VTuberTweeter,{}
SahimeTweets,SahimeTweets,{}
SahimeTweets,rtsmallstreams,{}
SahimeTweets,vroidretweet,{}
SahimeTweets,ReAnimetron,{}
tristimania101,BipolarClubDx,{}
autismage,lo_sunflower,{}
autismage,MandMaguire,{}
autismage,GinevraCat,{}
autismage,soundcube,{}
autismage,Russell_E__,{}
autismage,BoycottSpect10k,{}
autismage,johnpringdns,{}
autismage,niwrowahanol,{}
autismage,JaneCas65,{}
autismage,ElizabethWorsl1,{}
autismage,JackParkerArts,{}
autismage,soul_assassin44,{}
autismage,DuskaEverything,{}
autismage,JoTheSpinner,{}
autismage,ThornIrisRibbon,{}
autismage,librarylady67,{}
autismage,AutieJedi,{}
autismage,CassandraCentre,{}
autismage,BobbVenessa,{}
autismage,MxOolong,{}
autismage,autismbucks1,{}
lo_sunflower,CRAE_IOE,{}
Russell_E__,BrownlessElaine,{}
BernadeiaJ,chjournalist,{}
BernadeiaJ,quick13,{}
BernadeiaJ,ShelettaIsFunny,{}
chjournalist,ShelettaIsFunny,{}
quick13,ShelettaIsFunny,{}
ShelettaIsFunny,janet_yackle,{}
ShelettaIsFunny,AprilGreen93,{}
AutismSocietyIE,alliaks,{}
AutismSocietyIE,HighlandHaps,{}
AutismSocietyIE,KennJDodgerBlue,{}
AutismSocietyIE,sbcountysheriff,{}
Autismdad67,blklblallykat,{}
Autismdad67,AutismSpectrum4,{}
Autismdad67,FazliuBlerta,{}
Autismdad67,colm_1981,{}
Autismdad67,gjdoc75,{}
Autismdad67,MccloreyMicky,{}
Autismdad67,NeilLogan20,{}
Autismdad67,NedbrennanEb,{}
Autismdad67,NaiWales,{}
Autismdad67,DavaDave1884,{}
Autismdad67,MagaMommy_N,{}
Autismdad67,StirlingWullie,{}
Autismdad67,ravens2007fc,{}
Autismdad67,RossesRover,{}
Autismdad67,stef18881,{}
Autismdad67,Yogi_theTim,{}
Autismdad67,bigjbhoy,{}
Autismdad67,Pierre19601972,{}
Autismdad67,evangelia1982,{}
Autismdad67,martin08001844,{}
WargarW,RickyPasket,{}
WargarW,HWehrwulf,{}
WargarW,CoreyDanger15,{}
WargarW,AngeryTreeGuy,{}
WargarW,schedelcollect1,{}
WargarW,dassturmsoldat1,{}
WargarW,Kptfantastic,{}
WargarW,Koneshnowhite,{}
WargarW,schoolidolwife,{}
WargarW,JFKQUICKSCOPE,{}
WargarW,WargarW,{}
WargarW,Dionysi48848443,{}
WargarW,archiv333d_,{}
WargarW,skrimp_farmer,{}
WargarW,del0ser,{}
WargarW,ArrexisAF,{}
steppingfwduk,StevieL46504317,{}
steppingfwduk,autismberkshire,{}
steppingfwduk,dearjeremydear,{}
steppingfwduk,metfilmprod,{}
steppingfwduk,ReasonIJumpFilm,{}
autismberkshire,sharonneph,{}
chelcfinds,shalala3276,{}
chelcfinds,KacieLea0415,{}
chelcfinds,AnAmeri63628928,{}
chelcfinds,kamerinleeaa,{}
chelcfinds,Cinjay21,{}
chelcfinds,butterfly5873,{}
chelcfinds,GalaxyReflected,{}
chelcfinds,5410Anna,{}
chelcfinds,CahoMercedes,{}
chelcfinds,WhiteboyRadio,{}
chelcfinds,amanda_alexndra,{}
chelcfinds,NevermindLis,{}
chelcfinds,GlaenzerSarae,{}
chelcfinds,Gmp22ad1,{}
chelcfinds,EmonKha85473419,{}
chelcfinds,rainorfine,{}
chelcfinds,TanyaSpencer290,{}
chelcfinds,MichigAndi,{}
chelcfinds,CuckooClawsons,{}
chelcfinds,i_mairead,{}
FunFactsLulu,AlexKronstein,{}
FunFactsLulu,kithseer,{}
FunFactsLulu,FartBoxElevator,{}
FunFactsLulu,DeadpanDolly,{}
FunFactsLulu,corbden,{}
FunFactsLulu,GryphenCourage,{}
FunFactsLulu,kim_crawley,{}
FunFactsLulu,MxReybow,{}
kim_crawley,AutisticWaffles,{}
theautismdad,BagsTheLot,{}
theautismdad,momgiggles,{}
theautismdad,be_mightier,{}
BagsTheLot,EnableMagazine,{}
now_nizi,UdemyForfree100,{}
AutismCop,ia_vets,{}
AutismCop,Timmy_Gibbs73,{}
AutismCop,DannyCo28192881,{}
AutismCop,Chattyc79262778,{}
AutismCop,NatPoliceAssoc,{}
AutismCop,songofjoy365,{}
AutismCop,NorthBayVillage,{}
AutismCop,AdaptiveWay,{}
WinstonPrepLI,winstonprep,{}
WinstonPrepLI,tsarnicola1,{}
KimPrior13,StevenHopleyTNL,{}
KimPrior13,PeterTaylorTNL,{}
KimPrior13,noisycupboard,{}
KimPrior13,ProfSteveKeen,{}
KimPrior13,47ef,{}
Josh_Merritt1,JackSilver,{}
Josh_Merritt1,DisabledInTV,{}
Josh_Merritt1,alyswhitehead,{}
Josh_Merritt1,evlyneoyedokun,{}
Josh_Merritt1,Aut2W,{}
Josh_Merritt1,meledgerwood,{}
Josh_Merritt1,BooksinMaze,{}
Josh_Merritt1,131Jj,{}
Josh_Merritt1,twoshadesofhope,{}
Josh_Merritt1,justinhayward,{}
Josh_Merritt1,cheryleehouston,{}
Eclecticakemix,socallusfreaks,{}
SibCollab,atrimonta,{}
SibCollab,SueMacV,{}
SibCollab,beccapauls,{}
SibCollab,helenries,{}
SueMacV,SurreyPlaceON,{}
SwainITV,Allandv1,{}
SwainITV,izcullen,{}
SwainITV,stanleyblagg,{}
SwainITV,swaddorset,{}
SwainITV,SR_444444,{}
SwainITV,jakeandrew96,{}
SwainITV,JamieMoughton,{}
SwainITV,rybonator3000,{}
SwainITV,joskivington,{}
SwainITV,Chris_dabayleaf,{}
SwainITV,glen_sue,{}
SwainITV,JillHood8,{}
SwainITV,TaylordFitLife,{}
SwainITV,PaulMarchant11,{}
SwainITV,PalmaRecto,{}
SwainITV,RachelEmmettPR,{}
SwainITV,onfaitavec,{}
SwainITV,Alexgardi1963,{}
SwainITV,jules4023,{}
SwainITV,Co_Passenger,{}
SwainITV,croxonrise,{}
SwainITV,Hopesaxons,{}
SwainITV,WelshGraham,{}
SwainITV,creynolds094,{}
SwainITV,OscarFricke,{}
SwainITV,AutismBrighton,{}
SwainITV,ASDambassador,{}
SwainITV,itsjademarie,{}
SwainITV,kelvynbrown19,{}
SwainITV,Autism,{}
SwainITV,KarenRussell010,{}
SwainITV,autismbucks1,{}
SwainITV,Ilisa_Stack,{}
SwainITV,Sue10064750,{}
SwainITV,HelenAutism,{}
joskivington,nowtbutmytruth,{}
Chris_dabayleaf,houseofchaos18,{}
_Zoe_Andrews,Becky_Stanton74,{}
_Zoe_Andrews,SusanWilby3,{}
_Zoe_Andrews,JillDyson7,{}
beautys_legacy,Bonzo1805,{}
beautys_legacy,Puffin77Puffin,{}
beautys_legacy,NadineHarris12,{}
beautys_legacy,SueSun25,{}
beautys_legacy,carlachrisellis,{}
beautys_legacy,MynardAnn,{}
beautys_legacy,PurplePansy56,{}
beautys_legacy,SEALMacsgirl,{}
beautys_legacy,jaspertina,{}
beautys_legacy,Ig3rr,{}
beautys_legacy,KiwiFe71,{}
beautys_legacy,SandyDerby2,{}
beautys_legacy,TraceyJ1813,{}
beautys_legacy,SteelCherry,{}
beautys_legacy,IM84333247,{}
beautys_legacy,sandssims,{}
beautys_legacy,Jadesjazzy16,{}
beautys_legacy,Privilegedcand1,{}
TaniaAMarshall,softstrawb,{}
TaniaAMarshall,chilljat,{}
TaniaAMarshall,allofthetrees,{}
TaniaAMarshall,WilmaMcewan1,{}
LightNyoFace,eMaxSuperFan1,{}
LightNyoFace,vedat_imm,{}
LightNyoFace,MrBryGuy,{}
LightNyoFace,Frozensack_Gary,{}
LightNyoFace,YeagerTodd,{}
LightNyoFace,TDave96424731,{}
LightNyoFace,InsightSelecti2,{}
LightNyoFace,MelloMoon_37,{}
LightNyoFace,TonyLun35153346,{}
LightNyoFace,ovocodm,{}
LightNyoFace,RealEmaxArmy,{}
LightNyoFace,jmk331,{}
LightNyoFace,Alek_crypto,{}
autismepi,movedoc,{}
autismepi,autismepi,{}
_M_Dey,Fabriciosx,{}
_M_Dey,XeronBot,{}
_M_Dey,J3nTyrell,{}
_M_Dey,aProgrammerBot,{}
_M_Dey,SATYAJIT1910,{}
_M_Dey,SkaFolding_One,{}
_M_Dey,AllinOn79495728,{}
_M_Dey,rosiaXbot,{}
_M_Dey,stefano688,{}
_M_Dey,elizabot9,{}
_M_Dey,marietaanton,{}
theZACKhamma,Tim_Foolery91,{}
theZACKhamma,PraetorioXII,{}
HollyBMoses,HollyBMoses,{}
RiviereTosh,autistamatic,{}
hollyrpeete,sherisa7,{}
hollyrpeete,BeccaTwoPoint0,{}
hollyrpeete,piperhuguley,{}
hollyrpeete,julesofwriting,{}
hollyrpeete,sheepthusiast,{}
hollyrpeete,hallmarkchannel,{}
hollyrpeete,FrankelPatti,{}
hollyrpeete,amadisaurus,{}
hollyrpeete,HighHeelEsquire,{}
hollyrpeete,Rosemariek48,{}
hollyrpeete,hallmarkmovie,{}
hollyrpeete,Mrspencil94,{}
hollyrpeete,mrcdesigner,{}
hollyrpeete,Thai88888,{}
hollyrpeete,AMarya86,{}
hollyrpeete,ThomasWisteria,{}
hollyrpeete,brandonmscales,{}
hollyrpeete,Alllwftopic,{}
SBS_Autism_BCBA,JaneSmi54374959,{}
martell_sincere,She_extra17,{}
RichardStarken,grapevine87,{}
RichardStarken,RichardStarken,{}
RichardStarken,HollyPi18008894,{}
RichardStarken,SeahawksTeacher,{}
RichardStarken,iTeachUnicorns,{}
RichardStarken,ChrisKargol,{}
RichardStarken,Edug8wEmpathy,{}
RichardStarken,PaulaKinder2,{}
RichardStarken,DanielleCC10,{}
LucilleCollard,redwhiteprinces,{}
LucilleCollard,DavidMosseyLIB,{}
LucilleCollard,Lisa83087613,{}
LucilleCollard,flatt99,{}
LucilleCollard,mikewalker2361,{}
LucilleCollard,KeithWDonally,{}
LucilleCollard,bill29896935,{}
LucilleCollard,JustWatchMe14,{}
LucilleCollard,bowman_beverly,{}
LucilleCollard,PennyPo54201061,{}
LucilleCollard,progdogjazzcat,{}
LucilleCollard,JrSamplesBR549,{}
LucilleCollard,OntLiberal,{}
LucilleCollard,paryamirjani,{}
LucilleCollard,MeAdnanSiddiqui,{}
LucilleCollard,CraigReed5,{}
LucilleCollard,KyleHarrietha,{}
oakbridge_WR,ASelcage,{}
kidsanddreams,SpencerSchubert,{}
kidsanddreams,AI44LYD,{}
mrsB2305,Danny26845533,{}
mrsB2305,JohnWMentor,{}
mrsB2305,MsGreatbatch,{}
TriStateABO,Bill_Fenbers,{}
CIE_IOE,EllisSteve24,{}
W_Angels_Wings,Dab10ten,{}
W_Angels_Wings,sukeji_handa,{}
W_Angels_Wings,carolaround,{}
W_Angels_Wings,MDfineart,{}
W_Angels_Wings,StephaniePMcKea,{}
W_Angels_Wings,vallypee,{}
W_Angels_Wings,NordstromJoe,{}
W_Angels_Wings,onesweetday48,{}
W_Angels_Wings,whizkid7,{}
W_Angels_Wings,MELLOWCELLO1,{}
W_Angels_Wings,harmony_kent,{}
W_Angels_Wings,DecorMoores,{}
W_Angels_Wings,fredsdiary1981,{}
W_Angels_Wings,pbeacannon,{}
W_Angels_Wings,KJWatersAuthor,{}
W_Angels_Wings,welovememoirs,{}
W_Angels_Wings,MantisK,{}
W_Angels_Wings,judehaste_write,{}
W_Angels_Wings,QDPurdu,{}
W_Angels_Wings,PennilessScribe,{}
W_Angels_Wings,edgarvalle01,{}
W_Angels_Wings,FLai1234,{}
W_Angels_Wings,IreneWoodbury,{}
W_Angels_Wings,CWOFM,{}
W_Angels_Wings,JLH_Collective,{}
Dab10ten,omasoncharles,{}
sukeji_handa,omasoncharles,{}
PaulaMc007,ninichan2b,{}
PaulaMc007,NeoLunaticus,{}
PaulaMc007,Jones8science,{}
PaulaMc007,jane_nickels,{}
PaulaMc007,JGjanegreen,{}
PaulaMc007,PaulaMc007,{}
PaulaMc007,AutismPeterboro,{}
PaulaMc007,HeatherHalsall,{}
PaulaMc007,Darrentigerlion,{}
PaulaMc007,were_first,{}
PaulaMc007,Ruth75387076,{}
PaulaMc007,sweetsare,{}
PaulaMc007,seenandheard22,{}
PaulaMc007,Tenbatsu13,{}
PaulaMc007,Richard_Autism,{}
PaulaMc007,sentient_water,{}
PaulaMc007,mamajasper,{}
PaulaMc007,ExistentialAut1,{}
PaulaMc007,Saraheboon,{}
sweetsare,autistamatic,{}
Tenbatsu13,houseofchaos18,{}
Richard_Autism,sharonneph,{}
ExistentialAut1,abenakrofi,{}
ExistentialAut1,elibisme,{}
ExistentialAut1,autistamatic,{}
sw1chg,Ella4Dogs,{}
aspiringtobeyou,mazifur,{}
aspiringtobeyou,HRytel,{}
aspiringtobeyou,ex_func,{}
TiibaRocks,Kyle2uSuccess,{}
TiibaRocks,8278JOGADOR8728,{}
draevans,Berkhinator,{}
draevans,Sutton41042596,{}
draevans,urarainbow,{}
draevans,hueythewookiee,{}
draevans,UnpaidCareUK,{}
draevans,BridgetAnnGrea1,{}
draevans,JandeepSinghMDP,{}
draevans,amiemariamarie,{}
draevans,DspaceSen,{}
draevans,Beth_Tastic,{}
draevans,sharoncoles15,{}
draevans,nana2venus,{}
draevans,MogRagga,{}
draevans,inferno_tj,{}
Beth_Tastic,karen51915938,{}
Beth_Tastic,abbyaug,{}
Beth_Tastic,susansartstudio,{}
autistamatic,autistamatic,{}
autistamatic,autismsupsoc,{}
autistamatic,koplegend,{}
abenakrofi,DREAmSLabUSC,{}
Andrew00144450,autcareandshare,{}
ReloadedDreams,BeardedChrisP,{}
ReloadedDreams,rahxrahster,{}
ReloadedDreams,DuskaEverything,{}
ReloadedDreams,SashaWhite,{}
ReloadedDreams,NatchaStark,{}
ReloadedDreams,PxPerfectionist,{}
ReloadedDreams,ADHDing_,{}
ReloadedDreams,noellevivante,{}
ReloadedDreams,island_ko,{}
ReloadedDreams,cheesecrisis,{}
ReloadedDreams,quagsire4smash,{}
ReloadedDreams,SpectrumInSpace,{}
ReloadedDreams,SaimaMinhas3,{}
ReloadedDreams,MarvelousCloud,{}
ReloadedDreams,oliviawhitman3,{}
ReloadedDreams,PantherAlyxx,{}
depression_yrna,depression_yrna,{}
depression_yrna,ProtectStudents,{}
KateWinsletGHF,jimfeldman,{}
ThornIrisRibbon,AutisticWaffles,{}
autismbucks1,LWP_EdPsychs,{}
AutismResource,AutismResource,{}
cafetracknn,DeborahMattock,{}
cafetracknn,CliffeJoanna,{}
cafetracknn,Daz1969Knibb,{}
cafetracknn,MrsVara,{}
cafetracknn,JeanEd70,{}
SammiBee2010,SammiBee2010,{}
SammiBee2010,AutismInit,{}
AutismScienceFd,dragonflyboo71,{}
AutismScienceFd,alisonsinger,{}
AutismScienceFd,Autismville,{}
dragonflyboo71,AutismParentMag,{}
Autismville,CASProviders,{}
AutismParentMag,PilarskiMatthew,{}
AutismParentMag,julias_friends,{}
julias_friends,Autismposts,{}
dancingstrheart,BirdieGirl52,{}
dancingstrheart,kat_Ihave4Cavs_,{}
UCR_ScienceNews,UCRCNAS,{}
MedHums_BMJ,bschillace,{}
weareMFON,sarasiobhan,{}
weareMFON,sirjordansmith,{}
weareMFON,M1chelleRebello,{}
weareMFON,CakeyLakey,{}
weareMFON,TraceyG87132334,{}
weareMFON,DimensionsUK,{}
weareMFON,CarlyJonesMBE,{}
weareMFON,SarahWalters2,{}
MATEndeavour_ac,Alicia62757332,{}
MATEndeavour_ac,GhostNotoriousD,{}
_f4vl,H2OhTwist,{}
_f4vl,luvenice_h,{}
_f4vl,Edugirl1234,{}
_f4vl,JhSalford,{}
_f4vl,ClaireCozler,{}
_f4vl,NigelHeal,{}
_f4vl,LucyLovett,{}
_f4vl,blazemac,{}
_f4vl,HoppySaul,{}
_f4vl,JBrown94573224,{}
_f4vl,AprilMay001,{}
_f4vl,jesamin1,{}
H2OhTwist,sharonneph,{}
DeritisKristin,Tolkienfangirl1,{}
DeritisKristin,Genava02,{}
DeritisKristin,MrsSJHanna,{}
DeritisKristin,Urfavnupe,{}
DeritisKristin,Eaglestream1,{}
DeritisKristin,johngacinski,{}
DeritisKristin,FrankCoulson7,{}
DeritisKristin,xu0WkS01WjtWfRc,{}
DeritisKristin,Islamsa27747363,{}
DeritisKristin,363636Elle,{}
DeritisKristin,atyrau72556970,{}
DeritisKristin,KKnOR7hm8xY2puE,{}
DeritisKristin,KarpovaOlezka,{}
DeritisKristin,Nonna62310041,{}
DeritisKristin,aenterprises66,{}
DeritisKristin,DiptoKu330,{}
_EmbraceAutism,adastraborealis,{}
_EmbraceAutism,Greg38589422,{}
_EmbraceAutism,unltd_potential,{}
_EmbraceAutism,NPride28,{}
_EmbraceAutism,faizfaults,{}
jedipadmaster,DynamicDuda338,{}
jedipadmaster,Principal_H,{}
jedipadmaster,theedepistolary,{}
AshbieApustaja,500Java,{}
AshbieApustaja,kanagayeo,{}
AshbieApustaja,teyoid,{}
AshbieApustaja,ulWsZy61pbDJ3VN,{}
BuzzBand_US,TheGirlsofSteel,{}
leedsautismAIM,HWLeeds,{}
leedsautismAIM,ThroughTheMaze,{}
leedsautismAIM,changepeople_,{}
leedsautismAIM,EKElsworth,{}
leedsautismAIM,AdvonetUK,{}
ThroughTheMaze,NHSAbility,{}
BrownlessElaine,KieranRose7,{}
SkadeGaming,Minecraft_SSYT,{}
SkadeGaming,rpggamebot,{}
plusvalueuk,MitchKosterman,{}
FierceAutistic,Eriiiika9,{}
FierceAutistic,itserikawatts,{}
FierceAutistic,lovespainting,{}
FierceAutistic,mammylisa1,{}
FierceAutistic,em_doapsi,{}
theautismdaily,ASDSchool,{}
theautismdaily,Kabai_x,{}
TheCraneReport,Jan44276938,{}
TheCraneReport,BoxOFroggies,{}
cheryleehouston,Aut2Tweet,{}
cheryleehouston,katejlovell,{}
TNTurnerLab,tycheleturner,{}
AxialTx,chmeyer187,{}
ClaireCSmith,grb090423,{}
ClaireCSmith,ClaireCSmith,{}
BarnetLibraries,MarkyMoke189,{}
BarnetLibraries,ChildHilLibrary,{}
Autistic1994,trendincultures,{}
Autistic1994,ShawnSm1889641,{}
mARTismJA,lewieb99test,{}
fenlandphotos,lpovert,{}
GrowingUpAutism,GoldenOlivier,{}
GaylePayneArt,AnnaSchmidtArt2,{}
autismwestmids,JohnSmi75840379,{}
autismwestmids,UkCountyLines,{}
autismwestmids,LozellsWMP,{}
autismwestmids,HandsworthWMP,{}
autismwestmids,AdeliePsychol,{}
autismwestmids,Autismstoke,{}
TResAutism,smyth_sinead,{}
TResAutism,hrbireland,{}
TResAutism,Celinemmc,{}
TResAutism,DCU,{}
markslavkin,TheWallisBH,{}
CeliacResearch,ayesha_zahrah,{}
CeliacResearch,CoalitionAutism,{}
CeliacResearch,mghfc,{}
SeaverAutism,LauraGailS,{}
AfcAutism,Salopian_Jambo,{}
AfcAutism,Josh_Kench94,{}
AfcAutism,altyjord,{}
AfcAutism,KirkPritchard1,{}
scienceofpets,londoner_007,{}
scienceofpets,HelperStream,{}
scienceofpets,SusieBSchnauzer,{}
scienceofpets,AlisonShanahan1,{}
scienceofpets,LiesbethTip,{}
scienceofpets,weejockmaley,{}
scienceofpets,SMRCResearch,{}
scienceofpets,DrNRoberts,{}
scienceofpets,catiaxfaria,{}
scienceofpets,NicolaGuthrie,{}
scienceofpets,Abbie_McGuire13,{}
scienceofpets,BestWorstOnline,{}
scienceofpets,lizpsychology,{}
scienceofpets,GrainneAOConnor,{}
scienceofpets,BiancaHatin,{}
scienceofpets,kathrynpapp,{}
scienceofpets,jwapplebaum,{}
StandingHannah,bigtmac19,{}
StandingHannah,robmackay1701a,{}
StandingHannah,forsyth_barb,{}
StandingHannah,HopeAldridge,{}
StandingHannah,winter_canada,{}
SerialPillock,PriestguyYT,{}
SerialPillock,SerpentXael,{}
SerialPillock,BotMobilegame,{}
SerialPillock,RealDrCollision,{}
SerialPillock,BlazedRTs,{}
aster_onthemoon,AutWellbeing,{}
AndersonAutism,andi_elsa769,{}
andi_elsa769,AutismShifts,{}
BurghamGail,CHindeAccounts,{}
ActualKatyjean,katyjean57,{}
RachelH82471802,tyephilip,{}
RachelH82471802,shaakbhaji,{}
RachelH82471802,RachelH82471802,{}
RachelH82471802,Hayley3Be,{}
RachelH82471802,AxcisJobs,{}
Hayley3Be,susansartstudio,{}
HeadSMGP,FitzBoA,{}
RosieBarnesFoto,FranMonks,{}
RosieBarnesFoto,summerfieldpix,{}
RosieBarnesFoto,OVADA_Gallery,{}
RosieBarnesFoto,lauren_taythe,{}
RosieBarnesFoto,spam0ntoast,{}
RosieBarnesFoto,hwells19,{}
RosieBarnesFoto,Photo_Oxford,{}
clamchowder7,clamchowder7,{}
CheerfulChemist,colingarrow,{}
CheerfulChemist,IvyLuther2,{}
CheerfulChemist,modelteachplay,{}
LKocmarek,Amanda86107002,{}
LKocmarek,Penguino_Dad,{}
LKocmarek,ck1ontario,{}
LKocmarek,Alina_Cameron,{}
AutisticWaffles,yunhee1993,{}
AutisticWaffles,AhannamusPrime,{}
AutisticWaffles,paingloss,{}
AutisticWaffles,GmeinerSophie,{}
AutisticWaffles,Aut_n_About,{}
AutisticWaffles,MikeKorins,{}
AutisticWaffles,Not_Sam_Axe,{}
AutisticWaffles,seiliia,{}
AutisticWaffles,DeanEva32514352,{}
AutisticWaffles,HorizonZeroDick,{}
AutisticWaffles,loringftw,{}
AutisticWaffles,SatiricPants530,{}
AutisticWaffles,theseRavenisms,{}
AutisticWaffles,jm_rives,{}
AutisticWaffles,ilovecats0408,{}
mrhasib429,BinHojaifa,{}
mrhasib429,hart_engel,{}
mrhasib429,DankBotRetweets,{}
LWP_EdPsychs,DrAmySuch,{}
CBBM20,VeronikaEngert,{}
CBBM20,annalinavmayer,{}
CBBM20,SNL_Luebeck,{}
Pawsable1,AnxiousPsych,{}
21andsensory,nevergetfooled,{}
21andsensory,FolkyHel,{}
bschillace,JoanneLimburg,{}
bschillace,schi_walker,{}
bschillace,bschillace,{}
bschillace,peculiarBC,{}
PspSabaa,ordinary__day,{}
PspSabaa,SSA_Addiction,{}
PspSabaa,RobCalder3,{}
SarahLouInclude,Yvonne_Witter,{}
SarahLouInclude,PsychologyTabby,{}
SarahLouInclude,FTWW_Wales,{}
SarahLouInclude,Geraldi10274783,{}
SarahLouInclude,EndoDundee,{}
SarahLouInclude,ChickyC1988,{}
omasoncharles,SimonVdVwriter,{}
omasoncharles,cherrymischivus,{}
omasoncharles,molina_elorza,{}
omasoncharles,nina_vad_holtum,{}
omasoncharles,DerekRKing2,{}
omasoncharles,NicolaYeager,{}
omasoncharles,SusanneLeist,{}
omasoncharles,dramacjc,{}
omasoncharles,TS19912,{}
omasoncharles,richard_cezar,{}
omasoncharles,ebooklingo,{}
Autism_UoR,CAASDproject,{}
gordonblake32,GillyCuppa84,{}
AbsoluteWisdom4,SpringsHopeTips,{}
EdgeAdventures_,ClaireR1982,{}
EdgeAdventures_,EdgeAutism,{}
ClaireR1982,EdgeAutism,{}
KidsBrainHealth,NCE_RCE,{}
KidsBrainHealth,jdzwicker,{}
dogs_autism,puptalk101,{}
EmmabBooks,OrendaBooks,{}
expresscic,Ian_C_Thomas,{}
studentswjade,Karjami,{}
studentswjade,sarah1981h,{}
studentswjade,BASWbc,{}
studentswjade,BASWStudentNQSW,{}
AmbitiousAutism,CharlieZu,{}
AmbitiousAutism,AliceWillans,{}
AmbitiousAutism,AutismPractice,{}
AmbitiousAutism,PracticalND,{}
BrainBroadProd,TsaraShelton,{}
SurreyPlaceON,TDSB_SocialWork,{}
SurreyPlaceON,LisaRECEproud,{}
SurreyPlaceON,terriannhewitt,{}
SurreyPlaceON,TDSB_MHWB,{}
SurreyPlaceON,ShelleyMoretti1,{}
Micro0Biologist,Kinya___Kiruki,{}
Micro0Biologist,HeidiSumner,{}
BeyondAutismUK,TTUltimateForum,{}
ValleyAddington,OHCandAT,{}
NeuroCyberUK,BotSecx,{}
NeuroCyberUK,Cloud_CIO_,{}
NeuroCyberUK,stephkayaks,{}
NeuroCyberUK,cybersec_feeds,{}
ProjectLifesavr,phfgive,{}
ProjectLifesavr,LifesaverOf,{}
ProjectLifesavr,pacepat7_pace,{}
HeartnSoulEye,moves_positive,{}
BlueOct7,xxveritas15xx,{}
BlueOct7,FindOurMissing_,{}
BlueOct7,LaVidaYeauxduh,{}
BlueOct7,DebDenese,{}
BlueOct7,Darkcrowprince1,{}
BlueOct7,Freyja55228624,{}
eileenvee,DanielleASigne,{}
SourceAbled,RoshaundaDGreen,{}
SourceAbled,CurrentTrends1,{}
AutisminMuseums,AsterionHub,{}
AutisminMuseums,VCAM1963,{}
AutisminMuseums,TinctureOfMuse,{}
AutisminMuseums,in_pathways,{}
bingley567,Sarah16813594,{}
bingley567,heathergolding6,{}
bingley567,spellingbee2000,{}
bingley567,tjpride,{}
bingley567,MsRuffles,{}
bingley567,c_ankrum,{}
bingley567,bingley567,{}
bingley567,TeddyP57550387,{}
bingley567,jayhood73,{}
bingley567,NotASuperpower,{}
bingley567,ZuzanneBelec,{}
bingley567,JanRomes,{}
bingley567,SusanChitty1,{}
NeurodiverseWo1,ColorOfGrey,{}
NeurodiverseWo1,AIM_Inclusion,{}
NeurodiverseWo1,notarealgrownup,{}
PedsEpilepsyDoc,NCHforDocs,{}
sharonneph,gavrobstew,{}
sharonneph,ReachoutASC,{}
sharonneph,SophiaGrene,{}
sharonneph,PSCRuth,{}
sharonneph,EdSuppliersColl,{}
sharonneph,lightseeker22,{}
sharonneph,tinkerbellbites,{}
sharonneph,PCamhs,{}
sharonneph,jennypurplemoon,{}
sharonneph,JodieSmitten,{}
sharonneph,ElaineMcgreevy,{}
sharonneph,MsJoBillington,{}
sharonneph,jillthorburn,{}
sharonneph,gdmorewood,{}
sharonneph,sharonneph,{}
PCamhs,profamandakirby,{}
RobertL_Watson,ifathom4255,{}
StopTicsToday,emesometimes,{}
GoDistance3562,BarcellonaR,{}
candypangilinan,HepasGrace,{}
candypangilinan,anne1307taberna,{}
candypangilinan,Aruenne_,{}
candypangilinan,CandyP_world,{}
WileyNeuro,Jessica61620980,{}
WileyNeuro,carynjrogers,{}
WileyNeuro,hss_1,{}
WileyNeuro,mackeithpress,{}
WileyNeuro,Aleisafg,{}
WileyNeuro,fiona_hollis,{}
NeuroACAR,TheNeuro_MNI,{}
NeuroACAR,dchalaud,{}
NHSAbility,simoncramp71,{}
ShopDHorizons,Dazza70Smith,{}
ShopDHorizons,martynsibley,{}
Dazza70Smith,h2htheatre,{}
BiomedJ,BiomedJ,{}
alexplank,lldnt,{}
alexplank,Carldenkt,{}
alexplank,1wrong_way,{}
alexplank,emimeni,{}
alexplank,alexplank,{}
mercatornet,vidaparatodosbr,{}
mercatornet,KOLoghlenAus,{}
cureSYNGAP1,CoreyBaysden,{}
BrewerVASocial,myahmctear,{}
BrewerVASocial,BrewerVASocial,{}
BrewerVASocial,Shay__Soprano,{}
ASEND_GB,CSawteachme,{}
BarnabyAuthor,gracasameira,{}
LakeRidgeCSS,maytasha07,{}
MyAutismTeam,EQSolutionsYou2,{}
CHindeAccounts,the_dc_project,{}
CHindeAccounts,GD_EdRob,{}
autismwessex,farrell_m4,{}
autismwessex,DCHypemanRevT,{}
flagupautism,WalkerRyan96,{}
flagupautism,JVWilliams13,{}
flagupautism,stevegsimpson,{}
AutismIS_,AbilityShetland,{}
AutismIS_,JessAlice1992,{}
AutismIS_,Katie_Moffat,{}
AutismIS_,EduMhairi,{}
AutismIS_,MairiMo,{}
AutismIS_,ekolatsi,{}
AutismIS_,MarionM36799706,{}
NewsMedical,HansSars,{}
NewsMedical,Skatiq3,{}
InnovateKings,nestybird,{}
HolmewoodSchool,BridgetLivsey,{}
HolmewoodSchool,make1tpos1t1ve,{}
HolmewoodSchool,coletteisp,{}
HolmewoodSchool,SEND_Action,{}
HolmewoodSchool,VoicesofSEND,{}
HolmewoodSchool,AspieDeLaZouch,{}
HolmewoodSchool,HappierHead,{}
DREAmSLabUSC,Paengdailo,{}
nowtbutmytruth,cazaline7,{}
nowtbutmytruth,TrishHicken,{}
SurreyChoices,EastSurreyColl,{}
tennant_alice,VrRetweeter,{}
CRAE_IOE,WARC_Cardiff,{}
CRAE_IOE,saffagrl,{}
CRAE_IOE,djBeXta,{}
CRAE_IOE,Neurodiversit19,{}
CRAE_IOE,krysiawally,{}
CRAE_IOE,queersoph,{}
CRAE_IOE,DrMBotha,{}
CRAE_IOE,mlmlois,{}
CRAE_IOE,DrAmyPearson,{}
CRAE_IOE,drstevenkapp,{}
CRAE_IOE,diffusefield,{}
NeuroNoodle1,BiofeedbackT,{}
TheMCapper,LCLeeds,{}
TheMCapper,AntHeald,{}
TheMCapper,EPonSea,{}
TheMCapper,Bella12Claire,{}
TheMCapper,DavetheCareBear,{}
TheMCapper,IsabelleKirkham,{}
vicki_dunk,B0tSci,{}
vicki_dunk,NathanReynolds5,{}
B0tSci,Francsca_Villar,{}
AutismEurope,wtduck8,{}
AutismEurope,kendunne76,{}
oyaamli,xayaserpent,{}
SINetwork,MoiraPenaOT,{}
BookCreatorApp,BcKathleen,{}
BookCreatorApp,JonasLAUSD,{}
BookCreatorApp,ProfeDe_ELE_DAF,{}
BookCreatorApp,School_LN,{}
BookCreatorApp,Nath_Lar,{}
BookCreatorApp,mguhlin,{}
BookCreatorApp,SLacrimioara,{}
BookCreatorApp,Ian__Wilson,{}
BookCreatorApp,Rdene915,{}
BookCreatorApp,klbeasley,{}
BookCreatorApp,isencz,{}
BookCreatorApp,FredrikPDambo,{}
BookCreatorApp,__joe_allen,{}
BookCreatorApp,SimonaG78136105,{}
BookCreatorApp,DISD_Libraries,{}
BookCreatorApp,lrdichiara,{}
BookCreatorApp,MariaXatziloudi,{}
BookCreatorApp,dodydiaa_2012,{}
nathanc1999,HusnaAnjum1992,{}
AlighieriMusic,GarageIRLtd,{}
AlighieriMusic,DannyAlighieri,{}
DannyAlighieri,JulietMckee,{}
DannyAlighieri,Weezleuk,{}
DannyAlighieri,AVeasey1983,{}
SimonCJay,karotheblue,{}
Clairejod,cork_cesc,{}
susansartstudio,TheWhiskeyMary,{}
susansartstudio,sen_mum,{}
keriweri,Penny_Gaines,{}
A2ndvoiceCic,SmokeyBoys__,{}
A2ndvoiceCic,The_ReEducation,{}
A2ndvoiceCic,DiezelBigg,{}
A2ndvoiceCic,kwesia_,{}
A2ndvoiceCic,citygirlnature,{}
A2ndvoiceCic,Boysayso__,{}
A2ndvoiceCic,MyAfroHairandI,{}
A2ndvoiceCic,OverlordXbeats,{}
A2ndvoiceCic,KickOffAt3,{}
thedollybird_uk,Chococake46,{}
thedollybird_uk,DesignsKimmyd,{}
thedollybird_uk,littleones_uk,{}
thedollybird_uk,dotty4paws,{}
thedollybird_uk,KentHandmade,{}
thedollybird_uk,thepapercutden,{}
thedollybird_uk,The_Bottle_Bin,{}
thedollybird_uk,nathan_rann,{}
Francsca_Villar,NVSData,{}
Francsca_Villar,rahul05ranjan,{}
Francsca_Villar,WomenCodersBot,{}
optionsautism,outcomesfirst,{}
optionsautism,DebShez,{}
ALDAP_UoM,NHSSheffieldCCG,{}
ALDAP_UoM,BrainInjuryHub,{}
ALDAP_UoM,DodMatt,{}
ALDAP_UoM,HanaleHolden,{}
ALDAP_UoM,Childrens_Trust,{}
ALDAP_UoM,theLDphysio,{}
ALDAP_UoM,SueMarsden6,{}
ALDAP_UoM,Mermcm,{}
ALDAP_UoM,GeorgeMatuska,{}
profamandakirby,FifiDeLyonBliss,{}
app2vox,Fergusonpaulj,{}
Niamh_Mell,benita_powrie,{}
Niamh_Mell,tai_the_ot,{}
Niamh_Mell,TeresaJoyce_OT,{}
Niamh_Mell,TCCDub,{}
Niamh_Mell,davida_hartman,{}
Niamh_Mell,ChristiWelchPhD,{}
RonaldoByrd,AnimatorsPal,{}
FarmAbility,willowbrook_org,{}
AutisticProf,TimothyDPhelan,{}
AutisticProf,AutismCRC,{}
johnand68038424,completechimp,{}
Rebecca49294469,ColemanPete,{}
Rebecca49294469,SharonAddison7,{}
Rebecca49294469,BevisSusanb25,{}
daca_scotland,daca_scotland,{}
in_pathways,Holdot,{}
autcareandshare,AdultsNeedHelp2,{}
autcareandshare,KarenTIrby1,{}
autcareandshare,AspieMum,{}
autcareandshare,CozyAtoZ,{}
autcareandshare,paulaannev,{}
autcareandshare,jcolorado79,{}
autcareandshare,NancyLea28,{}
autcareandshare,KMahmood1972,{}
autcareandshare,Louisa77591256,{}
autcareandshare,me_abandon,{}
autcareandshare,Doctor_David,{}
autcareandshare,Jue_Priest,{}
autcareandshare,andersonsangela,{}
autcareandshare,SharonLewington,{}
autcareandshare,essexgal80,{}
autcareandshare,MSherrey,{}
TAAG_Lancashire,SocialDesignCr1,{}
houseofchaos18,NoelArmourson,{}
houseofchaos18,spencerrayner,{}
houseofchaos18,Kirsty_H220,{}
houseofchaos18,RobMcLoughlin5,{}
FosterofCats,INHEForum,{}
MJeacott,angelicatweeted,{}
TRACKnnLtd,CliffeJoanna,{}
LizzieSpooner2,SLT_Worcs,{}
LizzieSpooner2,JacquiWoodcock,{}
medical_xpress,SanrayaAlari,{}
medical_xpress,Red_Shoemaker,{}
medical_xpress,serrgv,{}
medical_xpress,SciTechMachINe,{}
medical_xpress,UNTILtheROBIN,{}
medical_xpress,KELLYCLELLAND1,{}
medical_xpress,PLOSGenetics,{}
medical_xpress,FilipaCantGrade,{}
medical_xpress,physorg_health,{}
medical_xpress,sciencex_com,{}
medical_xpress,physorg_com,{}
CaringforKids,MohawkGardensPS,{}
atwal_brice,LeviandLucas,{}
atwal_brice,PrestonBarrie,{}
atwal_brice,Wortlee1853,{}
atwal_brice,LowderWendy,{}
atwal_brice,AtwalBrice,{}
TonyASDorAFC,mds49,{}
TonyASDorAFC,ricketts_lara,{}
