Dexitsofort,hilde_knef,{}
Dexitsofort,DieWeltUnter,{}
Wlmmarch,Mister_Carolus,{}
Wlmmarch,EuphemiaSigne,{}
NipperPB,Kevintyrrellcp,{}
NipperPB,JollyRedRum,{}
EuropaFlower,OluwapelumiAng3,{}
EuropaFlower,reveal321_truth,{}
EuropaFlower,Disside98657542,{}
EuropaFlower,SmallGermanBoy1,{}
EuropaFlower,BbcIntent,{}
EuropaFlower,Xm9L6XPuMItEqgC,{}
EuropaFlower,apple_gine,{}
EuropaFlower,EuropaInvicta3,{}
EuropaFlower,emmasanders_96,{}
EuropaFlower,saturn8148,{}
EuropaFlower,Europa_sam,{}
EuropaFlower,bejn565,{}
BrendaBstl,Rich_Kruse,{}
BrendaBstl,WarriorAngel84,{}
BrendaBstl,777_Shredder,{}
BrendaBstl,TerriB45160111,{}
BrendaBstl,ivory319,{}
JesseWBasedKing,JoeMitc92885002,{}
JesseWBasedKing,OpinadorProfes4,{}
Racy1Eva,azmaga123,{}
Racy1Eva,Raven5215,{}
Racy1Eva,TnNationalist,{}
Racy1Eva,FirstBrn1953,{}
Racy1Eva,AngelaRK888,{}
Racy1Eva,wierddeer,{}
Racy1Eva,LoveHerMo,{}
Racy1Eva,NormBourque,{}
OpinadorProfes4,omareivaj,{}
OpinadorProfes4,LeBlasE1,{}
OpinadorProfes4,carenero12,{}
OpinadorProfes4,Sufero1,{}
OpinadorProfes4,MiguelGomezdel6,{}
OpinadorProfes4,AgoizS,{}
OpinadorProfes4,GeorgesBrasse11,{}
OpinadorProfes4,POZI1972,{}
OpinadorProfes4,villaragro,{}
OpinadorProfes4,Hefesto1988,{}
OpinadorProfes4,MasAlLiquindoi,{}
OpinadorProfes4,alvaro1488,{}
OpinadorProfes4,Rubn40166001,{}
OpinadorProfes4,ooo09195206,{}
OpinadorProfes4,PereH7,{}
OpinadorProfes4,Adolfo_Aguile,{}
OpinadorProfes4,Fer46400784,{}
OpinadorProfes4,ATCoco2017,{}
OpinadorProfes4,uno_de_Iliberri,{}
OpinadorProfes4,DidiQuiros,{}
OpinadorProfes4,Isa76_bcn,{}
OpinadorProfes4,Joe11378149,{}
OpinadorProfes4,MinerCDF,{}
OpinadorProfes4,Carola25684027,{}
OpinadorProfes4,Jackie_yo_soy,{}
OpinadorProfes4,Ivanmatabmc,{}
OpinadorProfes4,luisroqui,{}
OpinadorProfes4,PrettyKittyFR,{}
OpinadorProfes4,AlamutDreams,{}
OpinadorProfes4,mma0307,{}
OpinadorProfes4,Lobobla84768621,{}
OpinadorProfes4,Hernand_LeBeau,{}
OpinadorProfes4,isabelmmallorca,{}
OpinadorProfes4,agssanchez8,{}
OpinadorProfes4,Lisariv11053642,{}
OpinadorProfes4,Cris38245378,{}
OpinadorProfes4,cuevas_dawson,{}
OpinadorProfes4,bullenri,{}
OpinadorProfes4,Olivia91328392,{}
OpinadorProfes4,Megg_ConSentido,{}
OpinadorProfes4,asemeyu,{}
OpinadorProfes4,____Belen__,{}
WildlifeFan81,JFSebastian146,{}
WildlifeFan81,idek3339,{}
JFSebastian146,James_TonyKnox,{}
idek3339,James_TonyKnox,{}
info899526,ar_evig,{}
suemitch2017,james69366397,{}
suemitch2017,adetweetsit,{}
suemitch2017,WendyGore16,{}
EdwinT_SA,Gavin1652,{}
butterflylocss,nattikinss,{}
GameVoice_,GameVoice_,{}
RiddhiTweets_,Rajkuma67427300,{}
RiddhiTweets_,Parveen74752156,{}
RiddhiTweets_,karthikamath,{}
